{
    "root_group": {
        "groups": {},
        "checks": {
                "messaging health": {
                    "id": "5283f4bcb8950a4997d5f15646378010",
                    "passes": 1200,
                    "fails": 0,
                    "name": "messaging health",
                    "path": "::messaging health"
                }
            },
        "name": "",
        "path": "",
        "id": "d41d8cd98f00b204e9800998ecf8427e"
    },
    "metrics": {
        "http_reqs": {
            "count": 1200,
            "rate": 19.97065877528304
        },
        "http_req_connecting": {
            "p(95)": 0,
            "avg": 0.04003999999999999,
            "min": 0,
            "med": 0,
            "max": 6.716,
            "p(90)": 0
        },
        "http_req_sending": {
            "avg": 0.03466916666666674,
            "min": 0.008,
            "med": 0.025,
            "max": 1.282,
            "p(90)": 0.052,
            "p(95)": 0.08104999999999996
        },
        "vus_max": {
            "value": 30,
            "min": 30,
            "max": 30
        },
        "http_req_duration": {
            "med": 48.1525,
            "max": 841.837,
            "p(90)": 171.6299,
            "p(95)": 279.3174499999999,
            "avg": 81.31675250000005,
            "min": 5.247,
            "thresholds": {
                "p(95)<500": false,
                "p(99)<2000": false,
                "p(100)<8000": false
            }
        },
        "http_req_failed": {
            "fails": 1200,
            "passes": 0,
            "thresholds": {
                "rate<0.02": false
            },
            "value": 0
        },
        "http_req_waiting": {
            "min": 5.144,
            "med": 48.058499999999995,
            "max": 841.703,
            "p(90)": 171.5094,
            "p(95)": 279.1534999999999,
            "avg": 81.20012666666665
        },
        "http_req_blocked": {
            "min": 0.002,
            "med": 0.007,
            "max": 50.154,
            "p(90)": 0.023,
            "p(95)": 0.05209999999999989,
            "avg": 0.26133499999999626
        },
        "http_req_receiving": {
            "min": 0.031,
            "med": 0.069,
            "max": 4.344,
            "p(90)": 0.112,
            "p(95)": 0.129,
            "avg": 0.08195666666666673
        },
        "data_received": {
            "count": 1262910,
            "rate": 21017.620561577256
        },
        "http_req_tls_handshaking": {
            "avg": 0.198345,
            "min": 0,
            "med": 0,
            "max": 35.311,
            "p(90)": 0,
            "p(95)": 0
        },
        "checks": {
            "fails": 0,
            "passes": 1200,
            "value": 1
        },
        "iteration_duration": {
            "avg": 182.63533786833358,
            "min": 105.834667,
            "med": 149.2112705,
            "max": 942.261833,
            "p(90)": 272.4060955,
            "p(95)": 380.2766121499999
        },
        "http_req_duration{expected_response:true}": {
            "max": 841.837,
            "p(90)": 171.6299,
            "p(95)": 279.3174499999999,
            "avg": 81.31675250000005,
            "min": 5.247,
            "med": 48.1525
        },
        "iterations": {
            "count": 1200,
            "rate": 19.97065877528304
        },
        "errors": {
            "passes": 0,
            "fails": 1200,
            "thresholds": {
                "rate<0.02": false
            },
            "value": 0
        },
        "vus": {
            "value": 2,
            "min": 2,
            "max": 13
        },
        "data_sent": {
            "rate": 4003.6178179748676,
            "count": 240570
        }
    }
}