{
  "metrics": {
    "vus_max": {
      "value": 23,
      "min": 14,
      "max": 23
    },
    "http_req_blocked": {
      "p(95)": 0.046,
      "avg": 0.20682645324346766,
      "min": 0.002,
      "med": 0.006,
      "max": 18.372,
      "p(90)": 0.018400000000000024
    },
    "http_reqs": {
      "count": 1187,
      "rate": 19.76318048880256
    },
    "data_received": {
      "count": 1235504,
      "rate": 20570.756989585105
    },
    "http_req_duration": {
      "p(95)": 596.4253999999983,
      "avg": 129.25122746419535,
      "min": 6.021,
      "med": 27.001,
      "max": 2260.72,
      "p(90)": 374.96400000000017,
      "thresholds": {
        "p(95)<500": true,
        "p(99)<2000": false,
        "p(100)<8000": false
      }
    },
    "dropped_iterations": {
      "count": 13,
      "rate": 0.2164459531208368
    },
    "http_req_waiting": {
      "p(90)": 374.84840000000014,
      "p(95)": 596.3514999999983,
      "avg": 129.13562931760737,
      "min": 5.954,
      "med": 26.933,
      "max": 2260.556
    },
    "checks": {
      "passes": 1186,
      "fails": 1,
      "value": 0.9991575400168492
    },
    "iterations": {
      "count": 1187,
      "rate": 19.76318048880256
    },
    "http_req_failed": {
      "passes": 1,
      "fails": 1186,
      "thresholds": {
        "rate<0.02": false
      },
      "value": 0.0008424599831508003
    },
    "http_req_connecting": {
      "avg": 0.03213732097725359,
      "min": 0,
      "med": 0,
      "max": 5.591,
      "p(90)": 0,
      "p(95)": 0
    },
    "http_req_sending": {
      "med": 0.022,
      "max": 1.854,
      "p(90)": 0.054,
      "p(95)": 0.085,
      "avg": 0.03429991575400169,
      "min": 0.01
    },
    "http_req_receiving": {
      "avg": 0.08129823083403538,
      "min": 0.018,
      "med": 0.065,
      "max": 0.949,
      "p(90)": 0.128,
      "p(95)": 0.169
    },
    "errors": {
      "passes": 1,
      "fails": 1186,
      "thresholds": {
        "rate<0.02": false
      },
      "value": 0.0008424599831508003
    },
    "vus": {
      "value": 2,
      "min": 2,
      "max": 17
    },
    "http_req_duration{expected_response:true}": {
      "max": 2260.72,
      "p(90)": 370.3715000000001,
      "p(95)": 573.1524999999998,
      "avg": 128.8422824620572,
      "min": 6.021,
      "med": 26.997
    },
    "data_sent": {
      "count": 227424,
      "rate": 3786.538803273322
    },
    "iteration_duration": {
      "med": 128.205792,
      "max": 2362.98375,
      "p(90)": 475.3060000000002,
      "p(95)": 697.3664953999984,
      "avg": 230.59876545661345,
      "min": 106.628459
    },
    "http_req_tls_handshaking": {
      "p(95)": 0,
      "avg": 0.15802274641954508,
      "min": 0,
      "med": 0,
      "max": 16.549,
      "p(90)": 0
    }
  },
  "root_group": {
    "path": "",
    "id": "d41d8cd98f00b204e9800998ecf8427e",
    "groups": {},
    "checks": {
      "messaging health": {
        "name": "messaging health",
        "path": "::messaging health",
        "id": "5283f4bcb8950a4997d5f15646378010",
        "passes": 1186,
        "fails": 1
      }
    },
    "name": ""
  },
  "k6_matrix_warning": "k6 thresholds crossed; metrics preserved (exit 99)",
  "k6_matrix_status": "thresholds_crossed_with_metrics",
  "k6_matrix_exit_code": 99
}
