service,protocol,p50,p95,p99,max,rps
event-layer,http3,31.3385,162.74904999999998,,697.462,179.08692322559907
