service,protocol,p50,p95,p99,max,rps
booking,http1.1,153.873,415.0977999999998,,1646.436,83.15565675382973
