service,protocol,p50,p95,p99,max,rps
analytics,http2,26.797,253.88799999999944,,1127.854,67.11327937376834
