service,protocol,p50,p95,p99,max,rps
event-layer,http3,73.13,309.47599999999994,,949.539,179.07321413094493
