service,protocol,p50,p95,p99,max,rps
auth,http3,39.171,174.7209999999998,,745.531,91.27542510069533
