service,protocol,p50,p95,p99,max,rps
booking,http1.1,24.538,148.85759999999996,,1445.73,101.6538033116961
