service,protocol,p50,p95,p99,max,rps
booking,http1.1,135.43200000000002,439.19674999999995,,823.169,45.186020352804505
