{
    "metrics": {
        "vus_max": {
            "min": 30,
            "max": 30,
            "value": 30
        },
        "http_req_failed": {
            "fails": 6453,
            "passes": 33,
            "thresholds": {
                "rate<0.08": false
            },
            "value": 0.005087881591119334
        },
        "data_received": {
            "count": 868911,
            "rate": 14453.241013849834
        },
        "data_sent": {
            "count": 294342,
            "rate": 4896.008758662956
        },
        "checks": {
            "passes": 6453,
            "fails": 33,
            "value": 0.9949121184088807
        },
        "http_req_tls_handshaking": {
            "min": 0,
            "med": 0,
            "max": 55.736,
            "p(90)": 0,
            "p(95)": 0,
            "avg": 0.17704979956830097
        },
        "http_req_waiting": {
            "avg": 227.0123512180075,
            "min": 15.061,
            "med": 146.197,
            "max": 5093.947,
            "p(90)": 387.505,
            "p(95)": 532.4539999999998
        },
        "http_req_duration{expected_response:true}": {
            "p(90)": 381.3634,
            "p(95)": 501.1479999999999,
            "avg": 204.62639841934032,
            "min": 15.131,
            "med": 145.729,
            "max": 3464.186
        },
        "http_req_sending": {
            "avg": 0.06240225100215817,
            "min": 0.016,
            "med": 0.053,
            "max": 1.429,
            "p(90)": 0.102,
            "p(95)": 0.116
        },
        "http_req_receiving": {
            "max": 12.584,
            "p(90)": 0.118,
            "p(95)": 0.174,
            "avg": 0.07462750539623779,
            "min": 0.011,
            "med": 0.049
        },
        "iterations": {
            "rate": 107.88644776718218,
            "count": 6486
        },
        "http_req_connecting": {
            "avg": 0.010113629355535,
            "min": 0,
            "med": 0,
            "max": 3.155,
            "p(90)": 0,
            "p(95)": 0
        },
        "http_reqs": {
            "count": 6486,
            "rate": 107.88644776718218
        },
        "vus": {
            "value": 30,
            "min": 30,
            "max": 30
        },
        "http_req_duration": {
            "med": 146.3495,
            "max": 5094.164,
            "p(90)": 387.5885,
            "p(95)": 532.6279999999999,
            "avg": 227.14938097440697,
            "min": 15.131,
            "thresholds": {
                "p(95)<600": false,
                "p(99)<2500": false,
                "p(100)<8000": false
            }
        },
        "iteration_duration": {
            "max": 5144.432459,
            "p(90)": 438.39143750000005,
            "p(95)": 584.2713855,
            "avg": 277.812008996763,
            "min": 65.501334,
            "med": 196.6645625
        },
        "http_req_blocked": {
            "p(95)": 0.001,
            "avg": 0.2010023126734401,
            "min": 0,
            "med": 0,
            "max": 61.078,
            "p(90)": 0.001
        }
    },
    "root_group": {
        "id": "d41d8cd98f00b204e9800998ecf8427e",
        "groups": {},
        "checks": {
                "200": {
                    "name": "200",
                    "path": "::200",
                    "id": "4230b0c1b1cb609da348fcf04ffd96f4",
                    "passes": 6453,
                    "fails": 33
                }
            },
        "name": "",
        "path": ""
    }
}