service,protocol,p50,p95,p99,max,rps
booking,http3,258.461,795.7529999999996,,1941.019,52.37872708053477
