service,protocol,p50,p95,p99,max,rps
listings,http2,328.8605,2066.23675,,12003.859,35.0900834138978
