service,protocol,p50,p95,p99,max,rps
trust,http3,20.435,297.8782499999999,,2039.041,66.1638414406837
