service,protocol,p50,p95,p99,max,rps
event-layer,http2,15.097,189.6315999999999,,4345.694,64.80577817448574
