{
  "metrics": {
    "http_req_waiting": {
      "med": 34.793,
      "max": 226224.857,
      "p(90)": 275.85460000000046,
      "p(95)": 416.4172999999998,
      "avg": 696.3231561386464,
      "min": 6.563
    },
    "http_req_sending": {
      "avg": 0.11313281503077413,
      "min": 0.023,
      "med": 0.09,
      "max": 18.345,
      "p(90)": 0.148,
      "p(95)": 0.174
    },
    "data_sent": {
      "count": 135299,
      "rate": 474.62993228819
    },
    "http_req_duration": {
      "avg": 696.5407784256563,
      "min": 6.638,
      "med": 35.144,
      "max": 226225.113,
      "p(90)": 276.03780000000046,
      "p(95)": 416.9473999999999,
      "thresholds": {
        "p(99)<4000": false,
        "p(100)<8000": true,
        "p(95)<1200": false
      }
    },
    "http_reqs": {
      "count": 3087,
      "rate": 10.829219735353865
    },
    "http_req_connecting": {
      "max": 1.779,
      "p(90)": 0,
      "p(95)": 0,
      "avg": 0.005335276967930029,
      "min": 0,
      "med": 0
    },
    "vus": {
      "value": 10,
      "min": 10,
      "max": 10
    },
    "http_req_duration{expected_response:true}": {
      "max": 226225.113,
      "p(90)": 276.03780000000046,
      "p(95)": 416.9473999999999,
      "avg": 696.5407784256563,
      "min": 6.638,
      "med": 35.144
    },
    "http_req_blocked": {
      "p(90)": 0.001,
      "p(95)": 0.001,
      "avg": 0.0973744735989499,
      "min": 0,
      "med": 0.001,
      "max": 35.027
    },
    "iterations": {
      "count": 3087,
      "rate": 10.829219735353865
    },
    "http_req_tls_handshaking": {
      "avg": 0.07558827340459993,
      "min": 0,
      "med": 0,
      "max": 28.653,
      "p(90)": 0,
      "p(95)": 0
    },
    "http_req_receiving": {
      "max": 6.39,
      "p(90)": 0.154,
      "p(95)": 0.24539999999999973,
      "avg": 0.10448947197926811,
      "min": 0.017,
      "med": 0.069
    },
    "checks": {
      "passes": 3087,
      "fails": 0,
      "value": 1
    },
    "vus_max": {
      "value": 10,
      "min": 10,
      "max": 10
    },
    "http_req_failed": {
      "passes": 0,
      "fails": 3087,
      "thresholds": {
        "rate<0.05": false
      },
      "value": 0
    },
    "iteration_duration": {
      "p(90)": 356.8902172000004,
      "p(95)": 500.4434839999996,
      "avg": 194.43955152445736,
      "min": 86.886166,
      "med": 115.536584,
      "max": 4109.955917
    },
    "data_received": {
      "count": 710930,
      "rate": 2493.947906205093
    }
  },
  "root_group": {
    "groups": {},
    "checks": {
      "200": {
        "fails": 0,
        "name": "200",
        "path": "::200",
        "id": "4230b0c1b1cb609da348fcf04ffd96f4",
        "passes": 3087
      }
    },
    "name": "",
    "path": "",
    "id": "d41d8cd98f00b204e9800998ecf8427e"
  },
  "k6_matrix_warning": "k6 thresholds crossed; metrics preserved (exit 99)",
  "k6_matrix_status": "thresholds_crossed_with_metrics",
  "k6_matrix_exit_code": 99
}
