service,protocol,p50,p95,p99,max,rps
event-layer,http2,90.704,358.8757999999999,,6182.273,192.25295549236876
