service,protocol,p50,p95,p99,max,rps
messaging,http1.1,48.1525,279.3174499999999,,841.837,19.97065877528304
