service,protocol,p50,p95,p99,max,rps
booking,http3,345.783,1029.7749499999998,,4260.066,77.88836834620693
