service,protocol,p50,p95,p99,max,rps
messaging,http3,11.793,449.8634999999975,,10895.07,17.150094449445955
