service,protocol,p50,p95,p99,max,rps
booking,http3,151.9765,481.43575,,1145.688,122.53859193762463
