service,protocol,p50,p95,p99,max,rps
booking,http2,156.577,520.4369999999998,,2184.877,111.5579336234258
