service,protocol,p50,p95,p99,max,rps
messaging,http2,189.385,632.2860499999999,,1280.991,19.918439145884694
