service,protocol,p50,p95,p99,max,rps
trust,http3,252.0285,1655.8036499999987,,3431.95,20.0711310320021
