service,protocol,p50,p95,p99,max,rps
event-layer,http2,14.588,110.25589999999998,,5255.16,98.84889389519118
