service,protocol,p50,p95,p99,max,rps
booking,http2,224.76749999999998,734.5644999999996,,6590.849,111.88980672412943
