service,protocol,p50,p95,p99,max,rps
media,http1.1,36.373,282.2880999999992,,5714.377,14.206694360737513
