service,protocol,p50,p95,p99,max,rps
trust,http2,195.7065,1296.9561499999993,,11964.402,57.637613657142346
