service,protocol,p50,p95,p99,max,rps
analytics,http2,1132.3305,6786.301749999998,,9880.02,4.034944726520218
