service,protocol,p50,p95,p99,max,rps
media,http1.1,9.963999999999999,27.68499999999999,,976.256,14.972421299047864
