service,protocol,p50,p95,p99,max,rps
listings,http3,205.3545,628.2259999999999,,4950.126,59.12120601867687
