service,protocol,p50,p95,p99,max,rps
media,http1.1,16.4195,152.08604999999977,,1045.38,14.842231868387417
