service,protocol,p50,p95,p99,max,rps
gateway,http1.1,20.207,143.54779999999994,,735.749,448.8253594170069
