{
  "root_group": {
    "name": "",
    "path": "",
    "id": "d41d8cd98f00b204e9800998ecf8427e",
    "groups": {},
    "checks": {
      "200": {
        "name": "200",
        "path": "::200",
        "id": "4230b0c1b1cb609da348fcf04ffd96f4",
        "passes": 5383,
        "fails": 50
      }
    }
  },
  "metrics": {
    "http_req_connecting": {
      "p(90)": 0,
      "p(95)": 0,
      "avg": 0.024561016013252352,
      "min": 0,
      "med": 0,
      "max": 3.252
    },
    "http_req_failed": {
      "passes": 50,
      "fails": 5383,
      "thresholds": {
        "rate<0.08": false
      },
      "value": 0.009203018590097553
    },
    "http_req_duration": {
      "avg": 506.7251857169133,
      "min": 88.705,
      "med": 378.024,
      "max": 7029.632,
      "p(90)": 822.6612,
      "p(95)": 1073.7523999999999,
      "thresholds": {
        "p(100)<8000": false,
        "p(95)<800": true,
        "p(99)<3000": false
      }
    },
    "vus_max": {
      "min": 50,
      "max": 50,
      "value": 50
    },
    "http_req_duration{expected_response:true}": {
      "max": 1405.169,
      "p(90)": 804.323,
      "p(95)": 1023.9003999999996,
      "avg": 448.6975554523505,
      "min": 88.705,
      "med": 374.964
    },
    "http_req_blocked": {
      "avg": 0.42434437695573823,
      "min": 0,
      "med": 0,
      "max": 71.79,
      "p(90)": 0.001,
      "p(95)": 0.001
    },
    "http_req_receiving": {
      "med": 0.049,
      "max": 4.277,
      "p(90)": 0.115,
      "p(95)": 0.17439999999999975,
      "avg": 0.06956377691882908,
      "min": 0.012
    },
    "data_received": {
      "count": 844960,
      "rate": 13886.056537923245
    },
    "http_reqs": {
      "count": 5433,
      "rate": 89.28581846541492
    },
    "http_req_waiting": {
      "min": 88.59,
      "med": 377.939,
      "max": 7029.386,
      "p(90)": 822.5404000000001,
      "p(95)": 1073.6303999999998,
      "avg": 506.5817988220134
    },
    "http_req_tls_handshaking": {
      "avg": 0.37563924167126816,
      "min": 0,
      "med": 0,
      "max": 66.712,
      "p(90)": 0,
      "p(95)": 0
    },
    "http_req_sending": {
      "avg": 0.07382311798269833,
      "min": 0.016,
      "med": 0.061,
      "max": 2.544,
      "p(90)": 0.119,
      "p(95)": 0.14
    },
    "iteration_duration": {
      "min": 139.720708,
      "med": 429.599791,
      "max": 7079.900083,
      "p(90)": 873.1988,
      "p(95)": 1124.7877659999997,
      "avg": 557.6173131892145
    },
    "checks": {
      "passes": 5383,
      "fails": 50,
      "value": 0.9907969814099025
    },
    "data_sent": {
      "count": 289971,
      "rate": 4765.377888134516
    },
    "iterations": {
      "count": 5433,
      "rate": 89.28581846541492
    },
    "vus": {
      "value": 50,
      "min": 50,
      "max": 50
    }
  },
  "k6_matrix_warning": "k6 thresholds crossed; metrics preserved (exit 99)",
  "k6_matrix_status": "thresholds_crossed_with_metrics",
  "k6_matrix_exit_code": 99
}
