service,protocol,p50,p95,p99,max,rps
analytics,http2,102.611,551.8395999999999,,13888.385,93.2201003039413
