service,protocol,p50,p95,p99,max,rps
event-layer,http1.1,10.073,58.91124999999997,,5050.787,115.9006897421702
