service,protocol,p50,p95,p99,max,rps
listings,http1.1,80.3325,401.80554999999913,,1706.366,169.17339740481603
