service,protocol,p50,p95,p99,max,rps
listings,http1.1,61.077,350.8874999999999,,12001.596,77.4675902881193
