{
    "metrics": {
        "http_req_duration": {
            "p(90)": 147.46200000000005,
            "p(95)": 224.66349999999997,
            "avg": 94.08189941690964,
            "min": 2.019,
            "med": 26.711,
            "max": 2865.814,
            "thresholds": {
                "p(95)<2500": false,
                "p(99)<6000": false,
                "p(100)<15000": false
            }
        },
        "http_reqs": {
            "count": 686,
            "rate": 64.40342757670274
        },
        "vus_max": {
            "value": 10,
            "min": 10,
            "max": 10
        },
        "http_req_failed": {
            "passes": 0,
            "fails": 686,
            "thresholds": {
                "rate<0.15": false
            },
            "value": 0
        },
        "http_req_duration{expected_response:true}": {
            "avg": 94.08189941690964,
            "min": 2.019,
            "med": 26.711,
            "max": 2865.814,
            "p(90)": 147.46200000000005,
            "p(95)": 224.66349999999997
        },
        "http_req_connecting": {
            "p(95)": 0,
            "avg": 0.03613411078717201,
            "min": 0,
            "med": 0,
            "max": 3.195,
            "p(90)": 0
        },
        "event_layer_adversarial_accepted": {
            "passes": 221,
            "fails": 0,
            "thresholds": {
                "rate>0.70": false
            },
            "value": 1
        },
        "checks": {
            "passes": 686,
            "fails": 0,
            "value": 1
        },
        "http_req_sending": {
            "min": 0.027,
            "med": 0.1,
            "max": 0.988,
            "p(90)": 0.172,
            "p(95)": 0.19674999999999998,
            "avg": 0.1086749271137025
        },
        "iteration_duration": {
            "med": 94.19399999999999,
            "max": 2948.748625,
            "p(90)": 215.70768800000002,
            "p(95)": 296.4847392499998,
            "avg": 154.3089385335277,
            "min": 26.976042
        },
        "data_received": {
            "count": 105523,
            "rate": 9906.768058566186
        },
        "http_req_blocked": {
            "avg": 0.3984285714285569,
            "min": 0,
            "med": 0.001,
            "max": 32.472,
            "p(90)": 0.001,
            "p(95)": 0.001
        },
        "http_req_tls_handshaking": {
            "med": 0,
            "max": 27.391,
            "p(90)": 0,
            "p(95)": 0,
            "avg": 0.32192565597667633,
            "min": 0
        },
        "http_req_waiting": {
            "p(90)": 147.23150000000004,
            "p(95)": 224.43624999999997,
            "avg": 93.88836880466467,
            "min": 1.913,
            "med": 26.570999999999998,
            "max": 2865.552
        },
        "data_sent": {
            "count": 457997,
            "rate": 42997.92510181797
        },
        "iterations": {
            "count": 686,
            "rate": 64.40342757670274
        },
        "vus": {
            "value": 10,
            "min": 10,
            "max": 10
        },
        "http_req_receiving": {
            "p(90)": 0.12,
            "p(95)": 0.20449999999999982,
            "avg": 0.08485568513119533,
            "min": 0.016,
            "med": 0.063,
            "max": 2.68
        }
    },
    "root_group": {
        "checks": {
            "gw": {
                "name": "gw",
                "path": "::gw",
                "id": "4bed004c615ee0454c506a21f65ee38c",
                "passes": 118,
                "fails": 0
            },
            "msg": {
                "passes": 234,
                "fails": 0,
                "name": "msg",
                "path": "::msg",
                "id": "e4e5993c90ae2728fc677fea56e9a3e2"
            },
            "book": {
                "id": "c32672b9a002ce46d620b0d99dc456c3",
                "passes": 113,
                "fails": 0,
                "name": "book",
                "path": "::book"
            },
            "long_q": {
                "name": "long_q",
                "path": "::long_q",
                "id": "3fc9e807932e8b458afd34be1f335357",
                "passes": 113,
                "fails": 0
            },
            "bad_json": {
                "name": "bad_json",
                "path": "::bad_json",
                "id": "922dc211d6d29f52a417f71333d4ff40",
                "passes": 108,
                "fails": 0
            }
        },
        "name": "",
        "path": "",
        "id": "d41d8cd98f00b204e9800998ecf8427e",
        "groups": {}
    }
}