{
    "metrics": {
        "vus_max": {
            "value": 5,
            "min": 5,
            "max": 5
        },
        "http_req_tls_handshaking": {
            "avg": 0.11271532846715328,
            "min": 0,
            "med": 0,
            "max": 24.397,
            "p(90)": 0,
            "p(95)": 0
        },
        "iteration_duration": {
            "avg": 114.829752051095,
            "min": 87.930166,
            "med": 98.870959,
            "max": 1193.26875,
            "p(90)": 122.2514086,
            "p(95)": 175.49203749999992
        },
        "vus": {
            "value": 5,
            "min": 5,
            "max": 5
        },
        "data_sent": {
            "count": 45403,
            "rate": 2054.4372709301083
        },
        "http_req_failed": {
            "fails": 959,
            "passes": 0,
            "thresholds": {
                "rate<0.05": false
            },
            "value": 0
        },
        "http_req_blocked": {
            "p(90)": 0.001,
            "p(95)": 0.001,
            "avg": 0.13603753910323416,
            "min": 0,
            "med": 0,
            "max": 28.565
        },
        "http_req_waiting": {
            "min": 7.492,
            "med": 18.087,
            "max": 1086.462,
            "p(90)": 41.23640000000001,
            "p(95)": 94.40529999999994,
            "avg": 33.95532012513037
        },
        "checks": {
            "passes": 959,
            "fails": 0,
            "value": 1
        },
        "http_req_connecting": {
            "p(90)": 0,
            "p(95)": 0,
            "avg": 0.005656934306569342,
            "min": 0,
            "med": 0,
            "max": 1.138
        },
        "http_reqs": {
            "count": 959,
            "rate": 43.3937260273985
        },
        "data_received": {
            "count": 222728,
            "rate": 10078.204182096364
        },
        "http_req_sending": {
            "p(95)": 0.13709999999999997,
            "avg": 0.07384150156412919,
            "min": 0.02,
            "med": 0.06,
            "max": 1.785,
            "p(90)": 0.111
        },
        "iterations": {
            "count": 959,
            "rate": 43.3937260273985
        },
        "http_req_duration{expected_response:true}": {
            "avg": 34.09432533889472,
            "min": 7.556,
            "med": 18.196,
            "max": 1086.959,
            "p(90)": 41.37780000000001,
            "p(95)": 94.59439999999995
        },
        "http_req_duration": {
            "max": 1086.959,
            "p(90)": 41.37780000000001,
            "p(95)": 94.59439999999995,
            "avg": 34.09432533889472,
            "min": 7.556,
            "med": 18.196,
            "thresholds": {
                "p(95)<1200": false,
                "p(99)<4000": false,
                "p(100)<8000": false
            }
        },
        "http_req_receiving": {
            "avg": 0.06516371220020849,
            "min": 0.013,
            "med": 0.044,
            "max": 4.201,
            "p(90)": 0.10320000000000001,
            "p(95)": 0.14649999999999977
        }
    },
    "root_group": {
        "groups": {},
        "checks": {
                "200": {
                    "name": "200",
                    "path": "::200",
                    "id": "4230b0c1b1cb609da348fcf04ffd96f4",
                    "passes": 959,
                    "fails": 0
                }
            },
        "name": "",
        "path": "",
        "id": "d41d8cd98f00b204e9800998ecf8427e"
    }
}