{
    "root_group": {
        "id": "d41d8cd98f00b204e9800998ecf8427e",
        "groups": {},
        "checks": {
                "200": {
                    "name": "200",
                    "path": "::200",
                    "id": "4230b0c1b1cb609da348fcf04ffd96f4",
                    "passes": 172,
                    "fails": 0
                },
                "analysis or model field": {
                    "id": "968337cfe5f26725c8016a6f6ff83351",
                    "passes": 172,
                    "fails": 0,
                    "name": "analysis or model field",
                    "path": "::analysis or model field"
                }
            },
        "name": "",
        "path": ""
    },
    "metrics": {
        "http_req_failed": {
            "passes": 0,
            "fails": 172,
            "thresholds": {
                "rate<0.15": false
            },
            "value": 0
        },
        "http_req_tls_handshaking": {
            "p(95)": 0,
            "avg": 0.15209302325581395,
            "min": 0,
            "med": 0,
            "max": 13.304,
            "p(90)": 0
        },
        "data_received": {
            "rate": 1049.3036811095074,
            "count": 47710
        },
        "vus_max": {
            "value": 2,
            "min": 2,
            "max": 2
        },
        "checks": {
            "passes": 344,
            "fails": 0,
            "value": 1
        },
        "http_req_waiting": {
            "avg": 25.970058139534885,
            "min": 11.222,
            "med": 17.2015,
            "max": 387.525,
            "p(90)": 39.5024,
            "p(95)": 57.22434999999999
        },
        "http_req_blocked": {
            "avg": 0.21064534883720873,
            "min": 0,
            "med": 0,
            "max": 18.088,
            "p(90)": 0.001,
            "p(95)": 0.001
        },
        "iterations": {
            "count": 172,
            "rate": 3.7828596342660923
        },
        "http_req_connecting": {
            "med": 0,
            "max": 1.122,
            "p(90)": 0,
            "p(95)": 0,
            "avg": 0.012633720930232559,
            "min": 0
        },
        "http_req_duration": {
            "med": 17.401,
            "max": 389.512,
            "p(90)": 39.7401,
            "p(95)": 57.37249999999998,
            "avg": 26.241796511627907,
            "min": 11.4,
            "thresholds": {
                "p(95)<120000": false,
                "p(99)<180000": false
            }
        },
        "vus": {
            "value": 2,
            "min": 2,
            "max": 2
        },
        "http_req_duration{expected_response:true}": {
            "avg": 26.241796511627907,
            "min": 11.4,
            "med": 17.401,
            "max": 389.512,
            "p(90)": 39.7401,
            "p(95)": 57.37249999999998
        },
        "data_sent": {
            "count": 35568,
            "rate": 782.2601829742813
        },
        "http_req_sending": {
            "p(95)": 0.34554999999999925,
            "avg": 0.1949593023255814,
            "min": 0.09,
            "med": 0.1475,
            "max": 2.359,
            "p(90)": 0.2214
        },
        "http_req_receiving": {
            "p(95)": 0.12514999999999996,
            "avg": 0.07677906976744185,
            "min": 0.039,
            "med": 0.0595,
            "max": 0.997,
            "p(90)": 0.104
        },
        "http_reqs": {
            "count": 172,
            "rate": 3.7828596342660923
        },
        "iteration_duration": {
            "p(90)": 541.1271081,
            "p(95)": 558.50922485,
            "avg": 527.4924348255817,
            "min": 511.911375,
            "med": 518.5351455,
            "max": 910.294291
        }
    }
}