{
    "metrics": {
        "http_req_receiving": {
            "avg": 0.0552960893854749,
            "min": 0.015,
            "med": 0.042,
            "max": 1.098,
            "p(90)": 0.093,
            "p(95)": 0.121
        },
        "data_received": {
            "rate": 17300.94835875488,
            "count": 381732
        },
        "vus": {
            "min": 5,
            "max": 5,
            "value": 5
        },
        "http_req_failed": {
            "fails": 1432,
            "passes": 0,
            "thresholds": {
                "rate<0.08": false
            },
            "value": 0
        },
        "iteration_duration": {
            "p(90)": 88.08481660000001,
            "p(95)": 103.23954404999999,
            "avg": 76.89774784636873,
            "min": 62.356334,
            "med": 71.8347085,
            "max": 313.914834
        },
        "http_req_duration{expected_response:true}": {
            "med": 21.2495,
            "max": 245.389,
            "p(90)": 37.74960000000002,
            "p(95)": 52.62974999999999,
            "avg": 26.298504888268138,
            "min": 12.107
        },
        "http_req_waiting": {
            "avg": 26.180181564245768,
            "min": 12.033,
            "med": 21.112499999999997,
            "max": 243.658,
            "p(90)": 37.56650000000002,
            "p(95)": 52.44484999999999
        },
        "http_req_sending": {
            "p(95)": 0.10844999999999994,
            "avg": 0.06302723463687174,
            "min": 0.02,
            "med": 0.054,
            "max": 2.067,
            "p(90)": 0.088
        },
        "http_req_blocked": {
            "min": 0,
            "med": 0,
            "max": 20.057,
            "p(90)": 0.001,
            "p(95)": 0.001,
            "avg": 0.05965363128491778
        },
        "checks": {
            "passes": 1432,
            "fails": 0,
            "value": 1
        },
        "http_req_connecting": {
            "p(90)": 0,
            "p(95)": 0,
            "avg": 0.0034134078212290503,
            "min": 0,
            "med": 0,
            "max": 0.995
        },
        "iterations": {
            "count": 1432,
            "rate": 64.90144407525958
        },
        "vus_max": {
            "value": 5,
            "min": 5,
            "max": 5
        },
        "http_req_tls_handshaking": {
            "avg": 0.04748114525139664,
            "min": 0,
            "med": 0,
            "max": 16.891,
            "p(90)": 0,
            "p(95)": 0
        },
        "data_sent": {
            "count": 63779,
            "rate": 2890.6069844106005
        },
        "http_req_duration": {
            "avg": 26.298504888268138,
            "min": 12.107,
            "med": 21.2495,
            "max": 245.389,
            "p(90)": 37.74960000000002,
            "p(95)": 52.62974999999999,
            "thresholds": {
                "p(100)<8000": false,
                "p(95)<800": false,
                "p(99)<3000": false
            }
        },
        "http_reqs": {
            "count": 1432,
            "rate": 64.90144407525958
        }
    },
    "root_group": {
        "name": "",
        "path": "",
        "id": "d41d8cd98f00b204e9800998ecf8427e",
        "groups": {},
        "checks": {
                "200": {
                    "passes": 1432,
                    "fails": 0,
                    "name": "200",
                    "path": "::200",
                    "id": "4230b0c1b1cb609da348fcf04ffd96f4"
                }
            }
    }
}