{
    "root_group": {
        "groups": {},
        "checks": {
                "200": {
                    "fails": 0,
                    "name": "200",
                    "path": "::200",
                    "id": "4230b0c1b1cb609da348fcf04ffd96f4",
                    "passes": 1474
                }
            },
        "name": "",
        "path": "",
        "id": "d41d8cd98f00b204e9800998ecf8427e"
    },
    "metrics": {
        "http_req_receiving": {
            "avg": 0.04811601085481684,
            "min": 0.013,
            "med": 0.038,
            "max": 0.555,
            "p(90)": 0.08,
            "p(95)": 0.10934999999999993
        },
        "data_received": {
            "count": 181534,
            "rate": 8237.25680934735
        },
        "iteration_duration": {
            "avg": 74.67882013500686,
            "min": 56.803833,
            "med": 65.2653125,
            "max": 1271.065083,
            "p(90)": 90.2591838,
            "p(95)": 102.7411794
        },
        "data_sent": {
            "count": 63783,
            "rate": 2894.2068762358676
        },
        "http_req_duration{expected_response:true}": {
            "avg": 24.15354477611936,
            "min": 6.654,
            "med": 14.843,
            "max": 1201.227,
            "p(90)": 39.9244,
            "p(95)": 52.488949999999996
        },
        "iterations": {
            "count": 1474,
            "rate": 66.88398061508033
        },
        "checks": {
            "passes": 1474,
            "fails": 0,
            "value": 1
        },
        "http_req_duration": {
            "min": 6.654,
            "med": 14.843,
            "max": 1201.227,
            "p(90)": 39.9244,
            "p(95)": 52.488949999999996,
            "avg": 24.15354477611936,
            "thresholds": {
                "p(95)<800": false,
                "p(99)<3000": false,
                "p(100)<8000": false
            }
        },
        "http_req_failed": {
            "passes": 0,
            "fails": 1474,
            "thresholds": {
                "rate<0.08": false
            },
            "value": 0
        },
        "vus_max": {
            "min": 5,
            "max": 5,
            "value": 5
        },
        "http_reqs": {
            "count": 1474,
            "rate": 66.88398061508033
        },
        "http_req_waiting": {
            "avg": 24.045065128900944,
            "min": 6.562,
            "med": 14.720500000000001,
            "max": 1201.123,
            "p(90)": 39.8485,
            "p(95)": 52.420899999999996
        },
        "http_req_blocked": {
            "p(95)": 0.001,
            "avg": 0.06492469470827819,
            "min": 0,
            "med": 0,
            "max": 21.728,
            "p(90)": 0.001
        },
        "vus": {
            "value": 5,
            "min": 5,
            "max": 5
        },
        "http_req_tls_handshaking": {
            "max": 17.358,
            "p(90)": 0,
            "p(95)": 0,
            "avg": 0.049447082767978295,
            "min": 0,
            "med": 0
        },
        "http_req_connecting": {
            "med": 0,
            "max": 1.049,
            "p(90)": 0,
            "p(95)": 0,
            "avg": 0.003313432835820896,
            "min": 0
        },
        "http_req_sending": {
            "p(95)": 0.1,
            "avg": 0.06036363636363649,
            "min": 0.019,
            "med": 0.052,
            "max": 1.223,
            "p(90)": 0.088
        }
    }
}