{
    "root_group": {
        "path": "",
        "id": "d41d8cd98f00b204e9800998ecf8427e",
        "groups": {},
        "checks": {
                "200": {
                    "path": "::200",
                    "id": "4230b0c1b1cb609da348fcf04ffd96f4",
                    "passes": 1918,
                    "fails": 0,
                    "name": "200"
                }
            },
        "name": ""
    },
    "metrics": {
        "http_req_sending": {
            "p(95)": 0.127,
            "avg": 0.07437330552659037,
            "min": 0.015,
            "med": 0.054,
            "max": 7.105,
            "p(90)": 0.096
        },
        "http_req_receiving": {
            "avg": 0.0495761209593328,
            "min": 0.012,
            "med": 0.034,
            "max": 2.053,
            "p(90)": 0.081,
            "p(95)": 0.118
        },
        "data_received": {
            "count": 196786,
            "rate": 8933.815376017583
        },
        "http_req_connecting": {
            "p(95)": 0,
            "avg": 0.08606934306569343,
            "min": 0,
            "med": 0,
            "max": 33.04,
            "p(90)": 0
        },
        "http_req_tls_handshaking": {
            "max": 87.323,
            "p(90)": 0,
            "p(95)": 0,
            "avg": 0.17793378519290928,
            "min": 0,
            "med": 0
        },
        "vus": {
            "value": 5,
            "min": 5,
            "max": 5
        },
        "iteration_duration": {
            "p(90)": 60.2080921,
            "p(95)": 66.26869114999997,
            "avg": 57.38166930552657,
            "min": 51.624375,
            "med": 54.7440835,
            "max": 464.048541
        },
        "http_req_waiting": {
            "p(90)": 9.654500000000002,
            "p(95)": 15.182749999999984,
            "avg": 6.421888425443171,
            "min": 1.515,
            "med": 4.036,
            "max": 286.567
        },
        "data_sent": {
            "count": 80006,
            "rate": 3632.163024674838
        },
        "http_req_blocked": {
            "avg": 0.31770281543273476,
            "min": 0,
            "med": 0,
            "max": 143.603,
            "p(90)": 0.001,
            "p(95)": 0.001
        },
        "iterations": {
            "count": 1918,
            "rate": 87.074577923235
        },
        "vus_max": {
            "value": 5,
            "min": 5,
            "max": 5
        },
        "http_req_duration": {
            "min": 1.546,
            "med": 4.153499999999999,
            "max": 288.322,
            "p(90)": 9.755200000000006,
            "p(95)": 15.379449999999986,
            "avg": 6.545837851929095,
            "thresholds": {
                "p(50)<250": false,
                "p(95)<500": false,
                "p(99)<1000": false,
                "p(100)<4000": false
            }
        },
        "checks": {
            "passes": 1918,
            "fails": 0,
            "value": 1
        },
        "http_req_duration{expected_response:true}": {
            "avg": 6.545837851929095,
            "min": 1.546,
            "med": 4.153499999999999,
            "max": 288.322,
            "p(90)": 9.755200000000006,
            "p(95)": 15.379449999999986
        },
        "http_reqs": {
            "rate": 87.074577923235,
            "count": 1918
        },
        "http_req_failed": {
            "fails": 1918,
            "passes": 0,
            "thresholds": {
                "rate<0.05": false
            },
            "value": 0
        }
    }
}