{
    "root_group": {
        "checks": {
            "200": {
                "name": "200",
                "path": "::200",
                "id": "4230b0c1b1cb609da348fcf04ffd96f4",
                "passes": 1154,
                "fails": 0
            }
        },
        "name": "",
        "path": "",
        "id": "d41d8cd98f00b204e9800998ecf8427e",
        "groups": {}
    },
    "metrics": {
        "data_sent": {
            "count": 51768,
            "rate": 2340.3555452520277
        },
        "http_req_sending": {
            "p(90)": 0.094,
            "p(95)": 0.11234999999999995,
            "avg": 0.0637998266897747,
            "min": 0.02,
            "med": 0.053,
            "max": 2.696
        },
        "vus": {
            "value": 5,
            "min": 5,
            "max": 5
        },
        "data_received": {
            "count": 145602,
            "rate": 6582.453409437987
        },
        "http_req_duration": {
            "p(90)": 55.761100000000006,
            "p(95)": 127.62769999999998,
            "avg": 45.146740901213185,
            "min": 6.38,
            "med": 14.6905,
            "max": 2224.69,
            "thresholds": {
                "p(100)<8000": false,
                "p(95)<600": false,
                "p(99)<2500": false
            }
        },
        "http_req_tls_handshaking": {
            "med": 0,
            "max": 17.363,
            "p(90)": 0,
            "p(95)": 0,
            "avg": 0.06259012131715772,
            "min": 0
        },
        "http_req_duration{expected_response:true}": {
            "min": 6.38,
            "med": 14.6905,
            "max": 2224.69,
            "p(90)": 55.761100000000006,
            "p(95)": 127.62769999999998,
            "avg": 45.146740901213185
        },
        "checks": {
            "passes": 1154,
            "fails": 0,
            "value": 1
        },
        "iterations": {
            "rate": 52.17065173892829,
            "count": 1154
        },
        "http_req_connecting": {
            "avg": 0.003967071057192375,
            "min": 0,
            "med": 0,
            "max": 0.968,
            "p(90)": 0,
            "p(95)": 0
        },
        "http_req_receiving": {
            "avg": 0.05324523396880409,
            "min": 0.015,
            "med": 0.039,
            "max": 0.988,
            "p(90)": 0.09370000000000002,
            "p(95)": 0.131
        },
        "vus_max": {
            "value": 5,
            "min": 5,
            "max": 5
        },
        "http_req_failed": {
            "passes": 0,
            "fails": 1154,
            "thresholds": {
                "rate<0.08": false
            },
            "value": 0
        },
        "http_req_waiting": {
            "min": 6.292,
            "med": 14.6015,
            "max": 2224.588,
            "p(90)": 55.6328,
            "p(95)": 127.50339999999997,
            "avg": 45.029695840554666
        },
        "iteration_duration": {
            "avg": 95.74969996187184,
            "min": 57.024875,
            "med": 65.138458,
            "max": 2275.853209,
            "p(90)": 106.3136332,
            "p(95)": 177.96300394999997
        },
        "http_reqs": {
            "count": 1154,
            "rate": 52.17065173892829
        },
        "http_req_blocked": {
            "max": 20.856,
            "p(90)": 0.001,
            "p(95)": 0.001,
            "avg": 0.07927556325823379,
            "min": 0,
            "med": 0
        }
    }
}