{
    "root_group": {
        "name": "",
        "path": "",
        "id": "d41d8cd98f00b204e9800998ecf8427e",
        "groups": {},
        "checks": {
                "media health": {
                    "name": "media health",
                    "path": "::media health",
                    "id": "841f137838968c18a16538aa00c03cc0",
                    "passes": 330,
                    "fails": 0
                }
            }
    },
    "metrics": {
        "http_req_tls_handshaking": {
            "min": 0,
            "med": 0,
            "max": 14.905,
            "p(90)": 0,
            "p(95)": 0,
            "avg": 0.09586666666666666
        },
        "checks": {
            "passes": 330,
            "fails": 0,
            "value": 1
        },
        "data_sent": {
            "count": 21095,
            "rate": 956.8236014613569
        },
        "http_req_duration": {
            "avg": 12.860666666666674,
            "min": 7.989,
            "med": 11.1145,
            "max": 71.878,
            "p(90)": 18.508700000000005,
            "p(95)": 22.16019999999999,
            "thresholds": {
                "p(95)<600": false,
                "p(99)<2500": false,
                "p(100)<10000": false
            }
        },
        "http_req_waiting": {
            "med": 10.9535,
            "max": 71.719,
            "p(90)": 18.341700000000003,
            "p(95)": 22.000749999999986,
            "avg": 12.679509090909095,
            "min": 7.84
        },
        "http_req_sending": {
            "p(95)": 0.16674999999999993,
            "avg": 0.10965757575757584,
            "min": 0.055,
            "med": 0.093,
            "max": 1.73,
            "p(90)": 0.13720000000000002
        },
        "vus_max": {
            "value": 5,
            "min": 5,
            "max": 5
        },
        "data_received": {
            "count": 61093,
            "rate": 2771.0464225683186
        },
        "http_req_failed": {
            "passes": 0,
            "fails": 330,
            "thresholds": {
                "rate<0.05": false
            },
            "value": 0
        },
        "vus": {
            "min": 1,
            "max": 2,
            "value": 1
        },
        "http_req_duration{expected_response:true}": {
            "med": 11.1145,
            "max": 71.878,
            "p(90)": 18.508700000000005,
            "p(95)": 22.16019999999999,
            "avg": 12.860666666666674,
            "min": 7.989
        },
        "http_req_connecting": {
            "min": 0,
            "med": 0,
            "max": 0.577,
            "p(90)": 0,
            "p(95)": 0,
            "avg": 0.00803939393939394
        },
        "iteration_duration": {
            "min": 108.291084,
            "med": 112.0993335,
            "max": 172.905792,
            "p(90)": 119.3575833,
            "p(95)": 123.49954129999999,
            "avg": 113.95561250303032
        },
        "http_reqs": {
            "rate": 14.968086678466356,
            "count": 330
        },
        "errors": {
            "passes": 0,
            "fails": 330,
            "thresholds": {
                "rate<0.05": false
            },
            "value": 0
        },
        "iterations": {
            "count": 330,
            "rate": 14.968086678466356
        },
        "http_req_blocked": {
            "med": 0,
            "max": 18.687,
            "p(90)": 0.001,
            "p(95)": 0.001,
            "avg": 0.11563333333333262,
            "min": 0
        },
        "http_req_receiving": {
            "avg": 0.07149999999999994,
            "min": 0.034,
            "med": 0.051,
            "max": 1.809,
            "p(90)": 0.08410000000000001,
            "p(95)": 0.10609999999999997
        }
    }
}