{
    "metrics": {
        "vus_max": {
            "value": 6,
            "min": 6,
            "max": 6
        },
        "http_req_connecting": {
            "p(90)": 0,
            "p(95)": 0,
            "avg": 0.013329545454545457,
            "min": 0,
            "med": 0,
            "max": 1.383
        },
        "http_req_receiving": {
            "med": 0.047,
            "max": 1.202,
            "p(90)": 0.10510000000000001,
            "p(95)": 0.14604999999999996,
            "avg": 0.06789545454545458,
            "min": 0.032
        },
        "vus": {
            "value": 2,
            "min": 2,
            "max": 2
        },
        "http_req_duration": {
            "p(90)": 16.025100000000002,
            "p(95)": 19.88574999999999,
            "avg": 11.607320454545453,
            "min": 6.446,
            "med": 9.2635,
            "max": 152.288,
            "thresholds": {
                "p(95)<500": false,
                "p(99)<2000": false,
                "p(100)<8000": false
            }
        },
        "http_req_duration{expected_response:true}": {
            "p(90)": 16.025100000000002,
            "p(95)": 19.88574999999999,
            "avg": 11.607320454545453,
            "min": 6.446,
            "med": 9.2635,
            "max": 152.288
        },
        "iteration_duration": {
            "min": 107.028125,
            "med": 109.9451875,
            "max": 277.746292,
            "p(90)": 117.2792247,
            "p(95)": 121.38466039999999,
            "avg": 112.46334887272721
        },
        "http_req_tls_handshaking": {
            "p(90)": 0,
            "p(95)": 0,
            "avg": 0.10735227272727273,
            "min": 0,
            "med": 0,
            "max": 16.738
        },
        "iterations": {
            "count": 440,
            "rate": 19.897236201538018
        },
        "http_req_failed": {
            "passes": 0,
            "fails": 440,
            "thresholds": {
                "rate<0.02": false
            },
            "value": 0
        },
        "http_req_waiting": {
            "avg": 11.431129545454544,
            "min": 6.339,
            "med": 9.099499999999999,
            "max": 149.63,
            "p(90)": 15.598600000000003,
            "p(95)": 19.7294
        },
        "dropped_iterations": {
            "count": 1,
            "rate": 0.04522099136713186
        },
        "data_sent": {
            "count": 26960,
            "rate": 1219.157927257875
        },
        "checks": {
            "passes": 440,
            "fails": 0,
            "value": 1
        },
        "data_received": {
            "count": 61664,
            "rate": 2788.507211662819
        },
        "http_reqs": {
            "count": 440,
            "rate": 19.897236201538018
        },
        "http_req_sending": {
            "p(95)": 0.17429999999999987,
            "avg": 0.10829545454545471,
            "min": 0.047,
            "med": 0.08,
            "max": 2.564,
            "p(90)": 0.149
        },
        "errors": {
            "passes": 0,
            "fails": 440,
            "thresholds": {
                "rate<0.02": false
            },
            "value": 0
        },
        "http_req_blocked": {
            "avg": 0.1335409090909083,
            "min": 0,
            "med": 0,
            "max": 23.101,
            "p(90)": 0.001,
            "p(95)": 0.001
        }
    },
    "root_group": {
        "name": "",
        "path": "",
        "id": "d41d8cd98f00b204e9800998ecf8427e",
        "groups": {},
        "checks": {
                "messaging health": {
                    "name": "messaging health",
                    "path": "::messaging health",
                    "id": "5283f4bcb8950a4997d5f15646378010",
                    "passes": 440,
                    "fails": 0
                }
            }
    }
}