{
    "root_group": {
        "name": "",
        "path": "",
        "id": "d41d8cd98f00b204e9800998ecf8427e",
        "groups": {},
        "checks": {
                "200": {
                    "passes": 1043,
                    "fails": 0,
                    "name": "200",
                    "path": "::200",
                    "id": "4230b0c1b1cb609da348fcf04ffd96f4"
                }
            }
    },
    "metrics": {
        "http_reqs": {
            "rate": 47.31040570373888,
            "count": 1043
        },
        "iterations": {
            "rate": 47.31040570373888,
            "count": 1043
        },
        "data_sent": {
            "count": 48131,
            "rate": 2183.218731473304
        },
        "iteration_duration": {
            "min": 87.035167,
            "med": 96.729042,
            "max": 739.474042,
            "p(90)": 112.8147914,
            "p(95)": 142.60043399999998,
            "avg": 105.6288336883989
        },
        "http_req_duration{expected_response:true}": {
            "p(90)": 32.076,
            "p(95)": 61.9713,
            "avg": 24.913088207094916,
            "min": 6.768,
            "med": 16.195,
            "max": 618.02
        },
        "http_req_duration": {
            "p(95)": 61.9713,
            "avg": 24.913088207094916,
            "min": 6.768,
            "med": 16.195,
            "max": 618.02,
            "p(90)": 32.076,
            "thresholds": {
                "p(95)<800": false,
                "p(99)<2000": false,
                "p(100)<5000": false
            }
        },
        "http_req_sending": {
            "avg": 0.06844295302013413,
            "min": 0.021,
            "med": 0.057,
            "max": 1.845,
            "p(90)": 0.096,
            "p(95)": 0.12089999999999995
        },
        "http_req_blocked": {
            "max": 37.257,
            "p(90)": 0.001,
            "p(95)": 0.001,
            "avg": 0.1684563758389278,
            "min": 0,
            "med": 0
        },
        "vus_max": {
            "value": 5,
            "min": 5,
            "max": 5
        },
        "checks": {
            "passes": 1043,
            "fails": 0,
            "value": 1
        },
        "http_req_failed": {
            "fails": 1043,
            "passes": 0,
            "thresholds": {
                "rate<0.05": false
            },
            "value": 0
        },
        "http_req_connecting": {
            "avg": 0.008418024928092044,
            "min": 0,
            "med": 0,
            "max": 2.588,
            "p(90)": 0,
            "p(95)": 0
        },
        "http_req_tls_handshaking": {
            "avg": 0.14204026845637585,
            "min": 0,
            "med": 0,
            "max": 32.639,
            "p(90)": 0,
            "p(95)": 0
        },
        "vus": {
            "value": 5,
            "min": 5,
            "max": 5
        },
        "data_received": {
            "count": 166786,
            "rate": 7565.401079294145
        },
        "http_req_receiving": {
            "med": 0.042,
            "max": 2.44,
            "p(90)": 0.101,
            "p(95)": 0.14289999999999994,
            "avg": 0.06051869606903155,
            "min": 0.013
        },
        "http_req_waiting": {
            "avg": 24.78412655800575,
            "min": 6.695,
            "med": 16.09,
            "max": 617.899,
            "p(90)": 31.975800000000007,
            "p(95)": 61.879999999999995
        }
    }
}