service,protocol,p50,p95,p99,max,rps
trust,http2,25.003,227.28744999999998,,558.114,67.52361771799984
