service,protocol,p50,p95,p99,max,rps
event-layer,http1.1,176.374,492.8588999999997,,5253.566,68.98936049569262
