{
    "root_group": {
        "checks": {
            "200": {
                "name": "200",
                "path": "::200",
                "id": "4230b0c1b1cb609da348fcf04ffd96f4",
                "passes": 6424,
                "fails": 1
            }
        },
        "name": "",
        "path": "",
        "id": "d41d8cd98f00b204e9800998ecf8427e",
        "groups": {}
    },
    "metrics": {
        "checks": {
            "passes": 6424,
            "fails": 1,
            "value": 0.9998443579766537
        },
        "data_received": {
            "count": 6793773,
            "rate": 112954.95837876385
        },
        "vus": {
            "min": 20,
            "max": 20,
            "value": 20
        },
        "http_req_duration": {
            "min": 5.082,
            "med": 48.252,
            "max": 3835.71,
            "p(90)": 238.04340000000005,
            "p(95)": 365.96839999999986,
            "avg": 106.38310210116732,
            "thresholds": {
                "p(95)<800": false,
                "p(99)<2000": false,
                "p(100)<5000": false
            }
        },
        "http_req_waiting": {
            "p(95)": 365.7025999999999,
            "avg": 106.29843003891088,
            "min": 5.037,
            "med": 48.148,
            "max": 3834.736,
            "p(90)": 237.96400000000006
        },
        "iteration_duration": {
            "max": 3916.645459,
            "p(90)": 318.66988360000005,
            "p(95)": 451.06559139999945,
            "avg": 186.96180167844298,
            "min": 85.466917,
            "med": 128.749583
        },
        "http_req_connecting": {
            "max": 3.59,
            "p(90)": 0,
            "p(95)": 0,
            "avg": 0.00739486381322957,
            "min": 0,
            "med": 0
        },
        "iterations": {
            "count": 6425,
            "rate": 106.82364682828788
        },
        "vus_max": {
            "value": 20,
            "min": 20,
            "max": 20
        },
        "http_req_duration{expected_response:true}": {
            "min": 5.082,
            "med": 48.2425,
            "max": 3835.71,
            "p(90)": 238.08030000000005,
            "p(95)": 365.9900499999999,
            "avg": 106.36723879202991
        },
        "http_req_sending": {
            "avg": 0.02005712062256851,
            "min": 0.004,
            "med": 0.016,
            "max": 3.22,
            "p(90)": 0.028,
            "p(95)": 0.034
        },
        "data_sent": {
            "count": 1297305,
            "rate": 21569.315353863345
        },
        "http_req_tls_handshaking": {
            "max": 33.92,
            "p(90)": 0,
            "p(95)": 0,
            "avg": 0.06710459143968872,
            "min": 0,
            "med": 0
        },
        "http_req_blocked": {
            "med": 0.004,
            "max": 39.493,
            "p(90)": 0.008,
            "p(95)": 0.01,
            "avg": 0.08774677042801976,
            "min": 0.001
        },
        "http_req_failed": {
            "fails": 6424,
            "passes": 1,
            "thresholds": {
                "rate<0.05": false
            },
            "value": 0.0001556420233463035
        },
        "http_reqs": {
            "count": 6425,
            "rate": 106.82364682828788
        },
        "http_req_receiving": {
            "med": 0.054,
            "max": 3.348,
            "p(90)": 0.098,
            "p(95)": 0.12,
            "avg": 0.06461494163424139,
            "min": 0.015
        }
    }
}