service,protocol,p50,p95,p99,max,rps
auth,http2,29.423,102.13299999999984,,247.058,223.64827611069907
