service,protocol,p50,p95,p99,max,rps
listings,http3,97.616,472.07249999999993,,2150.194,143.28148443810994
