{
    "root_group": {
        "name": "",
        "path": "",
        "id": "d41d8cd98f00b204e9800998ecf8427e",
        "groups": {},
        "checks": {
                "200": {
                    "id": "4230b0c1b1cb609da348fcf04ffd96f4",
                    "passes": 535,
                    "fails": 0,
                    "name": "200",
                    "path": "::200"
                }
            }
    },
    "metrics": {
        "http_req_receiving": {
            "med": 0.062,
            "max": 1.972,
            "p(90)": 0.12260000000000001,
            "p(95)": 0.152,
            "avg": 0.08112149532710282,
            "min": 0.02
        },
        "http_reqs": {
            "count": 535,
            "rate": 52.880483978004094
        },
        "http_req_connecting": {
            "avg": 0.042319626168224295,
            "min": 0,
            "med": 0,
            "max": 3.515,
            "p(90)": 0,
            "p(95)": 0
        },
        "http_req_blocked": {
            "med": 0.005,
            "max": 29.744,
            "p(90)": 0.008,
            "p(95)": 0.013,
            "avg": 0.43842803738317354,
            "min": 0.001
        },
        "http_req_duration": {
            "p(95)": 268.5994,
            "avg": 106.84884485981307,
            "min": 7.688,
            "med": 93.456,
            "max": 532.885,
            "p(90)": 225.5646,
            "thresholds": {
                "p(95)<1200": false,
                "p(99)<4000": false,
                "p(100)<8000": false
            }
        },
        "vus_max": {
            "min": 10,
            "max": 10,
            "value": 10
        },
        "http_req_waiting": {
            "med": 93.399,
            "max": 532.774,
            "p(90)": 225.4488,
            "p(95)": 268.49,
            "avg": 106.7451289719627,
            "min": 7.59
        },
        "data_received": {
            "rate": 61417.96398473326,
            "count": 621375
        },
        "iterations": {
            "count": 535,
            "rate": 52.880483978004094
        },
        "http_req_tls_handshaking": {
            "avg": 0.32703551401869163,
            "min": 0,
            "med": 0,
            "max": 24.173,
            "p(90)": 0,
            "p(95)": 0
        },
        "http_req_sending": {
            "med": 0.017,
            "max": 0.374,
            "p(90)": 0.03260000000000001,
            "p(95)": 0.04629999999999997,
            "avg": 0.022594392523364457,
            "min": 0.006
        },
        "checks": {
            "passes": 535,
            "fails": 0,
            "value": 1
        },
        "vus": {
            "max": 10,
            "value": 10,
            "min": 10
        },
        "data_sent": {
            "rate": 11237.844160521823,
            "count": 113695
        },
        "iteration_duration": {
            "p(90)": 305.8977672,
            "p(95)": 349.1480375,
            "avg": 187.93712961869176,
            "min": 88.323041,
            "med": 175.380666,
            "max": 613.394083
        },
        "http_req_failed": {
            "passes": 0,
            "fails": 535,
            "thresholds": {
                "rate<0.05": false
            },
            "value": 0
        },
        "http_req_duration{expected_response:true}": {
            "med": 93.456,
            "max": 532.885,
            "p(90)": 225.5646,
            "p(95)": 268.5994,
            "avg": 106.84884485981307,
            "min": 7.688
        }
    }
}