{
    "root_group": {
        "checks": {
            "200": {
                "name": "200",
                "path": "::200",
                "id": "4230b0c1b1cb609da348fcf04ffd96f4",
                "passes": 7825,
                "fails": 0
            }
        },
        "name": "",
        "path": "",
        "id": "d41d8cd98f00b204e9800998ecf8427e",
        "groups": {}
    },
    "metrics": {
        "http_req_failed": {
            "passes": 0,
            "fails": 7825,
            "thresholds": {
                "rate<0.08": false
            },
            "value": 0
        },
        "data_sent": {
            "count": 380225,
            "rate": 6311.384218314253
        },
        "http_req_sending": {
            "med": 0.054,
            "max": 5.503,
            "p(90)": 0.101,
            "p(95)": 0.121,
            "avg": 0.06242888178913732,
            "min": 0.016
        },
        "http_req_tls_handshaking": {
            "avg": 0.2614532907348243,
            "min": 0,
            "med": 0,
            "max": 60.89,
            "p(90)": 0,
            "p(95)": 0
        },
        "data_received": {
            "count": 1114839,
            "rate": 18505.298890291917
        },
        "http_req_blocked": {
            "p(95)": 0.001,
            "avg": 0.32001469648572245,
            "min": 0,
            "med": 0.001,
            "max": 69.831,
            "p(90)": 0.001
        },
        "vus": {
            "value": 50,
            "min": 50,
            "max": 50
        },
        "http_req_receiving": {
            "max": 2.002,
            "p(90)": 0.092,
            "p(95)": 0.12879999999999966,
            "avg": 0.05437124600638919,
            "min": 0.014,
            "med": 0.04
        },
        "http_req_connecting": {
            "med": 0,
            "max": 7.315,
            "p(90)": 0,
            "p(95)": 0,
            "avg": 0.04162006389776359,
            "min": 0
        },
        "http_reqs": {
            "count": 7825,
            "rate": 129.88778094104552
        },
        "iteration_duration": {
            "avg": 384.4704346355265,
            "min": 173.80175,
            "med": 314.776916,
            "max": 1900.222958,
            "p(90)": 588.649258,
            "p(95)": 758.4309577999993
        },
        "http_req_duration": {
            "p(95)": 707.5481999999992,
            "avg": 333.76318019169366,
            "min": 105.18,
            "med": 264.321,
            "max": 1849.515,
            "p(90)": 538.227,
            "thresholds": {
                "p(100)<8000": false,
                "p(95)<800": false,
                "p(99)<3000": false
            }
        },
        "http_req_duration{expected_response:true}": {
            "p(95)": 707.5481999999992,
            "avg": 333.76318019169366,
            "min": 105.18,
            "med": 264.321,
            "max": 1849.515,
            "p(90)": 538.227
        },
        "http_req_waiting": {
            "min": 105.076,
            "med": 264.168,
            "max": 1849.389,
            "p(90)": 538.1568,
            "p(95)": 707.3811999999992,
            "avg": 333.6463800638974
        },
        "checks": {
            "passes": 7825,
            "fails": 0,
            "value": 1
        },
        "iterations": {
            "count": 7825,
            "rate": 129.88778094104552
        },
        "vus_max": {
            "min": 50,
            "max": 50,
            "value": 50
        }
    }
}