service,protocol,p50,p95,p99,max,rps
listings,http2,99.4815,341.02529999999996,,2395.259,53.33215686594923
