service,protocol,p50,p95,p99,max,rps
event-layer,http1.1,131.224,352.07839999999993,,2086.94,225.45308473242494
