service,protocol,p50,p95,p99,max,rps
trust,http3,125.849,530.2257499999997,,6071.586,70.48639355518743
