service,protocol,p50,p95,p99,max,rps
messaging,http1.1,10.998,57.691799999999944,,1254.775,19.912947315165763
