{
    "metrics": {
        "http_req_blocked": {
            "avg": 0.09673641851105505,
            "min": 0,
            "med": 0,
            "max": 42.454,
            "p(90)": 0.001,
            "p(95)": 0.001
        },
        "data_sent": {
            "count": 166872,
            "rate": 2776.8844438857573
        },
        "checks": {
            "passes": 3975,
            "fails": 1,
            "value": 0.9997484909456741
        },
        "http_req_waiting": {
            "p(90)": 142.61950000000002,
            "p(95)": 297.65674999999993,
            "avg": 70.12223893360148,
            "min": 6.013,
            "med": 20.275,
            "max": 2038.717
        },
        "vus_max": {
            "min": 10,
            "max": 10,
            "value": 10
        },
        "iteration_duration": {
            "p(90)": 224.15716650000002,
            "p(95)": 378.47090675,
            "avg": 151.07271978973884,
            "min": 86.782417,
            "med": 101.01818750000001,
            "max": 2119.699125
        },
        "http_req_tls_handshaking": {
            "avg": 0.057452213279678074,
            "min": 0,
            "med": 0,
            "max": 27.09,
            "p(90)": 0,
            "p(95)": 0
        },
        "iterations": {
            "count": 3976,
            "rate": 66.1638414406837
        },
        "http_req_connecting": {
            "max": 9.05,
            "p(90)": 0,
            "p(95)": 0,
            "avg": 0.022346327967806837,
            "min": 0,
            "med": 0
        },
        "http_req_receiving": {
            "avg": 0.09344668008048264,
            "min": 0.014,
            "med": 0.059,
            "max": 4.702,
            "p(90)": 0.15,
            "p(95)": 0.228
        },
        "http_req_sending": {
            "p(95)": 0.214,
            "avg": 0.10252665995975864,
            "min": 0.019,
            "med": 0.071,
            "max": 3.407,
            "p(90)": 0.158
        },
        "http_reqs": {
            "rate": 66.1638414406837,
            "count": 3976
        },
        "vus": {
            "value": 10,
            "min": 10,
            "max": 10
        },
        "http_req_duration": {
            "med": 20.435,
            "max": 2039.041,
            "p(90)": 143.00050000000002,
            "p(95)": 297.8782499999999,
            "avg": 70.31821227364196,
            "min": 6.437,
            "thresholds": {
                "p(95)<800": false,
                "p(99)<2000": false,
                "p(100)<5000": false
            }
        },
        "data_received": {
            "count": 620378,
            "rate": 10323.589442979997
        },
        "http_req_duration{expected_response:true}": {
            "p(90)": 142.93060000000003,
            "p(95)": 297.5054999999999,
            "avg": 70.25384452830201,
            "min": 6.437,
            "med": 20.432,
            "max": 2039.041
        },
        "http_req_failed": {
            "fails": 3975,
            "passes": 1,
            "thresholds": {
                "rate<0.05": false
            },
            "value": 0.00025150905432595576
        }
    },
    "root_group": {
        "checks": {
            "200": {
                "id": "4230b0c1b1cb609da348fcf04ffd96f4",
                "passes": 3975,
                "fails": 1,
                "name": "200",
                "path": "::200"
            }
        },
        "name": "",
        "path": "",
        "id": "d41d8cd98f00b204e9800998ecf8427e",
        "groups": {}
    }
}