service,protocol,p50,p95,p99,max,rps
booking,http1.1,157.565,541.5234999999999,,1530.461,110.76668090382421
