service,protocol,p50,p95,p99,max,rps
analytics,http1.1,39.64,212.99019999999996,,6865.006,59.95673169651955
