service,protocol,p50,p95,p99,max,rps
messaging,http3,15.657,151.98799999999954,,1473.295,19.825593372851795
