{
    "metrics": {
        "http_req_duration{expected_response:true}": {
            "p(90)": 58.007400000000004,
            "p(95)": 152.08604999999977,
            "avg": 46.72168262806238,
            "min": 7.984,
            "med": 16.4195,
            "max": 1045.38
        },
        "checks": {
            "passes": 898,
            "fails": 0,
            "value": 1
        },
        "http_req_duration": {
            "min": 7.984,
            "med": 16.4195,
            "max": 1045.38,
            "p(90)": 58.007400000000004,
            "p(95)": 152.08604999999977,
            "avg": 46.72168262806238,
            "thresholds": {
                "p(95)<600": false,
                "p(99)<2500": false,
                "p(100)<10000": false
            }
        },
        "http_req_receiving": {
            "avg": 0.1038964365256125,
            "min": 0.038,
            "med": 0.079,
            "max": 1.96,
            "p(90)": 0.14930000000000002,
            "p(95)": 0.188
        },
        "data_received": {
            "count": 893311,
            "rate": 14764.731617573532
        },
        "data_sent": {
            "rate": 2669.502667882914,
            "count": 161513
        },
        "iterations": {
            "count": 898,
            "rate": 14.842231868387417
        },
        "vus_max": {
            "value": 13,
            "min": 10,
            "max": 13
        },
        "http_req_blocked": {
            "avg": 0.2663797327394195,
            "min": 0.003,
            "med": 0.005,
            "max": 53.612,
            "p(90)": 0.013,
            "p(95)": 0.02414999999999996
        },
        "http_req_waiting": {
            "max": 1045.263,
            "p(90)": 57.8894,
            "p(95)": 151.90089999999978,
            "avg": 46.582517817371894,
            "min": 7.928,
            "med": 16.3315
        },
        "errors": {
            "passes": 0,
            "fails": 898,
            "thresholds": {
                "rate<0.05": false
            },
            "value": 0
        },
        "http_req_tls_handshaking": {
            "med": 0,
            "max": 45.489,
            "p(90)": 0,
            "p(95)": 0,
            "avg": 0.20692316258351895,
            "min": 0
        },
        "iteration_duration": {
            "p(90)": 159.4037336,
            "p(95)": 254.24830449999956,
            "avg": 147.94968805345195,
            "min": 108.597916,
            "med": 117.1475415,
            "max": 1146.200458
        },
        "http_req_failed": {
            "passes": 0,
            "fails": 898,
            "thresholds": {
                "rate<0.05": false
            },
            "value": 0
        },
        "http_reqs": {
            "count": 898,
            "rate": 14.842231868387417
        },
        "http_req_sending": {
            "med": 0.019,
            "max": 4.48,
            "p(90)": 0.043,
            "p(95)": 0.06914999999999996,
            "avg": 0.03526837416481058,
            "min": 0.012
        },
        "dropped_iterations": {
            "count": 3,
            "rate": 0.049584293546951284
        },
        "http_req_connecting": {
            "max": 20.379,
            "p(90)": 0,
            "p(95)": 0,
            "avg": 0.0434097995545657,
            "min": 0,
            "med": 0
        },
        "vus": {
            "value": 12,
            "min": 1,
            "max": 12
        }
    },
    "root_group": {
        "name": "",
        "path": "",
        "id": "d41d8cd98f00b204e9800998ecf8427e",
        "groups": {},
        "checks": {
                "media health": {
                    "name": "media health",
                    "path": "::media health",
                    "id": "841f137838968c18a16538aa00c03cc0",
                    "passes": 898,
                    "fails": 0
                }
            }
    }
}