{
  "metrics": {
    "checks": {
      "passes": 871,
      "fails": 1,
      "value": 0.9988532110091743
    },
    "iterations": {
      "rate": 14.51612277623445,
      "count": 872
    },
    "vus": {
      "value": 1,
      "min": 1,
      "max": 35
    },
    "http_req_duration{expected_response:true}": {
      "avg": 165.55458897818625,
      "min": 5.627,
      "med": 17.41,
      "max": 5077.353,
      "p(90)": 180.351,
      "p(95)": 361.50399999999905
    },
    "http_req_failed": {
      "passes": 1,
      "fails": 871,
      "thresholds": {
        "rate<0.05": false
      },
      "value": 0.0011467889908256881
    },
    "http_req_receiving": {
      "avg": 0.0982591743119264,
      "min": 0.027,
      "med": 0.069,
      "max": 4.479,
      "p(90)": 0.12580000000000005,
      "p(95)": 0.18089999999999992
    },
    "http_req_blocked": {
      "med": 0.001,
      "max": 19.02,
      "p(90)": 0.001,
      "p(95)": 0.0014499999999999613,
      "avg": 0.3628520642201753,
      "min": 0
    },
    "http_req_waiting": {
      "min": 5.535,
      "med": 17.259,
      "max": 5077.16,
      "p(90)": 180.3259,
      "p(95)": 376.7477999999996,
      "avg": 169.75980963302732
    },
    "http_req_duration": {
      "min": 5.627,
      "med": 17.42,
      "max": 5077.353,
      "p(90)": 180.52380000000002,
      "p(95)": 377.71764999999965,
      "avg": 169.96465711009205,
      "thresholds": {
        "p(95)<600": false,
        "p(99)<2500": true,
        "p(100)<10000": false
      }
    },
    "http_req_sending": {
      "avg": 0.10658830275229349,
      "min": 0.027,
      "med": 0.0885,
      "max": 1.477,
      "p(90)": 0.16670000000000007,
      "p(95)": 0.20589999999999992
    },
    "data_sent": {
      "count": 99790,
      "rate": 1661.1971236702245
    },
    "iteration_duration": {
      "med": 118.49562499999999,
      "max": 5177.923208,
      "p(90)": 283.06759170000004,
      "p(95)": 481.99797104999936,
      "avg": 271.3147152694955,
      "min": 106.378875
    },
    "http_reqs": {
      "count": 872,
      "rate": 14.51612277623445
    },
    "http_req_tls_handshaking": {
      "med": 0,
      "max": 16.841,
      "p(90)": 0,
      "p(95)": 0,
      "avg": 0.30754587155963303,
      "min": 0
    },
    "dropped_iterations": {
      "count": 28,
      "rate": 0.4661140340992713
    },
    "errors": {
      "passes": 1,
      "fails": 871,
      "thresholds": {
        "rate<0.05": false
      },
      "value": 0.0011467889908256881
    },
    "http_req_connecting": {
      "max": 2.01,
      "p(90)": 0,
      "p(95)": 0,
      "avg": 0.04248853211009174,
      "min": 0,
      "med": 0
    },
    "vus_max": {
      "value": 38,
      "min": 10,
      "max": 38
    },
    "data_received": {
      "rate": 4000.7732831825706,
      "count": 240331
    }
  },
  "root_group": {
    "name": "",
    "path": "",
    "id": "d41d8cd98f00b204e9800998ecf8427e",
    "groups": {},
    "checks": {
      "media health": {
        "name": "media health",
        "path": "::media health",
        "id": "841f137838968c18a16538aa00c03cc0",
        "passes": 871,
        "fails": 1
      }
    }
  },
  "k6_matrix_warning": "k6 thresholds crossed; metrics preserved (exit 99)",
  "k6_matrix_status": "thresholds_crossed_with_metrics",
  "k6_matrix_exit_code": 99
}
