{
    "root_group": {
        "checks": {
            "200": {
                "path": "::200",
                "id": "4230b0c1b1cb609da348fcf04ffd96f4",
                "passes": 8455,
                "fails": 0,
                "name": "200"
            }
        },
        "name": "",
        "path": "",
        "id": "d41d8cd98f00b204e9800998ecf8427e",
        "groups": {}
    },
    "metrics": {
        "http_req_tls_handshaking": {
            "p(90)": 0,
            "p(95)": 0,
            "avg": 0.1543584861028977,
            "min": 0,
            "med": 0,
            "max": 64.056
        },
        "http_req_duration{expected_response:true}": {
            "p(95)": 363.2396999999999,
            "avg": 162.74364825547,
            "min": 14.122,
            "med": 133.327,
            "max": 894.838,
            "p(90)": 292.3184000000001
        },
        "http_req_duration": {
            "avg": 162.74364825547,
            "min": 14.122,
            "med": 133.327,
            "max": 894.838,
            "p(90)": 292.3184000000001,
            "p(95)": 363.2396999999999,
            "thresholds": {
                "p(95)<800": false,
                "p(99)<3000": false,
                "p(100)<8000": false
            }
        },
        "http_req_receiving": {
            "avg": 0.0777116499112951,
            "min": 0.012,
            "med": 0.053,
            "max": 8.019,
            "p(90)": 0.134,
            "p(95)": 0.204
        },
        "iteration_duration": {
            "med": 183.769834,
            "max": 945.303166,
            "p(90)": 344.58920800000004,
            "p(95)": 414.83597519999995,
            "avg": 213.39450530407993,
            "min": 64.406083
        },
        "http_reqs": {
            "rate": 140.46249290107878,
            "count": 8455
        },
        "data_received": {
            "count": 2300133,
            "rate": 38211.99469947215
        },
        "iterations": {
            "count": 8455,
            "rate": 140.46249290107878
        },
        "http_req_sending": {
            "max": 4.597,
            "p(90)": 0.118,
            "p(95)": 0.136,
            "avg": 0.06893778829095225,
            "min": 0.016,
            "med": 0.056
        },
        "http_req_waiting": {
            "med": 133.201,
            "max": 894.704,
            "p(90)": 292.22320000000013,
            "p(95)": 363.12649999999996,
            "avg": 162.59699881726823,
            "min": 14.026
        },
        "data_sent": {
            "count": 377605,
            "rate": 6273.13301382754
        },
        "http_req_blocked": {
            "avg": 0.20751460674156244,
            "min": 0,
            "med": 0,
            "max": 77.249,
            "p(90)": 0.001,
            "p(95)": 0.001
        },
        "vus": {
            "value": 30,
            "min": 30,
            "max": 30
        },
        "http_req_connecting": {
            "med": 0,
            "max": 9.092,
            "p(90)": 0,
            "p(95)": 0,
            "avg": 0.028198698994677703,
            "min": 0
        },
        "vus_max": {
            "max": 30,
            "value": 30,
            "min": 30
        },
        "http_req_failed": {
            "passes": 0,
            "fails": 8455,
            "thresholds": {
                "rate<0.08": false
            },
            "value": 0
        },
        "checks": {
            "passes": 8455,
            "fails": 0,
            "value": 1
        }
    }
}