{
  "root_group": {
    "path": "",
    "id": "d41d8cd98f00b204e9800998ecf8427e",
    "groups": {},
    "checks": {
      "200": {
        "name": "200",
        "path": "::200",
        "id": "4230b0c1b1cb609da348fcf04ffd96f4",
        "passes": 7959,
        "fails": 22
      }
    },
    "name": ""
  },
  "metrics": {
    "data_received": {
      "count": 2313139,
      "rate": 38393.70905508436
    },
    "iterations": {
      "count": 7981,
      "rate": 132.46942443520612
    },
    "vus": {
      "value": 60,
      "min": 60,
      "max": 60
    },
    "http_req_tls_handshaking": {
      "avg": 0.36729231925823835,
      "min": 0,
      "med": 0,
      "max": 86.165,
      "p(90)": 0,
      "p(95)": 0
    },
    "http_req_duration": {
      "avg": 401.11423981957125,
      "min": 51.17,
      "med": 289.202,
      "max": 9399.44,
      "p(90)": 664.505,
      "p(95)": 815.742,
      "thresholds": {
        "p(95)<800": true,
        "p(99)<3000": false,
        "p(100)<8000": true
      }
    },
    "data_sent": {
      "rate": 6842.350347186577,
      "count": 412237
    },
    "iteration_duration": {
      "p(95)": 866.694625,
      "avg": 452.0756029462479,
      "min": 101.553708,
      "med": 339.61525,
      "max": 9449.862541,
      "p(90)": 715.997083
    },
    "http_req_failed": {
      "passes": 22,
      "fails": 7959,
      "thresholds": {
        "rate<0.08": false
      },
      "value": 0.002756546798646786
    },
    "http_req_blocked": {
      "avg": 0.4575559453703371,
      "min": 0,
      "med": 0,
      "max": 97.522,
      "p(90)": 0.001,
      "p(95)": 0.001
    },
    "http_req_connecting": {
      "max": 9.895,
      "p(90)": 0,
      "p(95)": 0,
      "avg": 0.06319934845257487,
      "min": 0,
      "med": 0
    },
    "vus_max": {
      "value": 60,
      "min": 60,
      "max": 60
    },
    "http_reqs": {
      "count": 7981,
      "rate": 132.46942443520612
    },
    "http_req_duration{expected_response:true}": {
      "med": 288.675,
      "max": 9399.44,
      "p(90)": 663.3796000000001,
      "p(95)": 811.2639999999998,
      "avg": 397.90354944088443,
      "min": 51.17
    },
    "http_req_sending": {
      "p(95)": 0.139,
      "avg": 0.06745219897255975,
      "min": 0.012,
      "med": 0.054,
      "max": 2.65,
      "p(90)": 0.118
    },
    "http_req_waiting": {
      "p(90)": 664.411,
      "p(95)": 815.618,
      "avg": 400.9614728730731,
      "min": 50.794,
      "med": 288.993,
      "max": 9399.345
    },
    "checks": {
      "passes": 7959,
      "fails": 22,
      "value": 0.9972434532013532
    },
    "http_req_receiving": {
      "p(95)": 0.232,
      "avg": 0.08531474752537255,
      "min": 0.01,
      "med": 0.049,
      "max": 6.622,
      "p(90)": 0.148
    }
  },
  "k6_matrix_warning": "k6 thresholds crossed; metrics preserved (exit 99)",
  "k6_matrix_status": "thresholds_crossed_with_metrics",
  "k6_matrix_exit_code": 99
}
