{
    "root_group": {
        "path": "",
        "id": "d41d8cd98f00b204e9800998ecf8427e",
        "groups": {},
        "checks": {
                "200": {
                    "passes": 12369,
                    "fails": 2,
                    "name": "200",
                    "path": "::200",
                    "id": "4230b0c1b1cb609da348fcf04ffd96f4"
                }
            },
        "name": ""
    },
    "metrics": {
        "checks": {
            "passes": 12369,
            "fails": 2,
            "value": 0.9998383315819255
        },
        "iteration_duration": {
            "p(90)": 439.494959,
            "p(95)": 502.89343699999995,
            "avg": 291.88764648096276,
            "min": 102.845166,
            "med": 263.775125,
            "max": 1330.424458
        },
        "http_req_receiving": {
            "avg": 0.0712861530999917,
            "min": 0.009,
            "med": 0.052,
            "max": 3.758,
            "p(90)": 0.12,
            "p(95)": 0.175
        },
        "http_req_failed": {
            "passes": 2,
            "fails": 12369,
            "thresholds": {
                "rate<0.08": false
            },
            "value": 0.00016166841807452914
        },
        "http_reqs": {
            "count": 12371,
            "rate": 205.13611347404833
        },
        "http_req_connecting": {
            "p(95)": 0,
            "avg": 0.04914372322366826,
            "min": 0,
            "med": 0,
            "max": 13.166,
            "p(90)": 0
        },
        "http_req_tls_handshaking": {
            "avg": 0.3466579096273543,
            "min": 0,
            "med": 0,
            "max": 114.938,
            "p(90)": 0,
            "p(95)": 0
        },
        "http_req_duration{expected_response:true}": {
            "p(90)": 389.1782,
            "p(95)": 452.425,
            "avg": 241.01246802490004,
            "min": 52.643,
            "med": 213.419,
            "max": 1212.561
        },
        "http_req_duration": {
            "avg": 241.01202247190918,
            "min": 52.643,
            "med": 213.419,
            "max": 1212.561,
            "p(90)": 389.183,
            "p(95)": 452.4225,
            "thresholds": {
                "p(95)<800": false,
                "p(99)<3000": false,
                "p(100)<8000": false
            }
        },
        "http_req_waiting": {
            "min": 52.503,
            "med": 213.259,
            "max": 1212.258,
            "p(90)": 389.001,
            "p(95)": 452.26899999999995,
            "avg": 240.87040829359108
        },
        "data_received": {
            "count": 3441837,
            "rate": 57072.59440555962
        },
        "vus_max": {
            "value": 60,
            "min": 60,
            "max": 60
        },
        "data_sent": {
            "count": 580847,
            "rate": 9631.613944148456
        },
        "vus": {
            "value": 60,
            "min": 60,
            "max": 60
        },
        "http_req_blocked": {
            "avg": 0.46068466575064504,
            "min": 0,
            "med": 0,
            "max": 139.673,
            "p(90)": 0.001,
            "p(95)": 0.001
        },
        "iterations": {
            "count": 12371,
            "rate": 205.13611347404833
        },
        "http_req_sending": {
            "avg": 0.07032802522027327,
            "min": 0.014,
            "med": 0.06,
            "max": 4.561,
            "p(90)": 0.112,
            "p(95)": 0.13
        }
    }
}