service,protocol,p50,p95,p99,max,rps
event-layer,http3,103.479,306.95799999999986,,7806.214,184.37328272348518
