service,protocol,p50,p95,p99,max,rps
listings,http2,340.246,1005.0479999999998,,9302.557,56.899995066234766
