service,protocol,p50,p95,p99,max,rps
analytics,http2,33.364999999999995,306.0317999999999,,1212.145,92.39414617183277
