service,protocol,p50,p95,p99,max,rps
media,http3,15.4045,89.19854999999986,,627.916,14.938720056121676
