{
    "root_group": {
        "name": "",
        "path": "",
        "id": "d41d8cd98f00b204e9800998ecf8427e",
        "groups": {},
        "checks": {
                "gw": {
                    "passes": 1170,
                    "fails": 0,
                    "name": "gw",
                    "path": "::gw",
                    "id": "4bed004c615ee0454c506a21f65ee38c"
                },
                "msg": {
                    "name": "msg",
                    "path": "::msg",
                    "id": "e4e5993c90ae2728fc677fea56e9a3e2",
                    "passes": 2330,
                    "fails": 0
                },
                "book": {
                    "name": "book",
                    "path": "::book",
                    "id": "c32672b9a002ce46d620b0d99dc456c3",
                    "passes": 1157,
                    "fails": 1
                },
                "long_q": {
                    "name": "long_q",
                    "path": "::long_q",
                    "id": "3fc9e807932e8b458afd34be1f335357",
                    "passes": 1155,
                    "fails": 0
                },
                "bad_json": {
                    "id": "922dc211d6d29f52a417f71333d4ff40",
                    "passes": 1152,
                    "fails": 0,
                    "name": "bad_json",
                    "path": "::bad_json"
                }
            }
    },
    "metrics": {
        "http_req_waiting": {
            "min": 1.551,
            "med": 54.948,
            "max": 3604.986,
            "p(90)": 235.7794,
            "p(95)": 378.43459999999993,
            "avg": 111.47472447954065
        },
        "iterations": {
            "count": 6965,
            "rate": 115.83807709523805
        },
        "http_req_duration{expected_response:true}": {
            "med": 55.166,
            "max": 3605.396,
            "p(90)": 235.99380000000002,
            "p(95)": 378.6106,
            "avg": 111.65325728643198,
            "min": 1.628
        },
        "http_req_tls_handshaking": {
            "avg": 0.10987523330940419,
            "min": 0,
            "med": 0,
            "max": 49.006,
            "p(90)": 0,
            "p(95)": 0
        },
        "http_req_sending": {
            "avg": 0.09422684852835604,
            "min": 0.017,
            "med": 0.077,
            "max": 5.307,
            "p(90)": 0.148,
            "p(95)": 0.179
        },
        "vus_max": {
            "value": 20,
            "min": 20,
            "max": 20
        },
        "http_req_blocked": {
            "avg": 0.14191399856423634,
            "min": 0,
            "med": 0.001,
            "max": 61.428,
            "p(90)": 0.001,
            "p(95)": 0.001
        },
        "iteration_duration": {
            "p(90)": 297.43625840000004,
            "p(95)": 439.88912519999997,
            "avg": 172.40492784967685,
            "min": 24.487542,
            "med": 121.076625,
            "max": 3680.953583
        },
        "data_sent": {
            "rate": 75645.45758235804,
            "count": 4548337
        },
        "data_received": {
            "count": 862812,
            "rate": 14349.818086819316
        },
        "http_req_duration": {
            "avg": 111.65325728643198,
            "min": 1.628,
            "med": 55.166,
            "max": 3605.396,
            "p(90)": 235.99380000000002,
            "p(95)": 378.6106,
            "thresholds": {
                "p(100)<15000": false,
                "p(95)<2500": false,
                "p(99)<6000": false
            }
        },
        "http_req_failed": {
            "fails": 6965,
            "passes": 0,
            "thresholds": {
                "rate<0.15": false
            },
            "value": 0
        },
        "vus": {
            "value": 20,
            "min": 20,
            "max": 20
        },
        "http_reqs": {
            "count": 6965,
            "rate": 115.83807709523805
        },
        "http_req_connecting": {
            "med": 0,
            "max": 4.391,
            "p(90)": 0,
            "p(95)": 0,
            "avg": 0.010660875807609476,
            "min": 0
        },
        "http_req_receiving": {
            "med": 0.059,
            "max": 7.929,
            "p(90)": 0.124,
            "p(95)": 0.18,
            "avg": 0.08430595836324489,
            "min": 0.015
        },
        "event_layer_adversarial_accepted": {
            "passes": 2307,
            "fails": 0,
            "thresholds": {
                "rate>0.70": false
            },
            "value": 1
        },
        "checks": {
            "passes": 6964,
            "fails": 1,
            "value": 0.9998564249820531
        }
    }
}