service,protocol,p50,p95,p99,max,rps
analytics,http3,72.4805,447.43679999999995,,6419.654,131.09475021628228
