{
  "metrics": {
    "data_sent": {
      "count": 1158083,
      "rate": 19181.52565214335
    },
    "iterations": {
      "count": 6787,
      "rate": 112.41423507736226
    },
    "http_req_waiting": {
      "min": 64.833,
      "med": 332.775,
      "max": 2452.321,
      "p(90)": 668.6946,
      "p(95)": 851.1924,
      "avg": 392.3241415942249
    },
    "checks": {
      "passes": 6787,
      "fails": 0,
      "value": 1
    },
    "http_req_duration": {
      "p(95)": 851.2418,
      "avg": 392.3970190069245,
      "min": 64.914,
      "med": 332.847,
      "max": 2452.401,
      "p(90)": 668.7658,
      "thresholds": {
        "p(95)<800": true,
        "p(99)<3000": false,
        "p(100)<8000": false
      }
    },
    "http_req_receiving": {
      "med": 0.045,
      "max": 4.392,
      "p(90)": 0.086,
      "p(95)": 0.102,
      "avg": 0.05502563724767908,
      "min": 0.014
    },
    "http_req_blocked": {
      "avg": 0.31024591130103824,
      "min": 0.001,
      "med": 0.004,
      "max": 70.067,
      "p(90)": 0.007,
      "p(95)": 0.009
    },
    "http_req_sending": {
      "avg": 0.017851775453072462,
      "min": 0.003,
      "med": 0.014,
      "max": 3.603,
      "p(90)": 0.025,
      "p(95)": 0.03
    },
    "data_received": {
      "rate": 116253.62758268682,
      "count": 7018803
    },
    "http_req_duration{expected_response:true}": {
      "med": 332.847,
      "max": 2452.401,
      "p(90)": 668.7658,
      "p(95)": 851.2418,
      "avg": 392.3970190069245,
      "min": 64.914
    },
    "iteration_duration": {
      "p(90)": 719.2548916000001,
      "p(95)": 901.6105876,
      "avg": 443.1386525519382,
      "min": 125.94775,
      "med": 383.376875,
      "max": 2502.648833
    },
    "http_req_tls_handshaking": {
      "max": 62.265,
      "p(90)": 0,
      "p(95)": 0,
      "avg": 0.25682790629143953,
      "min": 0,
      "med": 0
    },
    "http_req_connecting": {
      "p(95)": 0,
      "avg": 0.022771916899955794,
      "min": 0,
      "med": 0,
      "max": 4.922,
      "p(90)": 0
    },
    "http_req_failed": {
      "passes": 0,
      "fails": 6787,
      "thresholds": {
        "rate<0.08": false
      },
      "value": 0
    },
    "vus_max": {
      "max": 50,
      "value": 50,
      "min": 50
    },
    "vus": {
      "value": 50,
      "min": 50,
      "max": 50
    },
    "http_reqs": {
      "count": 6787,
      "rate": 112.41423507736226
    }
  },
  "root_group": {
    "groups": {},
    "checks": {
      "200": {
        "name": "200",
        "path": "::200",
        "id": "4230b0c1b1cb609da348fcf04ffd96f4",
        "passes": 6787,
        "fails": 0
      }
    },
    "name": "",
    "path": "",
    "id": "d41d8cd98f00b204e9800998ecf8427e"
  },
  "k6_matrix_warning": "k6 thresholds crossed; metrics preserved (exit 99)",
  "k6_matrix_status": "thresholds_crossed_with_metrics",
  "k6_matrix_exit_code": 99
}
