service,protocol,p50,p95,p99,max,rps
gateway,http1.1,42.186499999999995,174.44534999999993,,521.023,182.20786202526244
