{
    "root_group": {
        "checks": {
            "media health": {
                "name": "media health",
                "path": "::media health",
                "id": "841f137838968c18a16538aa00c03cc0",
                "passes": 149,
                "fails": 0
            }
        },
        "name": "",
        "path": "",
        "id": "d41d8cd98f00b204e9800998ecf8427e",
        "groups": {}
    },
    "metrics": {
        "errors": {
            "fails": 149,
            "passes": 0,
            "thresholds": {
                "rate<0.05": false
            },
            "value": 0
        },
        "http_reqs": {
            "count": 149,
            "rate": 14.708955671057604
        },
        "checks": {
            "passes": 149,
            "fails": 0,
            "value": 1
        },
        "iterations": {
            "count": 149,
            "rate": 14.708955671057604
        },
        "http_req_duration{expected_response:true}": {
            "avg": 70.18971812080537,
            "min": 7.197,
            "med": 14.79,
            "max": 1047.835,
            "p(90)": 85.13200000000025,
            "p(95)": 545.4217999999996
        },
        "data_sent": {
            "count": 42341,
            "rate": 4179.8113561627515
        },
        "http_req_tls_handshaking": {
            "avg": 0.42902013422818797,
            "min": 0,
            "med": 0,
            "max": 10.874,
            "p(90)": 0,
            "p(95)": 4.332599999999999
        },
        "dropped_iterations": {
            "count": 2,
            "rate": 0.19743564659137722
        },
        "data_received": {
            "count": 168469,
            "rate": 16630.892972801365
        },
        "iteration_duration": {
            "med": 116.609291,
            "max": 1148.2785,
            "p(90)": 186.42120880000024,
            "p(95)": 646.1167839999997,
            "avg": 171.849045295302,
            "min": 108.2645
        },
        "vus": {
            "value": 8,
            "min": 1,
            "max": 8
        },
        "http_req_waiting": {
            "p(90)": 85.01600000000025,
            "p(95)": 545.2853999999996,
            "avg": 70.0183489932886,
            "min": 7.119,
            "med": 14.712,
            "max": 1047.755
        },
        "http_req_failed": {
            "passes": 0,
            "fails": 149,
            "thresholds": {
                "rate<0.05": false
            },
            "value": 0
        },
        "http_req_blocked": {
            "avg": 0.6307986577181209,
            "min": 0.003,
            "med": 0.007,
            "max": 23.64,
            "p(90)": 0.14040000000000002,
            "p(95)": 4.9148
        },
        "vus_max": {
            "value": 12,
            "min": 10,
            "max": 12
        },
        "http_req_connecting": {
            "med": 0,
            "max": 12.655,
            "p(90)": 0,
            "p(95)": 0.5807999999999999,
            "avg": 0.15418791946308724,
            "min": 0
        },
        "http_req_receiving": {
            "p(95)": 0.2601999999999999,
            "avg": 0.13755033557046975,
            "min": 0.04,
            "med": 0.085,
            "max": 3.936,
            "p(90)": 0.18580000000000002
        },
        "http_req_duration": {
            "avg": 70.18971812080537,
            "min": 7.197,
            "med": 14.79,
            "max": 1047.835,
            "p(90)": 85.13200000000025,
            "p(95)": 545.4217999999996,
            "thresholds": {
                "p(95)<600": false,
                "p(99)<2500": false,
                "p(100)<10000": false
            }
        },
        "http_req_sending": {
            "avg": 0.033818791946308706,
            "min": 0.012,
            "med": 0.023,
            "max": 0.68,
            "p(90)": 0.04120000000000001,
            "p(95)": 0.059399999999999974
        }
    }
}