service,protocol,p50,p95,p99,max,rps
media,http3,14.5165,45.42559999999999,,299.079,14.988586191615084
