service,protocol,p50,p95,p99,max,rps
trust,http3,141.983,649.451099999999,,1196.415,33.515538653822496
