{
    "metrics": {
        "http_reqs": {
            "count": 5777,
            "rate": 96.02749687615588
        },
        "http_req_tls_handshaking": {
            "max": 34.766,
            "p(90)": 0,
            "p(95)": 0,
            "avg": 0.10943603946685132,
            "min": 0,
            "med": 0
        },
        "checks": {
            "passes": 5777,
            "fails": 0,
            "value": 1
        },
        "data_sent": {
            "count": 965913,
            "rate": 16055.774206359418
        },
        "http_req_receiving": {
            "min": 0.014,
            "med": 0.046,
            "max": 4.24,
            "p(90)": 0.085,
            "p(95)": 0.099,
            "avg": 0.056865328024926394
        },
        "http_req_duration{expected_response:true}": {
            "p(90)": 425.865,
            "p(95)": 522.4128,
            "avg": 261.3370205989268,
            "min": 12.334,
            "med": 228.9,
            "max": 1442.695
        },
        "http_req_waiting": {
            "p(95)": 522.3048,
            "avg": 261.2607090185222,
            "min": 12.208,
            "med": 228.849,
            "max": 1442.596,
            "p(90)": 425.78180000000003
        },
        "data_received": {
            "count": 5948473,
            "rate": 98877.78646795874
        },
        "http_req_failed": {
            "fails": 5777,
            "passes": 0,
            "thresholds": {
                "rate<0.08": false
            },
            "value": 0
        },
        "http_req_duration": {
            "avg": 261.3370205989268,
            "min": 12.334,
            "med": 228.9,
            "max": 1442.695,
            "p(90)": 425.865,
            "p(95)": 522.4128,
            "thresholds": {
                "p(95)<800": false,
                "p(99)<3000": false,
                "p(100)<8000": false
            }
        },
        "http_req_blocked": {
            "p(95)": 0.009,
            "avg": 0.14079903063874727,
            "min": 0.001,
            "med": 0.004,
            "max": 39.296,
            "p(90)": 0.007
        },
        "vus_max": {
            "value": 30,
            "min": 30,
            "max": 30
        },
        "iteration_duration": {
            "avg": 311.92636653366753,
            "min": 62.740167,
            "med": 279.161958,
            "max": 1493.574208,
            "p(90)": 477.0018748,
            "p(95)": 572.8555581999999
        },
        "vus": {
            "max": 30,
            "value": 30,
            "min": 30
        },
        "iterations": {
            "count": 5777,
            "rate": 96.02749687615588
        },
        "http_req_connecting": {
            "p(95)": 0,
            "avg": 0.010980266574346547,
            "min": 0,
            "med": 0,
            "max": 2.963,
            "p(90)": 0
        },
        "http_req_sending": {
            "min": 0.003,
            "med": 0.015,
            "max": 9.625,
            "p(90)": 0.025,
            "p(95)": 0.03,
            "avg": 0.01944625238012855
        }
    },
    "root_group": {
        "name": "",
        "path": "",
        "id": "d41d8cd98f00b204e9800998ecf8427e",
        "groups": {},
        "checks": {
                "200": {
                    "name": "200",
                    "path": "::200",
                    "id": "4230b0c1b1cb609da348fcf04ffd96f4",
                    "passes": 5777,
                    "fails": 0
                }
            }
    }
}