service,protocol,p50,p95,p99,max,rps
gateway,http1.1,6.539,111.33899999999988,,602.834,132.52447271987214
