service,protocol,p50,p95,p99,max,rps
event-layer,http3,279.733,689.4381999999999,,2072.816,129.86455950587188
