service,protocol,p50,p95,p99,max,rps
trust,http1.1,48.252,365.96839999999986,,3835.71,106.82364682828788
