service,protocol,p50,p95,p99,max,rps
auth,http3,94.9845,244.0519999999999,,572.168,244.58964411840628
