service,protocol,p50,p95,p99,max,rps
analytics,http1.1,22.433,202.5229999999999,,11917.433,30.80723973537896
