service,protocol,p50,p95,p99,max,rps
gateway,http1.1,4.125,27.856299999999994,,325.282,170.50062440296057
