service,protocol,p50,p95,p99,max,rps
gateway,http2,14.2405,69.01849999999995,,342.954,553.7088790341521
