service,protocol,p50,p95,p99,max,rps
auth,http1.1,146.41,407.18739999999985,,572.037,44.114619099012934
