service,protocol,p50,p95,p99,max,rps
analytics,http2,273.545,865.4524999999998,,1933.332,116.88351186450471
