service,protocol,p50,p95,p99,max,rps
gateway,http2,111.567,328.15999999999997,,1368.599,263.06780296359483
