service,protocol,p50,p95,p99,max,rps
listings,http3,270.133,1073.7007999999992,,5264.427,61.9288037253691
