{
    "root_group": {
        "name": "",
        "path": "",
        "id": "d41d8cd98f00b204e9800998ecf8427e",
        "groups": {},
        "checks": {
                "200": {
                    "name": "200",
                    "path": "::200",
                    "id": "4230b0c1b1cb609da348fcf04ffd96f4",
                    "passes": 7520,
                    "fails": 0
                }
            }
    },
    "metrics": {
        "http_req_receiving": {
            "avg": 0.08688218085106349,
            "min": 0.013,
            "med": 0.058,
            "max": 55.634,
            "p(90)": 0.129,
            "p(95)": 0.19
        },
        "data_received": {
            "rate": 15515.994282213385,
            "count": 938039
        },
        "iterations": {
            "count": 7520,
            "rate": 124.38744764582779
        },
        "http_reqs": {
            "count": 7520,
            "rate": 124.38744764582779
        },
        "http_req_waiting": {
            "avg": 109.58278244680838,
            "min": 5.154,
            "med": 64.7485,
            "max": 1056.671,
            "p(90)": 222.7654,
            "p(95)": 329.2405999999999
        },
        "http_req_duration": {
            "med": 64.908,
            "max": 1056.809,
            "p(90)": 223.06190000000004,
            "p(95)": 329.40369999999996,
            "avg": 109.75275571808531,
            "min": 5.235,
            "thresholds": {
                "p(95)<600": false,
                "p(99)<2500": false,
                "p(100)<8000": false
            }
        },
        "http_req_tls_handshaking": {
            "avg": 0.07182393617021278,
            "min": 0,
            "med": 0,
            "max": 37.388,
            "p(90)": 0,
            "p(95)": 0
        },
        "data_sent": {
            "count": 315180,
            "rate": 5213.355817687766
        },
        "http_req_sending": {
            "min": 0.016,
            "med": 0.073,
            "max": 6.335,
            "p(90)": 0.127,
            "p(95)": 0.149,
            "avg": 0.08309109042553219
        },
        "http_req_duration{expected_response:true}": {
            "min": 5.235,
            "med": 64.908,
            "max": 1056.809,
            "p(90)": 223.06190000000004,
            "p(95)": 329.40369999999996,
            "avg": 109.75275571808531
        },
        "http_req_blocked": {
            "avg": 0.09411396276594451,
            "min": 0,
            "med": 0.001,
            "max": 45.63,
            "p(90)": 0.001,
            "p(95)": 0.001
        },
        "checks": {
            "passes": 7520,
            "fails": 0,
            "value": 1
        },
        "iteration_duration": {
            "p(95)": 382.3575809499996,
            "avg": 160.33386306037195,
            "min": 55.5925,
            "med": 115.383437,
            "max": 1107.228916,
            "p(90)": 273.4948128
        },
        "vus": {
            "value": 20,
            "min": 20,
            "max": 20
        },
        "http_req_connecting": {
            "avg": 0.010700265957446808,
            "min": 0,
            "med": 0,
            "max": 5.141,
            "p(90)": 0,
            "p(95)": 0
        },
        "vus_max": {
            "value": 20,
            "min": 20,
            "max": 20
        },
        "http_req_failed": {
            "passes": 0,
            "fails": 7520,
            "thresholds": {
                "rate<0.08": false
            },
            "value": 0
        }
    }
}