{
    "root_group": {
        "path": "",
        "id": "d41d8cd98f00b204e9800998ecf8427e",
        "groups": {},
        "checks": {
                "200": {
                    "name": "200",
                    "path": "::200",
                    "id": "4230b0c1b1cb609da348fcf04ffd96f4",
                    "passes": 337,
                    "fails": 0
                }
            },
        "name": ""
    },
    "metrics": {
        "data_sent": {
            "count": 30239,
            "rate": 2933.762779001675
        },
        "http_req_receiving": {
            "avg": 0.11163798219584571,
            "min": 0.017,
            "med": 0.064,
            "max": 2.614,
            "p(90)": 0.17880000000000001,
            "p(95)": 0.3309999999999998
        },
        "data_received": {
            "count": 67856,
            "rate": 6583.3330180210205
        },
        "http_req_duration": {
            "min": 24.515,
            "med": 163.737,
            "max": 1259.67,
            "p(90)": 440.65660000000014,
            "p(95)": 526.4483999999998,
            "avg": 250.06727299703286,
            "thresholds": {
                "p(95)<800": false,
                "p(99)<3000": false,
                "p(100)<8000": false
            }
        },
        "checks": {
            "passes": 337,
            "fails": 0,
            "value": 1
        },
        "http_req_connecting": {
            "max": 1.073,
            "p(90)": 0,
            "p(95)": 0,
            "avg": 0.027299703264094952,
            "min": 0,
            "med": 0
        },
        "vus": {
            "max": 10,
            "value": 10,
            "min": 10
        },
        "vus_max": {
            "value": 10,
            "min": 10,
            "max": 10
        },
        "iterations": {
            "count": 337,
            "rate": 32.69546137516335
        },
        "http_reqs": {
            "count": 337,
            "rate": 32.69546137516335
        },
        "iteration_duration": {
            "p(90)": 492.1848164000001,
            "p(95)": 577.2748909999999,
            "avg": 301.4895177922851,
            "min": 74.690375,
            "med": 214.420875,
            "max": 1330.978083
        },
        "http_req_tls_handshaking": {
            "max": 22.613,
            "p(90)": 0,
            "p(95)": 0,
            "avg": 0.543032640949555,
            "min": 0,
            "med": 0
        },
        "http_req_duration{expected_response:true}": {
            "max": 1259.67,
            "p(90)": 440.65660000000014,
            "p(95)": 526.4483999999998,
            "avg": 250.06727299703286,
            "min": 24.515,
            "med": 163.737
        },
        "http_req_sending": {
            "p(95)": 0.19899999999999993,
            "avg": 0.10504747774480706,
            "min": 0.025,
            "med": 0.07,
            "max": 2.004,
            "p(90)": 0.15580000000000002
        },
        "http_req_waiting": {
            "p(95)": 526.2867999999999,
            "avg": 249.8505875370922,
            "min": 24.425,
            "med": 163.541,
            "max": 1259.565,
            "p(90)": 440.47340000000014
        },
        "http_req_failed": {
            "passes": 0,
            "fails": 337,
            "thresholds": {
                "rate<0.08": false
            },
            "value": 0
        },
        "http_req_blocked": {
            "min": 0,
            "med": 0.001,
            "max": 27.627,
            "p(90)": 0.001,
            "p(95)": 0.001,
            "avg": 0.6951691394658778
        }
    }
}