service,protocol,p50,p95,p99,max,rps
analytics,http1.1,314.724,1364.9075999999993,,2977.132,17.646694798237846
