service,protocol,p50,p95,p99,max,rps
listings,http1.1,261.5485,1379.495649999999,,4778.46,100.01880300716164
