service,protocol,p50,p95,p99,max,rps
messaging,http2,17.156,360.9192499999981,,791.502,19.375768110807247
