service,protocol,p50,p95,p99,max,rps
media,http2,17.42,377.71764999999965,,5077.353,14.51612277623445
