service,protocol,p50,p95,p99,max,rps
event-layer,http3,43.1315,217.56145,,5178.115,207.04573408922587
