{
  "root_group": {
    "name": "",
    "path": "",
    "id": "d41d8cd98f00b204e9800998ecf8427e",
    "groups": {},
    "checks": {
      "200": {
        "name": "200",
        "path": "::200",
        "id": "4230b0c1b1cb609da348fcf04ffd96f4",
        "passes": 7075,
        "fails": 1
      }
    }
  },
  "metrics": {
    "iteration_duration": {
      "min": 142.542667,
      "med": 381.36829150000005,
      "max": 5259.181792,
      "p(90)": 845.297458,
      "p(95)": 1122.1761774999998,
      "avg": 510.0787098338047
    },
    "http_req_sending": {
      "avg": 0.0742907009609951,
      "min": 0.016,
      "med": 0.058,
      "max": 6.107,
      "p(90)": 0.117,
      "p(95)": 0.138
    },
    "vus": {
      "value": 60,
      "min": 60,
      "max": 60
    },
    "http_req_failed": {
      "passes": 1,
      "fails": 7075,
      "thresholds": {
        "rate<0.08": false
      },
      "value": 0.00014132278123233464
    },
    "http_req_connecting": {
      "med": 0,
      "max": 9.809,
      "p(90)": 0,
      "p(95)": 0,
      "avg": 0.038869135104578866,
      "min": 0
    },
    "iterations": {
      "count": 7076,
      "rate": 117.41732528477061
    },
    "http_req_receiving": {
      "avg": 0.07423911814584497,
      "min": 0.012,
      "med": 0.053,
      "max": 5.602,
      "p(90)": 0.119,
      "p(95)": 0.17
    },
    "http_reqs": {
      "count": 7076,
      "rate": 117.41732528477061
    },
    "vus_max": {
      "value": 60,
      "min": 60,
      "max": 60
    },
    "http_req_duration{expected_response:true}": {
      "min": 92.254,
      "med": 331.111,
      "max": 5208.898,
      "p(90)": 792.6868000000001,
      "p(95)": 1071.4049,
      "avg": 459.0472424028285
    },
    "http_req_waiting": {
      "med": 330.774,
      "max": 5208.795,
      "p(90)": 792.4060000000001,
      "p(95)": 1071.2209999999998,
      "avg": 458.87192990390025,
      "min": 92.16
    },
    "checks": {
      "passes": 7075,
      "fails": 1,
      "value": 0.9998586772187676
    },
    "http_req_duration": {
      "avg": 459.0204597230089,
      "min": 92.254,
      "med": 331.00149999999996,
      "max": 5208.898,
      "p(90)": 792.659,
      "p(95)": 1071.38825,
      "thresholds": {
        "p(95)<600": true,
        "p(99)<2500": true,
        "p(100)<8000": false
      }
    },
    "http_req_blocked": {
      "med": 0,
      "max": 96.852,
      "p(90)": 0.001,
      "p(95)": 0.001,
      "avg": 0.5454400791408545,
      "min": 0
    },
    "data_received": {
      "count": 1070535,
      "rate": 17764.182634784047
    },
    "http_req_tls_handshaking": {
      "max": 86.526,
      "p(90)": 0,
      "p(95)": 0,
      "avg": 0.46604508196721306,
      "min": 0,
      "med": 0
    },
    "data_sent": {
      "count": 368432,
      "rate": 6113.665911435643
    }
  },
  "k6_matrix_warning": "k6 thresholds crossed; metrics preserved (exit 99)",
  "k6_matrix_status": "thresholds_crossed_with_metrics",
  "k6_matrix_exit_code": 99
}
