{
    "metrics": {
        "http_req_duration": {
            "p(95)": 126.25009999999996,
            "avg": 58.29021759259266,
            "min": 6.721,
            "med": 20.2185,
            "max": 1584.868,
            "p(90)": 101.17250000000001,
            "thresholds": {
                "p(95)<800": false,
                "p(99)<2000": false,
                "p(100)<5000": false
            }
        },
        "http_req_connecting": {
            "p(90)": 0,
            "p(95)": 0,
            "avg": 0.05733611111111111,
            "min": 0,
            "med": 0,
            "max": 6.31
        },
        "vus_max": {
            "value": 10,
            "min": 10,
            "max": 10
        },
        "http_req_duration{expected_response:true}": {
            "min": 6.721,
            "med": 20.2185,
            "max": 1584.868,
            "p(90)": 101.17250000000001,
            "p(95)": 126.25009999999996,
            "avg": 58.29021759259266
        },
        "iterations": {
            "count": 1080,
            "rate": 71.57753032865884
        },
        "http_req_waiting": {
            "max": 1584.43,
            "p(90)": 101.0505,
            "p(95)": 126.14499999999997,
            "avg": 58.1384175925926,
            "min": 6.604,
            "med": 20.064500000000002
        },
        "checks": {
            "passes": 1080,
            "fails": 0,
            "value": 1
        },
        "http_req_tls_handshaking": {
            "max": 31.409,
            "p(90)": 0,
            "p(95)": 0,
            "avg": 0.22548055555555555,
            "min": 0,
            "med": 0
        },
        "data_sent": {
            "count": 58320,
            "rate": 3865.186637747577
        },
        "http_req_sending": {
            "p(95)": 0.153,
            "avg": 0.07815370370370378,
            "min": 0.022,
            "med": 0.065,
            "max": 2.098,
            "p(90)": 0.12610000000000002
        },
        "http_req_receiving": {
            "med": 0.05,
            "max": 0.707,
            "p(90)": 0.13,
            "p(95)": 0.197,
            "avg": 0.07364629629629638,
            "min": 0.016
        },
        "iteration_duration": {
            "p(90)": 181.7955369,
            "p(95)": 206.57284134999992,
            "avg": 139.23490015833312,
            "min": 87.233708,
            "med": 100.8620205,
            "max": 1700.02375
        },
        "http_req_blocked": {
            "avg": 0.38230925925925024,
            "min": 0,
            "med": 0,
            "max": 48.333,
            "p(90)": 0.001,
            "p(95)": 0.001
        },
        "http_req_failed": {
            "passes": 0,
            "fails": 1080,
            "thresholds": {
                "rate<0.05": false
            },
            "value": 0
        },
        "data_received": {
            "count": 186780,
            "rate": 12378.936217395276
        },
        "vus": {
            "value": 10,
            "min": 10,
            "max": 10
        },
        "http_reqs": {
            "count": 1080,
            "rate": 71.57753032865884
        }
    },
    "root_group": {
        "name": "",
        "path": "",
        "id": "d41d8cd98f00b204e9800998ecf8427e",
        "groups": {},
        "checks": {
                "200": {
                    "fails": 0,
                    "name": "200",
                    "path": "::200",
                    "id": "4230b0c1b1cb609da348fcf04ffd96f4",
                    "passes": 1080
                }
            }
    }
}