service,protocol,p50,p95,p99,max,rps
trust,http1.1,566.8105,1305.6410999999994,,1751.188,13.529800003830267
