service,protocol,p50,p95,p99,max,rps
analytics,http3,219.519,785.4625999999995,,6585.347,23.021689689630723
