service,protocol,p50,p95,p99,max,rps
media,http3,20.816,997.4971999999979,,1754.826,12.634295566371303
