service,protocol,p50,p95,p99,max,rps
analytics,http3,122.3015,406.3664999999999,,1985.37,38.01464553817948
