service,protocol,p50,p95,p99,max,rps
media,http1.1,17.152,202.74729999999997,,1778.904,14.88476538940467
