service,protocol,p50,p95,p99,max,rps
messaging,http2,15.6355,121.52969999999995,,197.419,19.882913498987165
