service,protocol,p50,p95,p99,max,rps
analytics,http2,323.885,1335.6661999999994,,5146.228,108.40765838147382
