service,protocol,p50,p95,p99,max,rps
media,http2,10.545,34.86799999999999,,105.079,14.921699124985635
