service,protocol,p50,p95,p99,max,rps
gateway,http2,50.691,217.79694999999998,,3430.074,160.94725647579324
