{
  "metrics": {
    "http_req_waiting": {
      "p(90)": 982.1072,
      "p(95)": 12339.672799999998,
      "avg": 974.5586,
      "min": 18.743,
      "med": 132.101,
      "max": 13794.201
    },
    "http_req_sending": {
      "avg": 0.08895757575757579,
      "min": 0.022,
      "med": 0.07,
      "max": 1.748,
      "p(90)": 0.12760000000000002,
      "p(95)": 0.144
    },
    "data_sent": {
      "count": 23825,
      "rate": 1356.8218124781706
    },
    "checks": {
      "passes": 162,
      "fails": 3,
      "value": 0.9818181818181818
    },
    "data_received": {
      "count": 70794,
      "rate": 4031.682828649721
    },
    "http_req_receiving": {
      "p(90)": 0.18800000000000006,
      "p(95)": 0.27299999999999985,
      "avg": 0.09799393939393944,
      "min": 0.014,
      "med": 0.058,
      "max": 1.726
    },
    "http_reqs": {
      "count": 165,
      "rate": 9.39666732671136
    },
    "http_req_blocked": {
      "med": 0,
      "max": 41.673,
      "p(90)": 0.001,
      "p(95)": 32.42939999999999,
      "avg": 2.286636363636354,
      "min": 0
    },
    "vus_max": {
      "value": 10,
      "min": 10,
      "max": 10
    },
    "http_req_duration{expected_response:true}": {
      "avg": 754.7366049382714,
      "min": 18.854,
      "med": 132.162,
      "max": 13794.362,
      "p(90)": 729.5180000000013,
      "p(95)": 989.96505
    },
    "http_req_failed": {
      "passes": 3,
      "fails": 162,
      "thresholds": {
        "rate<0.08": false
      },
      "value": 0.01818181818181818
    },
    "iteration_duration": {
      "med": 182.6565,
      "max": 13845.614458,
      "p(90)": 1069.5397588,
      "p(95)": 12392.3415832,
      "avg": 1027.7557540666664,
      "min": 69.766583
    },
    "iterations": {
      "count": 165,
      "rate": 9.39666732671136
    },
    "vus": {
      "value": 5,
      "min": 5,
      "max": 10
    },
    "http_req_tls_handshaking": {
      "p(90)": 0,
      "p(95)": 22.036999999999985,
      "avg": 1.6964363636363637,
      "min": 0,
      "med": 0,
      "max": 32.055
    },
    "http_req_duration": {
      "min": 18.854,
      "med": 132.188,
      "max": 13794.362,
      "p(90)": 982.2592,
      "p(95)": 12340.286799999998,
      "avg": 974.7455515151513,
      "thresholds": {
        "p(95)<800": true,
        "p(99)<3000": true,
        "p(100)<8000": true
      }
    },
    "http_req_connecting": {
      "p(90)": 0,
      "p(95)": 0.5003999999999997,
      "avg": 0.04346666666666667,
      "min": 0,
      "med": 0,
      "max": 1.346
    }
  },
  "root_group": {
    "name": "",
    "path": "",
    "id": "d41d8cd98f00b204e9800998ecf8427e",
    "groups": {},
    "checks": {
      "200": {
        "path": "::200",
        "id": "4230b0c1b1cb609da348fcf04ffd96f4",
        "passes": 162,
        "fails": 3,
        "name": "200"
      }
    }
  },
  "k6_matrix_warning": "k6 thresholds crossed; metrics preserved (exit 99)",
  "k6_matrix_status": "thresholds_crossed_with_metrics",
  "k6_matrix_exit_code": 99
}
