service,protocol,p50,p95,p99,max,rps
event-layer,http2,39.544,3859.366999999997,,303828.143,5.16920138329023
