service,protocol,p50,p95,p99,max,rps
auth,http1.1,122.24000000000001,349.01174999999995,,1019.999,197.76387323142623
