service,protocol,p50,p95,p99,max,rps
auth,http1.1,35.1065,125.16869999999992,,445.848,100.72794749497483
