service,protocol,p50,p95,p99,max,rps
event-layer,http2,26.711,224.66349999999997,,2865.814,64.40342757670274
