service,protocol,p50,p95,p99,max,rps
analytics,http3,185.307,915.5669999999999,,4620.104,76.63560849491583
