service,protocol,p50,p95,p99,max,rps
auth,http2,133.327,363.2396999999999,,894.838,140.46249290107878
