service,protocol,p50,p95,p99,max,rps
listings,http1.1,172.154,621.8642499999999,,767.933,35.329976522436674
