service,protocol,p50,p95,p99,max,rps
listings,http2,51.168,328.71289999999993,,5284.276,57.66184367283758
