service,protocol,p50,p95,p99,max,rps
analytics,http2,23.694499999999998,403.8,,2830.43,58.891181912730325
