{
  "root_group": {
    "checks": {
      "200": {
        "name": "200",
        "path": "::200",
        "id": "4230b0c1b1cb609da348fcf04ffd96f4",
        "passes": 5076,
        "fails": 3
      }
    },
    "name": "",
    "path": "",
    "id": "d41d8cd98f00b204e9800998ecf8427e",
    "groups": {}
  },
  "metrics": {
    "http_req_waiting": {
      "max": 4551.233,
      "p(90)": 587.1626000000001,
      "p(95)": 923.7300999999995,
      "avg": 274.50998759598303,
      "min": 8.953,
      "med": 171.895
    },
    "http_req_sending": {
      "avg": 0.09934987202205162,
      "min": 0.017,
      "med": 0.074,
      "max": 2.513,
      "p(90)": 0.157,
      "p(95)": 0.20309999999999978
    },
    "http_req_receiving": {
      "avg": 0.10485233313644368,
      "min": 0.015,
      "med": 0.064,
      "max": 5.786,
      "p(90)": 0.181,
      "p(95)": 0.2750999999999998
    },
    "iteration_duration": {
      "max": 4631.617375,
      "p(90)": 669.0780248000001,
      "p(95)": 1006.1331622,
      "avg": 355.7450519716485,
      "min": 89.535167,
      "med": 252.727791
    },
    "vus": {
      "value": 30,
      "min": 30,
      "max": 30
    },
    "http_reqs": {
      "count": 5079,
      "rate": 84.06108485174565
    },
    "checks": {
      "passes": 5076,
      "fails": 3,
      "value": 0.9994093325457767
    },
    "http_req_failed": {
      "passes": 3,
      "fails": 5076,
      "thresholds": {
        "rate<0.05": false
      },
      "value": 0.0005906674542232723
    },
    "vus_max": {
      "value": 30,
      "min": 30,
      "max": 30
    },
    "iterations": {
      "rate": 84.06108485174565,
      "count": 5079
    },
    "http_req_duration": {
      "avg": 274.71418980114174,
      "min": 9.146,
      "med": 172.028,
      "max": 4551.323,
      "p(90)": 587.5812000000001,
      "p(95)": 923.8432999999995,
      "thresholds": {
        "p(100)<5000": false,
        "p(95)<800": true,
        "p(99)<2000": false
      }
    },
    "http_req_blocked": {
      "avg": 0.4163957471944236,
      "min": 0,
      "med": 0,
      "max": 98.039,
      "p(90)": 0.001,
      "p(95)": 0.001
    },
    "data_received": {
      "count": 873418,
      "rate": 14455.692972837562
    },
    "http_req_tls_handshaking": {
      "med": 0,
      "max": 85.146,
      "p(90)": 0,
      "p(95)": 0,
      "avg": 0.34036365426265014,
      "min": 0
    },
    "data_sent": {
      "count": 244053,
      "rate": 4039.2518096718013
    },
    "http_req_duration{expected_response:true}": {
      "avg": 274.82755161544503,
      "min": 9.146,
      "med": 172.223,
      "max": 4551.323,
      "p(90)": 587.8515000000001,
      "p(95)": 924.1707499999995
    },
    "http_req_connecting": {
      "avg": 0.04563319551092735,
      "min": 0,
      "med": 0,
      "max": 10.187,
      "p(90)": 0,
      "p(95)": 0
    }
  },
  "k6_matrix_warning": "k6 thresholds crossed; metrics preserved (exit 99)",
  "k6_matrix_status": "thresholds_crossed_with_metrics",
  "k6_matrix_exit_code": 99
}
