service,protocol,p50,p95,p99,max,rps
analytics,http3,247.988,1024.5851999999957,,2102.989,92.94867018773903
