service,protocol,p50,p95,p99,max,rps
listings,http1.1,14.2645,114.88489999999993,,915.91,122.2017322511765
