service,protocol,p50,p95,p99,max,rps
trust,http2,558.0915,1891.4984499999994,,2294.51,12.809428910826155
