service,protocol,p50,p95,p99,max,rps
auth,http2,128.165,365.34749999999997,,928.784,189.60466271393773
