service,protocol,p50,p95,p99,max,rps
media,http2,19.512,196.19399999999993,,476.396,14.920605963607052
