service,protocol,p50,p95,p99,max,rps
event-layer,http3,12.837,92.20239999999997,,1257.579,112.47731358045992
