service,protocol,p50,p95,p99,max,rps
gateway,http2,8.9825,82.67229999999999,,605.138,416.29434687929603
