service,protocol,p50,p95,p99,max,rps
media,http3,15.777999999999999,95.53324999999994,,615.636,14.969732448466903
