{
  "root_group": {
    "id": "d41d8cd98f00b204e9800998ecf8427e",
    "groups": {},
    "checks": {
      "200": {
        "id": "4230b0c1b1cb609da348fcf04ffd96f4",
        "passes": 5170,
        "fails": 28,
        "name": "200",
        "path": "::200"
      }
    },
    "name": "",
    "path": ""
  },
  "metrics": {
    "vus_max": {
      "max": 40,
      "value": 40,
      "min": 40
    },
    "http_req_duration": {
      "avg": 411.4761969988454,
      "min": 42.9,
      "med": 290.129,
      "max": 9154.834,
      "p(90)": 653.696,
      "p(95)": 916.9968499999978,
      "thresholds": {
        "p(99)<2500": false,
        "p(100)<8000": true,
        "p(95)<600": true
      }
    },
    "checks": {
      "fails": 28,
      "passes": 5170,
      "value": 0.9946133128126202
    },
    "http_req_tls_handshaking": {
      "avg": 0.3787300884955752,
      "min": 0,
      "med": 0,
      "max": 65.566,
      "p(90)": 0,
      "p(95)": 0
    },
    "iteration_duration": {
      "p(90)": 704.40885,
      "p(95)": 967.5801312499977,
      "avg": 462.40764660657857,
      "min": 93.432666,
      "med": 341.74325,
      "max": 9204.9985
    },
    "iterations": {
      "count": 5198,
      "rate": 86.30175623243788
    },
    "http_req_duration{expected_response:true}": {
      "med": 289.24699999999996,
      "max": 9154.834,
      "p(90)": 640.6098000000001,
      "p(95)": 880.9100999999999,
      "avg": 388.5729195357829,
      "min": 42.9
    },
    "http_reqs": {
      "count": 5198,
      "rate": 86.30175623243788
    },
    "vus": {
      "min": 40,
      "max": 40,
      "value": 40
    },
    "data_sent": {
      "count": 894840,
      "rate": 14856.918727786595
    },
    "http_req_failed": {
      "fails": 5170,
      "passes": 28,
      "thresholds": {
        "rate<0.08": false
      },
      "value": 0.005386687187379761
    },
    "http_req_waiting": {
      "p(90)": 653.6296000000001,
      "p(95)": 916.8861499999978,
      "avg": 411.3876402462477,
      "min": 42.825,
      "med": 290.04650000000004,
      "max": 9154.801
    },
    "http_req_receiving": {
      "max": 4.545,
      "p(90)": 0.102,
      "p(95)": 0.13429999999999956,
      "avg": 0.06550404001539055,
      "min": 0.014,
      "med": 0.05
    },
    "http_req_blocked": {
      "med": 0.004,
      "max": 73.351,
      "p(90)": 0.008,
      "p(95)": 0.01,
      "avg": 0.43505078876492687,
      "min": 0.001
    },
    "http_req_connecting": {
      "p(95)": 0,
      "avg": 0.01979107348980377,
      "min": 0,
      "med": 0,
      "max": 5.061,
      "p(90)": 0
    },
    "http_req_sending": {
      "avg": 0.023052712581762707,
      "min": 0.003,
      "med": 0.014,
      "max": 19.941,
      "p(90)": 0.027,
      "p(95)": 0.034
    },
    "data_received": {
      "count": 5378763,
      "rate": 89302.94214275804
    }
  },
  "k6_matrix_warning": "k6 thresholds crossed; metrics preserved (exit 99)",
  "k6_matrix_status": "thresholds_crossed_with_metrics",
  "k6_matrix_exit_code": 99
}
