service,protocol,p50,p95,p99,max,rps
booking,http2,151.44150000000002,5115.726549999999,,5135.487,11.579698551006805
