service,protocol,p50,p95,p99,max,rps
media,http1.1,14.79,545.4217999999996,,1047.835,14.708955671057604
