{
  "metrics": {
    "iterations": {
      "count": 1188,
      "rate": 19.73596534470807
    },
    "http_req_waiting": {
      "p(95)": 606.8515499999992,
      "avg": 221.0623358585862,
      "min": 7.173,
      "med": 154.8595,
      "max": 1583.516,
      "p(90)": 432.2078
    },
    "http_req_duration{expected_response:true}": {
      "min": 7.316,
      "med": 154.778,
      "max": 1583.636,
      "p(90)": 430.33340000000004,
      "p(95)": 596.5227999999998,
      "avg": 220.39679409282715
    },
    "vus": {
      "max": 18,
      "value": 3,
      "min": 2
    },
    "http_req_connecting": {
      "max": 3.322,
      "p(90)": 0,
      "p(95)": 0,
      "avg": 0.022005892255892254,
      "min": 0,
      "med": 0
    },
    "vus_max": {
      "value": 23,
      "min": 10,
      "max": 23
    },
    "data_sent": {
      "count": 84896,
      "rate": 1410.35733493631
    },
    "iteration_duration": {
      "max": 1684.012167,
      "p(90)": 533.5226088,
      "p(95)": 708.2553834499993,
      "avg": 322.16864653619587,
      "min": 107.88025,
      "med": 255.70239600000002
    },
    "dropped_iterations": {
      "count": 13,
      "rate": 0.215965950741755
    },
    "errors": {
      "passes": 3,
      "fails": 1185,
      "thresholds": {
        "rate<0.02": false
      },
      "value": 0.0025252525252525255
    },
    "http_req_blocked": {
      "p(95)": 0.001,
      "avg": 0.20019191919192067,
      "min": 0,
      "med": 0,
      "max": 20.616,
      "p(90)": 0.001
    },
    "http_req_failed": {
      "passes": 3,
      "fails": 1185,
      "thresholds": {
        "rate<0.02": false
      },
      "value": 0.0025252525252525255
    },
    "http_reqs": {
      "count": 1188,
      "rate": 19.73596534470807
    },
    "http_req_duration": {
      "min": 7.316,
      "med": 154.9595,
      "max": 1583.636,
      "p(90)": 432.3892,
      "p(95)": 607.0519999999992,
      "avg": 221.23514309764332,
      "thresholds": {
        "p(95)<500": true,
        "p(99)<2000": false,
        "p(100)<8000": false
      }
    },
    "http_req_tls_handshaking": {
      "med": 0,
      "max": 19.257,
      "p(90)": 0,
      "p(95)": 0,
      "avg": 0.17130808080808085,
      "min": 0
    },
    "checks": {
      "passes": 1185,
      "fails": 3,
      "value": 0.9974747474747475
    },
    "data_received": {
      "rate": 3415.3852216227638,
      "count": 205588
    },
    "http_req_sending": {
      "avg": 0.08586531986531984,
      "min": 0.027,
      "med": 0.07,
      "max": 1.643,
      "p(90)": 0.131,
      "p(95)": 0.15764999999999996
    },
    "http_req_receiving": {
      "avg": 0.08694191919191933,
      "min": 0.016,
      "med": 0.058,
      "max": 1.579,
      "p(90)": 0.143,
      "p(95)": 0.2282999999999999
    }
  },
  "root_group": {
    "checks": {
      "messaging health": {
        "name": "messaging health",
        "path": "::messaging health",
        "id": "5283f4bcb8950a4997d5f15646378010",
        "passes": 1185,
        "fails": 3
      }
    },
    "name": "",
    "path": "",
    "id": "d41d8cd98f00b204e9800998ecf8427e",
    "groups": {}
  },
  "k6_matrix_warning": "k6 thresholds crossed; metrics preserved (exit 99)",
  "k6_matrix_status": "thresholds_crossed_with_metrics",
  "k6_matrix_exit_code": 99
}
