service,protocol,p50,p95,p99,max,rps
trust,http2,142.65449999999998,999.70625,,8453.719,52.893270190759196
