{
    "root_group": {
        "name": "",
        "path": "",
        "id": "d41d8cd98f00b204e9800998ecf8427e",
        "groups": {},
        "checks": {
                "gw": {
                    "id": "4bed004c615ee0454c506a21f65ee38c",
                    "passes": 1329,
                    "fails": 0,
                    "name": "gw",
                    "path": "::gw"
                },
                "msg": {
                    "id": "e4e5993c90ae2728fc677fea56e9a3e2",
                    "passes": 2650,
                    "fails": 0,
                    "name": "msg",
                    "path": "::msg"
                },
                "book": {
                    "fails": 1,
                    "name": "book",
                    "path": "::book",
                    "id": "c32672b9a002ce46d620b0d99dc456c3",
                    "passes": 1307
                },
                "long_q": {
                    "name": "long_q",
                    "path": "::long_q",
                    "id": "3fc9e807932e8b458afd34be1f335357",
                    "passes": 1293,
                    "fails": 0
                },
                "bad_json": {
                    "passes": 1283,
                    "fails": 0,
                    "name": "bad_json",
                    "path": "::bad_json",
                    "id": "922dc211d6d29f52a417f71333d4ff40"
                }
            }
    },
    "metrics": {
        "http_req_sending": {
            "p(95)": 0.164,
            "avg": 0.08877845606002824,
            "min": 0.017,
            "med": 0.074,
            "max": 6.786,
            "p(90)": 0.136
        },
        "http_req_tls_handshaking": {
            "p(90)": 0,
            "p(95)": 0,
            "avg": 0.5399070329390817,
            "min": 0,
            "med": 0,
            "max": 124.469
        },
        "http_req_waiting": {
            "avg": 322.5855981177676,
            "min": 14.518,
            "med": 279.571,
            "max": 2072.675,
            "p(90)": 564.1708,
            "p(95)": 689.2509
        },
        "http_req_receiving": {
            "avg": 0.07788643011573163,
            "min": 0.014,
            "med": 0.059,
            "max": 7.929,
            "p(90)": 0.116,
            "p(95)": 0.159
        },
        "iterations": {
            "count": 7863,
            "rate": 129.86455950587188
        },
        "http_req_duration": {
            "min": 14.654,
            "med": 279.733,
            "max": 2072.816,
            "p(90)": 564.3178,
            "p(95)": 689.4381999999999,
            "avg": 322.75226300394246,
            "thresholds": {
                "p(99)<6000": false,
                "p(100)<15000": false,
                "p(95)<2500": false
            }
        },
        "vus": {
            "value": 50,
            "min": 50,
            "max": 50
        },
        "http_req_blocked": {
            "min": 0,
            "med": 0.001,
            "max": 147.771,
            "p(90)": 0.001,
            "p(95)": 0.001,
            "avg": 0.6802622408751021
        },
        "http_reqs": {
            "count": 7863,
            "rate": 129.86455950587188
        },
        "vus_max": {
            "value": 50,
            "min": 50,
            "max": 50
        },
        "http_req_failed": {
            "fails": 7863,
            "passes": 0,
            "thresholds": {
                "rate<0.15": false
            },
            "value": 0
        },
        "data_received": {
            "rate": 18315.130961958803,
            "count": 1108939
        },
        "data_sent": {
            "count": 5142547,
            "rate": 84933.81672303738
        },
        "event_layer_adversarial_accepted": {
            "passes": 2576,
            "fails": 0,
            "thresholds": {
                "rate>0.70": false
            },
            "value": 1
        },
        "http_req_duration{expected_response:true}": {
            "p(95)": 689.4381999999999,
            "avg": 322.75226300394246,
            "min": 14.654,
            "med": 279.733,
            "max": 2072.816,
            "p(90)": 564.3178
        },
        "iteration_duration": {
            "p(90)": 626.0174338,
            "p(95)": 755.6153621999998,
            "avg": 383.531481127305,
            "min": 55.915417,
            "med": 340.844167,
            "max": 2297.831416
        },
        "checks": {
            "passes": 7862,
            "fails": 1,
            "value": 0.9998728220780873
        },
        "http_req_connecting": {
            "max": 10.23,
            "p(90)": 0,
            "p(95)": 0,
            "avg": 0.052433931069566314,
            "min": 0,
            "med": 0
        }
    }
}