{
    "metrics": {
        "http_req_receiving": {
            "med": 0.08,
            "max": 0.897,
            "p(90)": 0.12220000000000003,
            "p(95)": 0.15104999999999996,
            "avg": 0.08926888888888886,
            "min": 0.034
        },
        "vus": {
            "max": 2,
            "value": 1,
            "min": 1
        },
        "http_req_waiting": {
            "max": 323.639,
            "p(90)": 55.73580000000001,
            "p(95)": 80.12089999999992,
            "avg": 26.22512000000003,
            "min": 5.543,
            "med": 16.252499999999998
        },
        "vus_max": {
            "value": 10,
            "min": 10,
            "max": 10
        },
        "http_req_connecting": {
            "avg": 0.007037777777777778,
            "min": 0,
            "med": 0,
            "max": 1.306,
            "p(90)": 0,
            "p(95)": 0
        },
        "data_sent": {
            "count": 157090,
            "rate": 2613.1482026484205
        },
        "iteration_duration": {
            "med": 117.3825,
            "max": 424.588708,
            "p(90)": 157.230325,
            "p(95)": 180.97136459999993,
            "avg": 127.34995847222218,
            "min": 106.32075
        },
        "http_req_duration{expected_response:true}": {
            "avg": 26.31441490545047,
            "min": 5.65,
            "med": 16.41,
            "max": 323.709,
            "p(90)": 55.89520000000002,
            "p(95)": 80.3215999999999
        },
        "http_req_blocked": {
            "p(90)": 0.013,
            "p(95)": 0.018,
            "avg": 0.07591111111111119,
            "min": 0.003,
            "med": 0.007,
            "max": 14.185
        },
        "http_req_failed": {
            "passes": 1,
            "fails": 899,
            "thresholds": {
                "rate<0.05": false
            },
            "value": 0.0011111111111111111
        },
        "http_req_tls_handshaking": {
            "avg": 0.055622222222222226,
            "min": 0,
            "med": 0,
            "max": 11.375,
            "p(90)": 0,
            "p(95)": 0
        },
        "http_req_duration": {
            "avg": 26.341741111111077,
            "min": 5.65,
            "med": 16.4125,
            "max": 323.709,
            "p(90)": 55.825600000000016,
            "p(95)": 80.21529999999991,
            "thresholds": {
                "p(95)<600": false,
                "p(99)<2500": false,
                "p(100)<10000": false
            }
        },
        "errors": {
            "passes": 1,
            "fails": 899,
            "thresholds": {
                "rate<0.05": false
            },
            "value": 0.0011111111111111111
        },
        "http_req_sending": {
            "avg": 0.027352222222222083,
            "min": 0.011,
            "med": 0.024,
            "max": 0.311,
            "p(90)": 0.039,
            "p(95)": 0.05004999999999996
        },
        "data_received": {
            "count": 889112,
            "rate": 14790.129382857867
        },
        "iterations": {
            "rate": 14.971248216841163,
            "count": 900
        },
        "checks": {
            "passes": 899,
            "fails": 1,
            "value": 0.9988888888888889
        },
        "http_reqs": {
            "count": 900,
            "rate": 14.971248216841163
        }
    },
    "root_group": {
        "id": "d41d8cd98f00b204e9800998ecf8427e",
        "groups": {},
        "checks": {
                "media health": {
                    "fails": 1,
                    "name": "media health",
                    "path": "::media health",
                    "id": "841f137838968c18a16538aa00c03cc0",
                    "passes": 899
                }
            },
        "name": "",
        "path": ""
    }
}