service,protocol,p50,p95,p99,max,rps
gateway,http2,11.335,642.9234999999998,,592402.929,4.664477214153953
