service,protocol,p50,p95,p99,max,rps
booking,http1.1,287.10450000000003,932.3292,,4303.872,92.99782971296933
