service,protocol,p50,p95,p99,max,rps
trust,http3,321.165,1606.7201999999988,,4749.807,85.5720439699926
