service,protocol,p50,p95,p99,max,rps
trust,http3,141.721,646.7981999999998,,4380.438,61.41154942526761
