{
    "root_group": {
        "id": "d41d8cd98f00b204e9800998ecf8427e",
        "groups": {},
        "checks": {
                "messaging health": {
                    "passes": 300,
                    "fails": 0,
                    "name": "messaging health",
                    "path": "::messaging health",
                    "id": "5283f4bcb8950a4997d5f15646378010"
                }
            },
        "name": "",
        "path": ""
    },
    "metrics": {
        "checks": {
            "passes": 300,
            "fails": 0,
            "value": 1
        },
        "iteration_duration": {
            "avg": 113.45072584666666,
            "min": 107.321833,
            "med": 111.22495850000001,
            "max": 159.815417,
            "p(90)": 121.8376619,
            "p(95)": 125.33095385
        },
        "http_req_failed": {
            "passes": 0,
            "fails": 300,
            "thresholds": {
                "rate<0.02": false
            },
            "value": 0
        },
        "vus": {
            "value": 2,
            "min": 2,
            "max": 2
        },
        "errors": {
            "passes": 0,
            "fails": 300,
            "thresholds": {
                "rate<0.02": false
            },
            "value": 0
        },
        "http_req_waiting": {
            "med": 10.1565,
            "max": 58.276,
            "p(90)": 19.793700000000005,
            "p(95)": 23.84859999999999,
            "avg": 12.400753333333327,
            "min": 6.81
        },
        "http_req_duration": {
            "max": 58.433,
            "p(90)": 20.5766,
            "p(95)": 24.03529999999999,
            "avg": 12.564629999999998,
            "min": 6.973,
            "med": 10.2945,
            "thresholds": {
                "p(95)<500": false,
                "p(99)<2000": false,
                "p(100)<8000": false
            }
        },
        "data_received": {
            "count": 59913,
            "rate": 3977.2655985345596
        },
        "http_req_duration{expected_response:true}": {
            "avg": 12.564629999999998,
            "min": 6.973,
            "med": 10.2945,
            "max": 58.433,
            "p(90)": 20.5766,
            "p(95)": 24.03529999999999
        },
        "http_req_tls_handshaking": {
            "med": 0,
            "max": 8.606,
            "p(90)": 0,
            "p(95)": 0,
            "avg": 0.15545333333333333,
            "min": 0
        },
        "iterations": {
            "count": 300,
            "rate": 19.91520503998077
        },
        "http_req_sending": {
            "min": 0.059,
            "med": 0.081,
            "max": 0.834,
            "p(90)": 0.1292,
            "p(95)": 0.14814999999999995,
            "avg": 0.0935433333333334
        },
        "vus_max": {
            "value": 10,
            "min": 10,
            "max": 10
        },
        "http_reqs": {
            "count": 300,
            "rate": 19.91520503998077
        },
        "http_req_connecting": {
            "min": 0,
            "med": 0,
            "max": 0.8,
            "p(90)": 0,
            "p(95)": 0,
            "avg": 0.019043333333333332
        },
        "data_sent": {
            "count": 28900,
            "rate": 1918.4980855181475
        },
        "http_req_receiving": {
            "p(95)": 0.148,
            "avg": 0.07033333333333333,
            "min": 0.034,
            "med": 0.049,
            "max": 0.451,
            "p(90)": 0.1071
        },
        "http_req_blocked": {
            "p(90)": 0.001,
            "p(95)": 0.001,
            "avg": 0.18757999999999916,
            "min": 0,
            "med": 0,
            "max": 12.369
        }
    }
}