service,protocol,p50,p95,p99,max,rps
analytics,http1.1,370.75350000000003,1483.6743999999994,,2742.995,97.62982438764797
