service,protocol,p50,p95,p99,max,rps
gateway,http1.1,3.64,34.24199999999999,,337.856,335.2337573116421
