{
  "root_group": {
    "path": "",
    "id": "d41d8cd98f00b204e9800998ecf8427e",
    "groups": {},
    "checks": {
      "200": {
        "name": "200",
        "path": "::200",
        "id": "4230b0c1b1cb609da348fcf04ffd96f4",
        "passes": 8136,
        "fails": 14
      }
    },
    "name": ""
  },
  "metrics": {
    "vus": {
      "value": 20,
      "min": 20,
      "max": 20
    },
    "iteration_duration": {
      "p(95)": 255.87320174999988,
      "avg": 147.31073780061394,
      "min": 59.1815,
      "med": 102.8685205,
      "max": 10043.358792,
      "p(90)": 194.6343964
    },
    "iterations": {
      "rate": 135.69869760885575,
      "count": 8150
    },
    "http_reqs": {
      "count": 8150,
      "rate": 135.69869760885575
    },
    "http_req_connecting": {
      "min": 0,
      "med": 0,
      "max": 7.838,
      "p(90)": 0,
      "p(95)": 0,
      "avg": 0.013334846625766872
    },
    "http_req_blocked": {
      "min": 0,
      "med": 0.001,
      "max": 72.039,
      "p(90)": 0.001,
      "p(95)": 0.001,
      "avg": 0.13846736196317616
    },
    "http_req_waiting": {
      "max": 9992.474,
      "p(90)": 143.667,
      "p(95)": 205.02034999999992,
      "avg": 96.54318687116617,
      "min": 8.913,
      "med": 52.287
    },
    "http_req_tls_handshaking": {
      "p(95)": 0,
      "avg": 0.10488539877300614,
      "min": 0,
      "med": 0,
      "max": 57.317,
      "p(90)": 0
    },
    "http_req_sending": {
      "avg": 0.07931742331288315,
      "min": 0.018,
      "med": 0.071,
      "max": 1.583,
      "p(90)": 0.121,
      "p(95)": 0.14
    },
    "data_received": {
      "count": 2168436,
      "rate": 36104.778042718615
    },
    "vus_max": {
      "value": 20,
      "min": 20,
      "max": 20
    },
    "http_req_failed": {
      "passes": 14,
      "fails": 8136,
      "thresholds": {
        "rate<0.08": false
      },
      "value": 0.0017177914110429449
    },
    "data_sent": {
      "count": 348470,
      "rate": 5802.076706227971
    },
    "http_req_duration": {
      "p(95)": 205.24184999999986,
      "avg": 96.70317570552132,
      "min": 8.987,
      "med": 52.456,
      "max": 9992.569,
      "p(90)": 143.82340000000002,
      "thresholds": {
        "p(95)<800": false,
        "p(99)<3000": false,
        "p(100)<8000": true
      }
    },
    "http_req_duration{expected_response:true}": {
      "min": 8.987,
      "med": 52.372,
      "max": 9992.569,
      "p(90)": 143.06050000000002,
      "p(95)": 204.27924999999996,
      "avg": 92.96311258603714
    },
    "checks": {
      "passes": 8136,
      "fails": 14,
      "value": 0.9982822085889571
    },
    "http_req_receiving": {
      "avg": 0.08067141104294487,
      "min": 0.016,
      "med": 0.059,
      "max": 4.04,
      "p(90)": 0.127,
      "p(95)": 0.188
    }
  },
  "k6_matrix_warning": "k6 thresholds crossed; metrics preserved (exit 99)",
  "k6_matrix_status": "thresholds_crossed_with_metrics",
  "k6_matrix_exit_code": 99
}
