service,protocol,p50,p95,p99,max,rps
gateway,http1.1,70.62,257.1799999999999,,706.297,271.0863539866802
