service,protocol,p50,p95,p99,max,rps
listings,http1.1,290.129,916.9968499999978,,9154.834,86.30175623243788
