{
    "metrics": {
        "vus": {
            "value": 40,
            "min": 40,
            "max": 40
        },
        "iterations": {
            "count": 5645,
            "rate": 92.94867018773903
        },
        "http_req_connecting": {
            "avg": 0.017681310894596985,
            "min": 0,
            "med": 0,
            "max": 3.511,
            "p(90)": 0,
            "p(95)": 0
        },
        "data_sent": {
            "count": 286185,
            "rate": 4712.225895071407
        },
        "http_req_tls_handshaking": {
            "med": 0,
            "max": 64.689,
            "p(90)": 0,
            "p(95)": 0,
            "avg": 0.2719720106288751,
            "min": 0
        },
        "http_req_blocked": {
            "p(90)": 0.001,
            "p(95)": 0.001,
            "avg": 0.3205541186890924,
            "min": 0,
            "med": 0.001,
            "max": 70.886
        },
        "http_req_receiving": {
            "avg": 0.08411514614703276,
            "min": 0.014,
            "med": 0.061,
            "max": 4.13,
            "p(90)": 0.14,
            "p(95)": 0.201
        },
        "data_received": {
            "count": 1402496,
            "rate": 23093.02712907409
        },
        "http_req_duration": {
            "p(90)": 697.0652,
            "p(95)": 1024.5851999999957,
            "avg": 346.75778653675764,
            "min": 20.83,
            "med": 247.988,
            "max": 2102.989,
            "thresholds": {
                "p(95)<1200": false,
                "p(99)<4000": false,
                "p(100)<8000": false
            }
        },
        "http_req_failed": {
            "passes": 1,
            "fails": 5644,
            "thresholds": {
                "rate<0.05": false
            },
            "value": 0.0001771479185119575
        },
        "http_req_sending": {
            "max": 5.659,
            "p(90)": 0.132,
            "p(95)": 0.161,
            "avg": 0.08431939769707722,
            "min": 0.014,
            "med": 0.069
        },
        "http_req_waiting": {
            "min": 20.561,
            "med": 247.83,
            "max": 2102.719,
            "p(90)": 696.9212,
            "p(95)": 1024.3939999999957,
            "avg": 346.5893519929146
        },
        "http_req_duration{expected_response:true}": {
            "p(90)": 697.0664,
            "p(95)": 1025.4506499999957,
            "avg": 346.7612616938336,
            "min": 20.83,
            "med": 247.86450000000002,
            "max": 2102.989
        },
        "vus_max": {
            "value": 40,
            "min": 40,
            "max": 40
        },
        "checks": {
            "passes": 5644,
            "fails": 1,
            "value": 0.999822852081488
        },
        "http_reqs": {
            "count": 5645,
            "rate": 92.94867018773903
        },
        "iteration_duration": {
            "avg": 427.66181250947676,
            "min": 101.228917,
            "med": 328.647875,
            "max": 2185.241333,
            "p(90)": 778.6838250000001,
            "p(95)": 1109.3141083999997
        }
    },
    "root_group": {
        "name": "",
        "path": "",
        "id": "d41d8cd98f00b204e9800998ecf8427e",
        "groups": {},
        "checks": {
                "200": {
                    "id": "4230b0c1b1cb609da348fcf04ffd96f4",
                    "passes": 5644,
                    "fails": 1,
                    "name": "200",
                    "path": "::200"
                }
            }
    }
}