{
    "metrics": {
        "checks": {
            "passes": 901,
            "fails": 0,
            "value": 1
        },
        "iterations": {
            "rate": 14.988055717306972,
            "count": 901
        },
        "errors": {
            "passes": 0,
            "fails": 901,
            "thresholds": {
                "rate<0.05": false
            },
            "value": 0
        },
        "vus_max": {
            "min": 10,
            "max": 10,
            "value": 10
        },
        "http_req_failed": {
            "passes": 0,
            "fails": 901,
            "thresholds": {
                "rate<0.05": false
            },
            "value": 0
        },
        "http_reqs": {
            "count": 901,
            "rate": 14.988055717306972
        },
        "http_req_sending": {
            "avg": 0.157718091009989,
            "min": 0.053,
            "med": 0.143,
            "max": 1.5,
            "p(90)": 0.22,
            "p(95)": 0.245
        },
        "vus": {
            "value": 1,
            "min": 1,
            "max": 2
        },
        "http_req_connecting": {
            "avg": 0.008540510543840177,
            "min": 0,
            "med": 0,
            "max": 1.546,
            "p(90)": 0,
            "p(95)": 0
        },
        "iteration_duration": {
            "avg": 113.09666348279681,
            "min": 107.212875,
            "med": 111.53975,
            "max": 153.039042,
            "p(90)": 118.831542,
            "p(95)": 123.865625
        },
        "data_received": {
            "count": 169430,
            "rate": 2818.4531411579583
        },
        "http_req_tls_handshaking": {
            "avg": 0.06212652608213096,
            "min": 0,
            "med": 0,
            "max": 11.101,
            "p(90)": 0,
            "p(95)": 0
        },
        "data_sent": {
            "count": 51457,
            "rate": 855.9826670870864
        },
        "http_req_duration": {
            "p(95)": 22.948,
            "avg": 11.928278579356261,
            "min": 6.075,
            "med": 10.424,
            "max": 44.062,
            "p(90)": 17.512,
            "thresholds": {
                "p(95)<600": false,
                "p(99)<2500": false,
                "p(100)<10000": false
            }
        },
        "http_req_blocked": {
            "med": 0.001,
            "max": 14.345,
            "p(90)": 0.002,
            "p(95)": 0.002,
            "avg": 0.07715982241953641,
            "min": 0
        },
        "http_req_receiving": {
            "p(90)": 0.109,
            "p(95)": 0.133,
            "avg": 0.08428634850166478,
            "min": 0.032,
            "med": 0.07,
            "max": 2.62
        },
        "http_req_waiting": {
            "med": 10.153,
            "max": 43.843,
            "p(90)": 17.287,
            "p(95)": 22.814,
            "avg": 11.68627413984462,
            "min": 5.831
        },
        "http_req_duration{expected_response:true}": {
            "min": 6.075,
            "med": 10.424,
            "max": 44.062,
            "p(90)": 17.512,
            "p(95)": 22.948,
            "avg": 11.928278579356261
        }
    },
    "root_group": {
        "name": "",
        "path": "",
        "id": "d41d8cd98f00b204e9800998ecf8427e",
        "groups": {},
        "checks": {
                "media health": {
                    "name": "media health",
                    "path": "::media health",
                    "id": "841f137838968c18a16538aa00c03cc0",
                    "passes": 901,
                    "fails": 0
                }
            }
    }
}