service,protocol,p50,p95,p99,max,rps
event-layer,http1.1,188.0315,489.96849999999995,,1783.991,208.5359579235972
