{
    "metrics": {
        "http_req_blocked": {
            "max": 15.299,
            "p(90)": 0.001,
            "p(95)": 6.51904999999999,
            "avg": 0.6047000000000031,
            "min": 0,
            "med": 0.001
        },
        "checks": {
            "passes": 150,
            "fails": 0,
            "value": 1
        },
        "vus_max": {
            "value": 10,
            "min": 10,
            "max": 10
        },
        "http_req_waiting": {
            "avg": 46.029393333333324,
            "min": 6.492,
            "med": 19.332,
            "max": 476.268,
            "p(90)": 109.05080000000001,
            "p(95)": 195.32999999999993
        },
        "http_req_duration{expected_response:true}": {
            "p(90)": 109.2502,
            "p(95)": 196.19399999999993,
            "avg": 46.26439333333331,
            "min": 6.669,
            "med": 19.512,
            "max": 476.396
        },
        "iteration_duration": {
            "avg": 147.88414391333328,
            "min": 107.282833,
            "med": 120.871521,
            "max": 583.028792,
            "p(90)": 212.0826042,
            "p(95)": 296.9376501499999
        },
        "http_req_connecting": {
            "avg": 0.08112666666666667,
            "min": 0,
            "med": 0,
            "max": 2.968,
            "p(90)": 0,
            "p(95)": 0.6767999999999986
        },
        "http_reqs": {
            "count": 150,
            "rate": 14.920605963607052
        },
        "http_req_duration": {
            "p(95)": 196.19399999999993,
            "avg": 46.26439333333331,
            "min": 6.669,
            "med": 19.512,
            "max": 476.396,
            "p(90)": 109.2502,
            "thresholds": {
                "p(95)<600": false,
                "p(99)<2500": false,
                "p(100)<10000": false
            }
        },
        "vus": {
            "value": 1,
            "min": 1,
            "max": 2
        },
        "iterations": {
            "count": 150,
            "rate": 14.920605963607052
        },
        "errors": {
            "passes": 0,
            "fails": 150,
            "thresholds": {
                "rate<0.05": false
            },
            "value": 0
        },
        "http_req_tls_handshaking": {
            "max": 12.204,
            "p(90)": 0,
            "p(95)": 5.585749999999995,
            "avg": 0.4972066666666666,
            "min": 0,
            "med": 0
        },
        "data_sent": {
            "count": 23320,
            "rate": 2319.6568738087763
        },
        "http_req_failed": {
            "passes": 0,
            "fails": 150,
            "thresholds": {
                "rate<0.05": false
            },
            "value": 0
        },
        "http_req_sending": {
            "avg": 0.12222000000000008,
            "min": 0.045,
            "med": 0.1205,
            "max": 0.347,
            "p(90)": 0.176,
            "p(95)": 0.19355
        },
        "http_req_receiving": {
            "p(90)": 0.15440000000000004,
            "p(95)": 0.26465,
            "avg": 0.11277999999999996,
            "min": 0.038,
            "med": 0.074,
            "max": 1.382
        },
        "data_received": {
            "count": 50110,
            "rate": 4984.477098908996
        }
    },
    "root_group": {
        "path": "",
        "id": "d41d8cd98f00b204e9800998ecf8427e",
        "groups": {},
        "checks": {
                "media health": {
                    "passes": 150,
                    "fails": 0,
                    "name": "media health",
                    "path": "::media health",
                    "id": "841f137838968c18a16538aa00c03cc0"
                }
            },
        "name": ""
    }
}