{
    "root_group": {
        "id": "d41d8cd98f00b204e9800998ecf8427e",
        "groups": {},
        "checks": {
                "200": {
                    "id": "4230b0c1b1cb609da348fcf04ffd96f4",
                    "passes": 11776,
                    "fails": 2,
                    "name": "200",
                    "path": "::200"
                }
            },
        "name": "",
        "path": ""
    },
    "metrics": {
        "iteration_duration": {
            "p(95)": 274.60470184999997,
            "avg": 152.96971228595666,
            "min": 63.825417,
            "med": 131.47581250000002,
            "max": 1321.980083,
            "p(90)": 229.8224625
        },
        "iterations": {
            "count": 11778,
            "rate": 195.7341163584314
        },
        "http_req_sending": {
            "avg": 0.01773323144846269,
            "min": 0.004,
            "med": 0.014,
            "max": 4.438,
            "p(90)": 0.024,
            "p(95)": 0.027
        },
        "http_req_waiting": {
            "p(90)": 178.8697,
            "p(95)": 224.12054999999998,
            "avg": 102.29401010358308,
            "min": 13.283,
            "med": 80.874,
            "max": 1271.168
        },
        "vus_max": {
            "value": 30,
            "min": 30,
            "max": 30
        },
        "data_sent": {
            "count": 1837626,
            "rate": 30538.809756094317
        },
        "http_req_tls_handshaking": {
            "p(90)": 0,
            "p(95)": 0,
            "avg": 0.06649380200373578,
            "min": 0,
            "med": 0,
            "max": 40.225
        },
        "http_req_receiving": {
            "avg": 0.05781108847002872,
            "min": 0.013,
            "med": 0.048,
            "max": 3.878,
            "p(90)": 0.087,
            "p(95)": 0.1
        },
        "http_reqs": {
            "count": 11778,
            "rate": 195.7341163584314
        },
        "http_req_duration{expected_response:true}": {
            "max": 1271.271,
            "p(90)": 178.976,
            "p(95)": 224.20999999999998,
            "avg": 102.38066686480984,
            "min": 13.343,
            "med": 80.96000000000001
        },
        "vus": {
            "min": 30,
            "max": 30,
            "value": 30
        },
        "http_req_connecting": {
            "p(90)": 0,
            "p(95)": 0,
            "avg": 0.005445151978264561,
            "min": 0,
            "med": 0,
            "max": 2.739
        },
        "http_req_failed": {
            "passes": 2,
            "fails": 11776,
            "thresholds": {
                "rate<0.08": false
            },
            "value": 0.00016980811682798438
        },
        "data_received": {
            "count": 13759224,
            "rate": 228659.32683118712
        },
        "http_req_duration": {
            "avg": 102.3695544235015,
            "min": 13.343,
            "med": 80.958,
            "max": 1271.271,
            "p(90)": 178.9708,
            "p(95)": 224.2088,
            "thresholds": {
                "p(99)<3000": false,
                "p(100)<8000": false,
                "p(95)<800": false
            }
        },
        "checks": {
            "passes": 11776,
            "fails": 2,
            "value": 0.999830191883172
        },
        "http_req_blocked": {
            "avg": 0.08689251146205428,
            "min": 0.001,
            "med": 0.004,
            "max": 46.143,
            "p(90)": 0.007,
            "p(95)": 0.008
        }
    }
}