service,protocol,p50,p95,p99,max,rps
booking,http3,73.868,431.20999999999947,,5046.973,47.98052449864935
