{
    "root_group": {
        "name": "",
        "path": "",
        "id": "d41d8cd98f00b204e9800998ecf8427e",
        "groups": {},
        "checks": {
                "200": {
                    "name": "200",
                    "path": "::200",
                    "id": "4230b0c1b1cb609da348fcf04ffd96f4",
                    "passes": 1331,
                    "fails": 0
                }
            }
    },
    "metrics": {
        "checks": {
            "fails": 0,
            "passes": 1331,
            "value": 1
        },
        "http_req_connecting": {
            "p(95)": 0,
            "avg": 0.009029301277235162,
            "min": 0,
            "med": 0,
            "max": 1.714,
            "p(90)": 0
        },
        "http_req_sending": {
            "max": 1.953,
            "p(90)": 0.032,
            "p(95)": 0.043,
            "avg": 0.022403456048084126,
            "min": 0.004,
            "med": 0.016
        },
        "http_req_duration": {
            "avg": 24.581752066115683,
            "min": 1.259,
            "med": 6.539,
            "max": 602.834,
            "p(90)": 64.803,
            "p(95)": 111.33899999999988,
            "thresholds": {
                "p(95)<500": false,
                "p(99)<1000": false,
                "p(100)<4000": false,
                "p(50)<250": false
            }
        },
        "http_req_failed": {
            "passes": 0,
            "fails": 1331,
            "thresholds": {
                "rate<0.05": false
            },
            "value": 0
        },
        "http_reqs": {
            "count": 1331,
            "rate": 132.52447271987214
        },
        "http_req_blocked": {
            "avg": 0.16356423741547246,
            "min": 0.001,
            "med": 0.004,
            "max": 25.318,
            "p(90)": 0.008,
            "p(95)": 0.012
        },
        "http_req_receiving": {
            "avg": 0.07616604057099943,
            "min": 0.017,
            "med": 0.055,
            "max": 2.403,
            "p(90)": 0.117,
            "p(95)": 0.15649999999999994
        },
        "data_sent": {
            "count": 216771,
            "rate": 21583.367750532983
        },
        "iterations": {
            "count": 1331,
            "rate": 132.52447271987214
        },
        "vus": {
            "value": 10,
            "min": 10,
            "max": 10
        },
        "http_req_duration{expected_response:true}": {
            "avg": 24.581752066115683,
            "min": 1.259,
            "med": 6.539,
            "max": 602.834,
            "p(90)": 64.803,
            "p(95)": 111.33899999999988
        },
        "http_req_tls_handshaking": {
            "min": 0,
            "med": 0,
            "max": 20.227,
            "p(90)": 0,
            "p(95)": 0,
            "avg": 0.11815927873779113
        },
        "iteration_duration": {
            "avg": 75.27010314951166,
            "min": 51.347208,
            "med": 57.054166,
            "max": 653.871125,
            "p(90)": 115.184791,
            "p(95)": 162.95243749999983
        },
        "data_received": {
            "count": 1322288,
            "rate": 131657.0398075239
        },
        "vus_max": {
            "value": 10,
            "min": 10,
            "max": 10
        },
        "http_req_waiting": {
            "avg": 24.48318256949665,
            "min": 1.227,
            "med": 6.43,
            "max": 602.697,
            "p(90)": 64.69,
            "p(95)": 111.1509999999999
        }
    }
}