{
  "root_group": {
    "name": "",
    "path": "",
    "id": "d41d8cd98f00b204e9800998ecf8427e",
    "groups": {},
    "checks": {
      "200": {
        "name": "200",
        "path": "::200",
        "id": "4230b0c1b1cb609da348fcf04ffd96f4",
        "passes": 4479,
        "fails": 184
      }
    }
  },
  "metrics": {
    "http_req_receiving": {
      "med": 0.043,
      "max": 1.94,
      "p(90)": 0.088,
      "p(95)": 0.10689999999999979,
      "avg": 0.055455500750589616,
      "min": 0
    },
    "vus_max": {
      "max": 20,
      "value": 20,
      "min": 20
    },
    "data_received": {
      "count": 4809429,
      "rate": 79900.25204627907
    },
    "http_req_failed": {
      "passes": 184,
      "fails": 4479,
      "thresholds": {
        "rate<0.08": false
      },
      "value": 0.03945957538065623
    },
    "http_req_waiting": {
      "avg": 207.19244713703642,
      "min": 4.846,
      "med": 60.986,
      "max": 12001.538,
      "p(90)": 243.20000000000002,
      "p(95)": 350.83069999999987
    },
    "checks": {
      "passes": 4479,
      "fails": 184,
      "value": 0.9605404246193437
    },
    "iterations": {
      "count": 4663,
      "rate": 77.4675902881193
    },
    "http_reqs": {
      "count": 4663,
      "rate": 77.4675902881193
    },
    "http_req_blocked": {
      "avg": 0.1354293373364794,
      "min": 0.001,
      "med": 0.004,
      "max": 29.055,
      "p(90)": 0.007,
      "p(95)": 0.009
    },
    "vus": {
      "value": 20,
      "min": 20,
      "max": 20
    },
    "http_req_tls_handshaking": {
      "p(90)": 0,
      "p(95)": 0,
      "avg": 0.1003101007934806,
      "min": 0,
      "med": 0,
      "max": 23.036
    },
    "http_req_connecting": {
      "min": 0,
      "med": 0,
      "max": 5.608,
      "p(90)": 0,
      "p(95)": 0,
      "avg": 0.020595968260776334
    },
    "data_sent": {
      "count": 806514,
      "rate": 13398.819668374917
    },
    "http_req_duration": {
      "max": 12001.596,
      "p(90)": 243.267,
      "p(95)": 350.8874999999999,
      "avg": 207.26513510615507,
      "min": 4.891,
      "med": 61.077,
      "thresholds": {
        "p(95)<600": false,
        "p(99)<2500": true,
        "p(100)<8000": true
      }
    },
    "http_req_duration{expected_response:true}": {
      "avg": 146.97021723599016,
      "min": 4.891,
      "med": 60.655,
      "max": 11723.188,
      "p(90)": 235.08980000000005,
      "p(95)": 330.19709999999986
    },
    "http_req_sending": {
      "avg": 0.017232468368003726,
      "min": 0.003,
      "med": 0.014,
      "max": 2.691,
      "p(90)": 0.026,
      "p(95)": 0.0328999999999998
    },
    "iteration_duration": {
      "p(90)": 293.595884,
      "p(95)": 401.1945124999999,
      "avg": 257.8214208260769,
      "min": 55.196125,
      "med": 111.6145,
      "max": 12054.722834
    }
  },
  "k6_matrix_warning": "k6 thresholds crossed; metrics preserved (exit 99)",
  "k6_matrix_status": "thresholds_crossed_with_metrics",
  "k6_matrix_exit_code": 99
}
