service,protocol,p50,p95,p99,max,rps
event-layer,http1.1,32.9855,193.6763499999999,,1057.202,79.00322508721078
