{
    "root_group": {
        "path": "",
        "id": "d41d8cd98f00b204e9800998ecf8427e",
        "groups": {},
        "checks": {
                "200": {
                    "fails": 0,
                    "name": "200",
                    "path": "::200",
                    "id": "4230b0c1b1cb609da348fcf04ffd96f4",
                    "passes": 18771
                }
            },
        "name": ""
    },
    "metrics": {
        "checks": {
            "passes": 18771,
            "fails": 0,
            "value": 1
        },
        "http_reqs": {
            "count": 18771,
            "rate": 312.4937675214844
        },
        "http_req_sending": {
            "p(90)": 0.022,
            "p(95)": 0.027,
            "avg": 0.018017260668051052,
            "min": 0.003,
            "med": 0.013,
            "max": 7.721
        },
        "vus": {
            "value": 40,
            "min": 40,
            "max": 40
        },
        "iteration_duration": {
            "avg": 127.91214488008075,
            "min": 52.019042,
            "med": 102.368959,
            "max": 1466.183958,
            "p(90)": 214.501625,
            "p(95)": 274.4730209999999
        },
        "vus_max": {
            "value": 40,
            "min": 40,
            "max": 40
        },
        "http_req_tls_handshaking": {
            "min": 0,
            "med": 0,
            "max": 38.742,
            "p(90)": 0,
            "p(95)": 0,
            "avg": 0.053596398700122526
        },
        "data_sent": {
            "count": 2897581,
            "rate": 48238.026923907644
        },
        "data_received": {
            "count": 18440318,
            "rate": 306988.6764751076
        },
        "http_req_duration": {
            "min": 1.724,
            "med": 52.031,
            "max": 1415.757,
            "p(90)": 163.451,
            "p(95)": 224.14799999999997,
            "avg": 77.47319647328315,
            "thresholds": {
                "p(95)<500": false,
                "p(99)<1000": false,
                "p(100)<4000": false,
                "p(50)<250": false
            }
        },
        "http_req_blocked": {
            "max": 44.722,
            "p(90)": 0.006,
            "p(95)": 0.008,
            "avg": 0.07053854349792171,
            "min": 0.001,
            "med": 0.004
        },
        "http_req_receiving": {
            "p(95)": 0.094,
            "avg": 0.052943529913163076,
            "min": 0.012,
            "med": 0.042,
            "max": 7.864,
            "p(90)": 0.077
        },
        "iterations": {
            "count": 18771,
            "rate": 312.4937675214844
        },
        "http_req_waiting": {
            "p(90)": 163.379,
            "p(95)": 224.04349999999997,
            "avg": 77.40223568270194,
            "min": 1.683,
            "med": 51.978,
            "max": 1415.679
        },
        "http_req_duration{expected_response:true}": {
            "min": 1.724,
            "med": 52.031,
            "max": 1415.757,
            "p(90)": 163.451,
            "p(95)": 224.14799999999997,
            "avg": 77.47319647328315
        },
        "http_req_connecting": {
            "avg": 0.006409195034894253,
            "min": 0,
            "med": 0,
            "max": 3.89,
            "p(90)": 0,
            "p(95)": 0
        },
        "http_req_failed": {
            "passes": 0,
            "fails": 18771,
            "thresholds": {
                "rate<0.05": false
            },
            "value": 0
        }
    }
}