service,protocol,p50,p95,p99,max,rps
gateway,http2,4.4935,21.63974999999999,,137.816,171.46918285064922
