service,protocol,p50,p95,p99,max,rps
auth,http1.1,149.30349999999999,416.9054,,1329.046,167.99110575065052
