{
  "metrics": {
    "http_req_tls_handshaking": {
      "avg": 0.2043099969428309,
      "min": 0,
      "med": 0,
      "max": 75.954,
      "p(90)": 0,
      "p(95)": 0
    },
    "http_req_failed": {
      "fails": 5051,
      "passes": 4762,
      "thresholds": {
        "rate<0.05": true
      },
      "value": 0.4852746356873535
    },
    "checks": {
      "passes": 5051,
      "fails": 4762,
      "value": 0.5147253643126465
    },
    "vus": {
      "min": 40,
      "max": 40,
      "value": 40
    },
    "http_req_connecting": {
      "avg": 0.05686385407113012,
      "min": 0,
      "med": 0,
      "max": 14.656,
      "p(90)": 0,
      "p(95)": 0
    },
    "http_req_blocked": {
      "avg": 0.28050983389391426,
      "min": 0,
      "med": 0.001,
      "max": 94.445,
      "p(90)": 0.001,
      "p(95)": 0.001
    },
    "iteration_duration": {
      "max": 3286.278667,
      "p(90)": 562.6910914000001,
      "p(95)": 735.5108582,
      "avg": 244.83705982156337,
      "min": 80.341333,
      "med": 101.237417
    },
    "http_req_duration": {
      "max": 3205.779,
      "p(90)": 481.71979999999996,
      "p(95)": 654.7239999999999,
      "avg": 164.03040578823965,
      "min": 0.262,
      "med": 20.141,
      "thresholds": {
        "p(95)<1200": false,
        "p(99)<4000": false,
        "p(100)<8000": false
      }
    },
    "http_req_duration{expected_response:true}": {
      "avg": 316.6153165709753,
      "min": 5.164,
      "med": 213.877,
      "max": 3205.779,
      "p(90)": 647.542,
      "p(95)": 855.0229999999999
    },
    "http_req_waiting": {
      "min": 0,
      "med": 20.072,
      "max": 3205.34,
      "p(90)": 481.46880000000004,
      "p(95)": 654.5575999999999,
      "avg": 163.88838703760305
    },
    "data_sent": {
      "count": 439991,
      "rate": 7317.916208677709
    },
    "vus_max": {
      "value": 40,
      "min": 40,
      "max": 40
    },
    "iterations": {
      "count": 9813,
      "rate": 163.2095014574261
    },
    "http_req_receiving": {
      "med": 0.037,
      "max": 7.208,
      "p(90)": 0.104,
      "p(95)": 0.161,
      "avg": 0.060039335575257154,
      "min": 0.004
    },
    "http_req_sending": {
      "avg": 0.08197941506165281,
      "min": 0.014,
      "med": 0.068,
      "max": 6.298,
      "p(90)": 0.13,
      "p(95)": 0.15539999999999957
    },
    "data_received": {
      "count": 1434921,
      "rate": 23865.56007752892
    },
    "http_reqs": {
      "count": 9813,
      "rate": 163.2095014574261
    }
  },
  "root_group": {
    "name": "",
    "path": "",
    "id": "d41d8cd98f00b204e9800998ecf8427e",
    "groups": {},
    "checks": {
      "200": {
        "name": "200",
        "path": "::200",
        "id": "4230b0c1b1cb609da348fcf04ffd96f4",
        "passes": 5051,
        "fails": 4762
      }
    }
  },
  "k6_matrix_warning": "k6 thresholds crossed; metrics preserved (exit 99)",
  "k6_matrix_status": "thresholds_crossed_with_metrics",
  "k6_matrix_exit_code": 99
}
