{
    "root_group": {
        "name": "",
        "path": "",
        "id": "d41d8cd98f00b204e9800998ecf8427e",
        "groups": {},
        "checks": {
                "gw": {
                    "name": "gw",
                    "path": "::gw",
                    "id": "4bed004c615ee0454c506a21f65ee38c",
                    "passes": 1943,
                    "fails": 0
                },
                "msg": {
                    "name": "msg",
                    "path": "::msg",
                    "id": "e4e5993c90ae2728fc677fea56e9a3e2",
                    "passes": 3878,
                    "fails": 0
                },
                "book": {
                    "name": "book",
                    "path": "::book",
                    "id": "c32672b9a002ce46d620b0d99dc456c3",
                    "passes": 1929,
                    "fails": 2
                },
                "long_q": {
                    "name": "long_q",
                    "path": "::long_q",
                    "id": "3fc9e807932e8b458afd34be1f335357",
                    "passes": 1928,
                    "fails": 0
                },
                "bad_json": {
                    "path": "::bad_json",
                    "id": "922dc211d6d29f52a417f71333d4ff40",
                    "passes": 1924,
                    "fails": 0,
                    "name": "bad_json"
                }
            }
    },
    "metrics": {
        "http_req_failed": {
            "passes": 0,
            "fails": 11604,
            "thresholds": {
                "rate<0.15": false
            },
            "value": 0
        },
        "http_req_connecting": {
            "max": 3.488,
            "p(90)": 0,
            "p(95)": 0,
            "avg": 0.004564201999310582,
            "min": 0,
            "med": 0
        },
        "http_req_sending": {
            "avg": 0.07995130989314035,
            "min": 0.015,
            "med": 0.068,
            "max": 2.827,
            "p(90)": 0.13,
            "p(95)": 0.152
        },
        "iterations": {
            "count": 11604,
            "rate": 193.11389854074693
        },
        "vus_max": {
            "value": 20,
            "min": 20,
            "max": 20
        },
        "http_req_duration{expected_response:true}": {
            "max": 1049.111,
            "p(90)": 96.87570000000002,
            "p(95)": 147.13615,
            "avg": 42.56973500517066,
            "min": 1.531,
            "med": 19.8095
        },
        "iteration_duration": {
            "p(90)": 163.32056630000002,
            "p(95)": 214.87907494999996,
            "avg": 103.47764859781088,
            "min": 22.642084,
            "med": 89.01483350000001,
            "max": 1141.326625
        },
        "http_reqs": {
            "count": 11604,
            "rate": 193.11389854074693
        },
        "http_req_tls_handshaking": {
            "med": 0,
            "max": 31.655,
            "p(90)": 0,
            "p(95)": 0,
            "avg": 0.03856747673216133,
            "min": 0
        },
        "http_req_waiting": {
            "avg": 42.42387650810061,
            "min": 1.432,
            "med": 19.672,
            "max": 1048.992,
            "p(90)": 96.73490000000001,
            "p(95)": 146.94969999999998
        },
        "data_received": {
            "rate": 22868.420054548853,
            "count": 1374138
        },
        "checks": {
            "passes": 11602,
            "fails": 2,
            "value": 0.9998276456394347
        },
        "event_layer_adversarial_accepted": {
            "passes": 3852,
            "fails": 0,
            "thresholds": {
                "rate>0.70": false
            },
            "value": 1
        },
        "http_req_receiving": {
            "med": 0.048,
            "max": 3.349,
            "p(90)": 0.104,
            "p(95)": 0.149,
            "avg": 0.06590718717683493,
            "min": 0.013
        },
        "vus": {
            "value": 20,
            "min": 20,
            "max": 20
        },
        "http_req_blocked": {
            "p(90)": 0.001,
            "p(95)": 0.001,
            "avg": 0.04966451223714691,
            "min": 0,
            "med": 0.001,
            "max": 38.097
        },
        "data_sent": {
            "count": 7567571,
            "rate": 125939.6017144001
        },
        "http_req_duration": {
            "med": 19.8095,
            "max": 1049.111,
            "p(90)": 96.87570000000002,
            "p(95)": 147.13615,
            "avg": 42.56973500517066,
            "min": 1.531,
            "thresholds": {
                "p(95)<2500": false,
                "p(99)<6000": false,
                "p(100)<15000": false
            }
        }
    }
}