{
    "root_group": {
        "groups": {},
        "checks": {
                "200": {
                    "passes": 445,
                    "fails": 0,
                    "name": "200",
                    "path": "::200",
                    "id": "4230b0c1b1cb609da348fcf04ffd96f4"
                }
            },
        "name": "",
        "path": "",
        "id": "d41d8cd98f00b204e9800998ecf8427e"
    },
    "metrics": {
        "http_req_connecting": {
            "p(90)": 0,
            "p(95)": 0,
            "avg": 0.06800898876404494,
            "min": 0,
            "med": 0,
            "max": 3.297
        },
        "http_req_sending": {
            "p(95)": 0.04459999999999996,
            "avg": 0.026966292134831434,
            "min": 0.008,
            "med": 0.023,
            "max": 0.348,
            "p(90)": 0.035
        },
        "http_req_duration": {
            "med": 146.41,
            "max": 572.037,
            "p(90)": 320.0192,
            "p(95)": 407.18739999999985,
            "avg": 174.56555955056186,
            "min": 33.161,
            "thresholds": {
                "p(95)<800": false,
                "p(99)<3000": false,
                "p(100)<8000": false
            }
        },
        "data_received": {
            "count": 538105,
            "rate": 53344.48788825698
        },
        "iterations": {
            "count": 445,
            "rate": 44.114619099012934
        },
        "checks": {
            "passes": 445,
            "fails": 0,
            "value": 1
        },
        "data_sent": {
            "count": 83430,
            "rate": 8270.74757624865
        },
        "http_reqs": {
            "count": 445,
            "rate": 44.114619099012934
        },
        "http_req_tls_handshaking": {
            "avg": 0.4918674157303371,
            "min": 0,
            "med": 0,
            "max": 29.928,
            "p(90)": 0,
            "p(95)": 0
        },
        "iteration_duration": {
            "avg": 225.96721519775278,
            "min": 83.36775,
            "med": 197.026417,
            "max": 622.700166,
            "p(90)": 388.8350502,
            "p(95)": 458.03337539999984
        },
        "http_req_receiving": {
            "p(95)": 0.14379999999999996,
            "avg": 0.08557977528089888,
            "min": 0.026,
            "med": 0.076,
            "max": 0.518,
            "p(90)": 0.125
        },
        "http_req_waiting": {
            "p(95)": 407.0269999999998,
            "avg": 174.4530134831461,
            "min": 33.099,
            "med": 146.245,
            "max": 571.934,
            "p(90)": 319.9024
        },
        "http_req_blocked": {
            "avg": 0.6793370786516817,
            "min": 0.002,
            "med": 0.007,
            "max": 37.556,
            "p(90)": 0.011,
            "p(95)": 0.019
        },
        "http_req_failed": {
            "passes": 0,
            "fails": 445,
            "thresholds": {
                "rate<0.08": false
            },
            "value": 0
        },
        "http_req_duration{expected_response:true}": {
            "avg": 174.56555955056186,
            "min": 33.161,
            "med": 146.41,
            "max": 572.037,
            "p(90)": 320.0192,
            "p(95)": 407.18739999999985
        },
        "vus_max": {
            "value": 10,
            "min": 10,
            "max": 10
        },
        "vus": {
            "value": 10,
            "min": 10,
            "max": 10
        }
    }
}