{
    "metrics": {
        "data_received": {
            "count": 225462,
            "rate": 3750.328916031985
        },
        "http_req_sending": {
            "avg": 0.17142175360710296,
            "min": 0.061,
            "med": 0.152,
            "max": 2.455,
            "p(90)": 0.235,
            "p(95)": 0.274
        },
        "data_sent": {
            "count": 86587,
            "rate": 1440.2858568293614
        },
        "http_req_waiting": {
            "p(90)": 21.043,
            "p(95)": 28.081,
            "avg": 13.587578246392889,
            "min": 6.27,
            "med": 10.697,
            "max": 164.653
        },
        "http_req_receiving": {
            "min": 0.033,
            "med": 0.077,
            "max": 2.204,
            "p(90)": 0.126,
            "p(95)": 0.164,
            "avg": 0.09302885682574925
        },
        "iteration_duration": {
            "p(90)": 122.890583,
            "p(95)": 130.357041,
            "avg": 115.35484821420653,
            "min": 107.664708,
            "med": 112.536333,
            "max": 266.523667
        },
        "http_reqs": {
            "count": 901,
            "rate": 14.987210054664725
        },
        "vus": {
            "value": 2,
            "min": 1,
            "max": 2
        },
        "http_req_tls_handshaking": {
            "avg": 0.19948279689234183,
            "min": 0,
            "med": 0,
            "max": 13.864,
            "p(90)": 0,
            "p(95)": 0
        },
        "http_req_duration": {
            "max": 165.09,
            "p(90)": 21.34,
            "p(95)": 28.431,
            "avg": 13.852028856825758,
            "min": 6.637,
            "med": 10.956,
            "thresholds": {
                "p(95)<600": false,
                "p(99)<2500": false,
                "p(100)<10000": false
            }
        },
        "errors": {
            "fails": 901,
            "passes": 0,
            "thresholds": {
                "rate<0.05": false
            },
            "value": 0
        },
        "http_req_connecting": {
            "med": 0,
            "max": 2.011,
            "p(90)": 0,
            "p(95)": 0,
            "avg": 0.025714761376248608,
            "min": 0
        },
        "http_req_duration{expected_response:true}": {
            "p(90)": 21.34,
            "p(95)": 28.431,
            "avg": 13.852028856825758,
            "min": 6.637,
            "med": 10.956,
            "max": 165.09
        },
        "http_req_failed": {
            "passes": 0,
            "fails": 901,
            "thresholds": {
                "rate<0.05": false
            },
            "value": 0
        },
        "vus_max": {
            "value": 30,
            "min": 30,
            "max": 30
        },
        "http_req_blocked": {
            "avg": 0.23543285238624137,
            "min": 0,
            "med": 0.001,
            "max": 18.007,
            "p(90)": 0.001,
            "p(95)": 0.002
        },
        "iterations": {
            "count": 901,
            "rate": 14.987210054664725
        },
        "checks": {
            "passes": 901,
            "fails": 0,
            "value": 1
        }
    },
    "root_group": {
        "name": "",
        "path": "",
        "id": "d41d8cd98f00b204e9800998ecf8427e",
        "groups": {},
        "checks": {
                "media health": {
                    "name": "media health",
                    "path": "::media health",
                    "id": "841f137838968c18a16538aa00c03cc0",
                    "passes": 901,
                    "fails": 0
                }
            }
    }
}