service,protocol,p50,p95,p99,max,rps
trust,http2,130.952,703.8639999999995,,15002.291,53.91741788567742
