service,protocol,p50,p95,p99,max,rps
media,http3,151.017,706.6904499999997,,3304.681,14.923633870945334
