service,protocol,p50,p95,p99,max,rps
analytics,http2,130.64499999999998,586.0394999999997,,1935.46,108.19160933506066
