{
    "root_group": {
        "name": "",
        "path": "",
        "id": "d41d8cd98f00b204e9800998ecf8427e",
        "groups": {},
        "checks": {
                "200": {
                    "name": "200",
                    "path": "::200",
                    "id": "4230b0c1b1cb609da348fcf04ffd96f4",
                    "passes": 14696,
                    "fails": 0
                }
            }
    },
    "metrics": {
        "data_sent": {
            "count": 635632,
            "rate": 10579.0014065236
        },
        "http_req_failed": {
            "passes": 0,
            "fails": 14696,
            "thresholds": {
                "rate<0.08": false
            },
            "value": 0
        },
        "http_req_sending": {
            "p(95)": 0.119,
            "avg": 0.06282253674469182,
            "min": 0.016,
            "med": 0.0545,
            "max": 2.735,
            "p(90)": 0.103
        },
        "vus": {
            "min": 40,
            "max": 40,
            "value": 40
        },
        "data_received": {
            "count": 3939008,
            "rate": 65558.01339817334
        },
        "vus_max": {
            "value": 40,
            "min": 40,
            "max": 40
        },
        "http_req_duration": {
            "avg": 112.96516739248767,
            "min": 16.487,
            "med": 94.9845,
            "max": 572.168,
            "p(90)": 199.06550000000004,
            "p(95)": 244.0519999999999,
            "thresholds": {
                "p(95)<800": false,
                "p(99)<3000": false,
                "p(100)<8000": false
            }
        },
        "http_req_duration{expected_response:true}": {
            "avg": 112.96516739248767,
            "min": 16.487,
            "med": 94.9845,
            "max": 572.168,
            "p(90)": 199.06550000000004,
            "p(95)": 244.0519999999999
        },
        "http_req_tls_handshaking": {
            "p(90)": 0,
            "p(95)": 0,
            "avg": 0.08433573761567774,
            "min": 0,
            "med": 0,
            "max": 49.306
        },
        "iteration_duration": {
            "max": 622.687666,
            "p(90)": 250.041833,
            "p(95)": 294.6665205,
            "avg": 163.43561791820895,
            "min": 67.230417,
            "med": 145.2664585
        },
        "iterations": {
            "count": 14696,
            "rate": 244.58964411840628
        },
        "http_reqs": {
            "count": 14696,
            "rate": 244.58964411840628
        },
        "http_req_connecting": {
            "p(90)": 0,
            "p(95)": 0,
            "avg": 0.010051986935220468,
            "min": 0,
            "med": 0,
            "max": 4.312
        },
        "http_req_receiving": {
            "med": 0.049,
            "max": 8.779,
            "p(90)": 0.11250000000000034,
            "p(95)": 0.164,
            "avg": 0.06772842950462649,
            "min": 0.013
        },
        "checks": {
            "passes": 14696,
            "fails": 0,
            "value": 1
        },
        "http_req_blocked": {
            "p(90)": 0.001,
            "p(95)": 0.001,
            "avg": 0.10370059880238326,
            "min": 0,
            "med": 0.001,
            "max": 56.523
        },
        "http_req_waiting": {
            "avg": 112.83461642623877,
            "min": 16.403,
            "med": 94.84,
            "max": 572.007,
            "p(90)": 198.94250000000002,
            "p(95)": 243.87824999999998
        }
    }
}