{
    "root_group": {
        "name": "",
        "path": "",
        "id": "d41d8cd98f00b204e9800998ecf8427e",
        "groups": {},
        "checks": {
                "200": {
                    "path": "::200",
                    "id": "4230b0c1b1cb609da348fcf04ffd96f4",
                    "passes": 2031,
                    "fails": 1,
                    "name": "200"
                }
            }
    },
    "metrics": {
        "http_req_sending": {
            "avg": 0.09468602362204746,
            "min": 0.018,
            "med": 0.072,
            "max": 6.139,
            "p(90)": 0.141,
            "p(95)": 0.179
        },
        "http_req_failed": {
            "passes": 1,
            "fails": 2031,
            "thresholds": {
                "rate<0.08": false
            },
            "value": 0.0004921259842519685
        },
        "data_sent": {
            "count": 93304,
            "rate": 1548.6892418033824
        },
        "http_req_tls_handshaking": {
            "avg": 0.14142568897637794,
            "min": 0,
            "med": 0,
            "max": 39.53,
            "p(90)": 0,
            "p(95)": 0
        },
        "http_req_waiting": {
            "p(95)": 693.0973,
            "avg": 245.17127854330724,
            "min": 12.38,
            "med": 174.712,
            "max": 1647.393,
            "p(90)": 487.1774
        },
        "iteration_duration": {
            "p(95)": 743.9637623499999,
            "avg": 296.3280506505911,
            "min": 62.862167,
            "med": 225.83658350000002,
            "max": 1698.381375,
            "p(90)": 538.3476585999999
        },
        "vus_max": {
            "value": 10,
            "min": 10,
            "max": 10
        },
        "http_req_blocked": {
            "max": 48.697,
            "p(90)": 0.001,
            "p(95)": 0.001,
            "avg": 0.18849753937006494,
            "min": 0,
            "med": 0.001
        },
        "http_req_duration": {
            "p(95)": 693.2765999999999,
            "avg": 245.3688390748027,
            "min": 12.563,
            "med": 174.906,
            "max": 1647.733,
            "p(90)": 487.574,
            "thresholds": {
                "p(95)<800": false,
                "p(99)<3000": false,
                "p(100)<8000": false
            }
        },
        "http_req_connecting": {
            "avg": 0.00642765748031496,
            "min": 0,
            "med": 0,
            "max": 1.438,
            "p(90)": 0,
            "p(95)": 0
        },
        "http_req_receiving": {
            "avg": 0.10287450787401596,
            "min": 0.014,
            "med": 0.073,
            "max": 4.983,
            "p(90)": 0.15490000000000004,
            "p(95)": 0.22144999999999992
        },
        "data_received": {
            "count": 275261,
            "rate": 4568.868959401964
        },
        "checks": {
            "passes": 2031,
            "fails": 1,
            "value": 0.999507874015748
        },
        "iterations": {
            "count": 2032,
            "rate": 33.72777736586291
        },
        "vus": {
            "max": 10,
            "value": 10,
            "min": 10
        },
        "http_req_duration{expected_response:true}": {
            "med": 174.886,
            "max": 1647.733,
            "p(90)": 487.602,
            "p(95)": 693.304,
            "avg": 245.40124963072333,
            "min": 12.563
        },
        "http_reqs": {
            "count": 2032,
            "rate": 33.72777736586291
        }
    }
}