service,protocol,p50,p95,p99,max,rps
auth,http3,132.188,12340.286799999998,,13794.362,9.39666732671136
