{
    "metrics": {
        "checks": {
            "passes": 1114,
            "fails": 1,
            "value": 0.9991031390134529
        },
        "iterations": {
            "count": 1115,
            "rate": 73.60300020351394
        },
        "data_received": {
            "count": 192091,
            "rate": 12680.245661070132
        },
        "http_req_duration{expected_response:true}": {
            "min": 6.106,
            "med": 20.627499999999998,
            "max": 1073.369,
            "p(90)": 117.1497,
            "p(95)": 203.9322499999999,
            "avg": 54.759473967684
        },
        "vus": {
            "min": 10,
            "max": 10,
            "value": 10
        },
        "http_req_duration": {
            "p(90)": 117.3078,
            "p(95)": 203.82249999999988,
            "avg": 54.86633991031388,
            "min": 6.106,
            "med": 20.628,
            "max": 1073.369,
            "thresholds": {
                "p(95)<800": false,
                "p(99)<2000": false,
                "p(100)<5000": false
            }
        },
        "http_req_connecting": {
            "max": 1.641,
            "p(90)": 0,
            "p(95)": 0,
            "avg": 0.012866367713004484,
            "min": 0,
            "med": 0
        },
        "iteration_duration": {
            "min": 86.252458,
            "med": 100.978209,
            "max": 1153.889084,
            "p(90)": 197.778467,
            "p(95)": 284.25883749999986,
            "avg": 135.6073417228699
        },
        "vus_max": {
            "value": 10,
            "min": 10,
            "max": 10
        },
        "http_req_blocked": {
            "p(90)": 0.001,
            "p(95)": 0.001,
            "avg": 0.18668251121076443,
            "min": 0,
            "med": 0,
            "max": 25.331
        },
        "http_req_waiting": {
            "p(95)": 203.6791999999999,
            "avg": 54.72101524663675,
            "min": 6.055,
            "med": 20.454,
            "max": 1073.146,
            "p(90)": 117.085
        },
        "http_req_failed": {
            "passes": 1,
            "fails": 1114,
            "thresholds": {
                "rate<0.05": false
            },
            "value": 0.0008968609865470852
        },
        "http_reqs": {
            "count": 1115,
            "rate": 73.60300020351394
        },
        "http_req_sending": {
            "p(90)": 0.12560000000000002,
            "p(95)": 0.151,
            "avg": 0.07498206278026918,
            "min": 0.02,
            "med": 0.063,
            "max": 1.009
        },
        "http_req_receiving": {
            "min": 0.017,
            "med": 0.045,
            "max": 1.989,
            "p(90)": 0.112,
            "p(95)": 0.17129999999999995,
            "avg": 0.07034260089686115
        },
        "http_req_tls_handshaking": {
            "avg": 0.14441614349775786,
            "min": 0,
            "med": 0,
            "max": 20.408,
            "p(90)": 0,
            "p(95)": 0
        },
        "data_sent": {
            "count": 59635,
            "rate": 3936.6053068489273
        }
    },
    "root_group": {
        "name": "",
        "path": "",
        "id": "d41d8cd98f00b204e9800998ecf8427e",
        "groups": {},
        "checks": {
                "200": {
                    "name": "200",
                    "path": "::200",
                    "id": "4230b0c1b1cb609da348fcf04ffd96f4",
                    "passes": 1114,
                    "fails": 1
                }
            }
    }
}