{
  "root_group": {
    "id": "d41d8cd98f00b204e9800998ecf8427e",
    "groups": {},
    "checks": {
      "200": {
        "path": "::200",
        "id": "4230b0c1b1cb609da348fcf04ffd96f4",
        "passes": 6528,
        "fails": 7,
        "name": "200"
      }
    },
    "name": "",
    "path": ""
  },
  "metrics": {
    "data_received": {
      "count": 1679902,
      "rate": 27867.519836320527
    },
    "iteration_duration": {
      "med": 404.634125,
      "max": 5226.6865,
      "p(90)": 972.3811248000001,
      "p(95)": 1416.2460124999996,
      "avg": 552.5177481042072,
      "min": 127.262458
    },
    "http_req_sending": {
      "avg": 0.06545248661055837,
      "min": 0.014,
      "med": 0.054,
      "max": 6.209,
      "p(90)": 0.107,
      "p(95)": 0.125
    },
    "http_req_connecting": {
      "avg": 0.027904667176740637,
      "min": 0,
      "med": 0,
      "max": 4.221,
      "p(90)": 0,
      "p(95)": 0
    },
    "checks": {
      "passes": 6528,
      "fails": 7,
      "value": 0.998928844682479
    },
    "http_req_duration{expected_response:true}": {
      "min": 47.081,
      "med": 324.0665,
      "max": 5146.228,
      "p(90)": 889.8084000000005,
      "p(95)": 1336.3045999999995,
      "avg": 471.81374571078493
    },
    "http_reqs": {
      "count": 6535,
      "rate": 108.40765838147382
    },
    "iterations": {
      "rate": 108.40765838147382,
      "count": 6535
    },
    "vus_max": {
      "value": 60,
      "min": 60,
      "max": 60
    },
    "http_req_failed": {
      "passes": 7,
      "fails": 6528,
      "thresholds": {
        "rate<0.05": false
      },
      "value": 0.0010711553175210406
    },
    "http_req_receiving": {
      "max": 4.761,
      "p(90)": 0.113,
      "p(95)": 0.165,
      "avg": 0.07044621270084138,
      "min": 0.009,
      "med": 0.049
    },
    "http_req_waiting": {
      "med": 323.791,
      "max": 5145.961,
      "p(90)": 888.8656,
      "p(95)": 1335.2030999999995,
      "avg": 471.47586319816423,
      "min": 46.977
    },
    "vus": {
      "max": 60,
      "value": 60,
      "min": 60
    },
    "http_req_blocked": {
      "avg": 0.43870114766650004,
      "min": 0,
      "med": 0,
      "max": 73.788,
      "p(90)": 0.001,
      "p(95)": 0.001
    },
    "http_req_duration": {
      "max": 5146.228,
      "p(90)": 888.9868,
      "p(95)": 1335.6661999999994,
      "avg": 471.61176189747584,
      "min": 47.081,
      "med": 323.885,
      "thresholds": {
        "p(95)<1200": true,
        "p(99)<4000": false,
        "p(100)<8000": false
      }
    },
    "data_sent": {
      "count": 355795,
      "rate": 5902.2039500897445
    },
    "http_req_tls_handshaking": {
      "max": 67.444,
      "p(90)": 0,
      "p(95)": 0,
      "avg": 0.3838889058913543,
      "min": 0,
      "med": 0
    }
  },
  "k6_matrix_warning": "k6 thresholds crossed; metrics preserved (exit 99)",
  "k6_matrix_status": "thresholds_crossed_with_metrics",
  "k6_matrix_exit_code": 99
}
