service,protocol,p50,p95,p99,max,rps
analytics,http3,315.5365,805.2962499999999,,3873.469,43.42050883011647
