{
    "metrics": {
        "http_req_blocked": {
            "p(90)": 0.001,
            "p(95)": 0.001,
            "avg": 0.13869273689272535,
            "min": 0,
            "med": 0,
            "max": 54.762
        },
        "http_req_tls_handshaking": {
            "max": 46.667,
            "p(90)": 0,
            "p(95)": 0,
            "avg": 0.10651351611351612,
            "min": 0,
            "med": 0
        },
        "http_req_sending": {
            "med": 0.056,
            "max": 12.36,
            "p(90)": 0.106,
            "p(95)": 0.12229999999999953,
            "avg": 0.06663645983645979,
            "min": 0.015
        },
        "http_req_receiving": {
            "p(90)": 0.121,
            "p(95)": 0.182,
            "avg": 0.07384309764309743,
            "min": 0.012,
            "med": 0.051,
            "max": 4.907
        },
        "iterations": {
            "count": 10395,
            "rate": 172.72761698914613
        },
        "vus_max": {
            "value": 40,
            "min": 40,
            "max": 40
        },
        "checks": {
            "passes": 10394,
            "fails": 1,
            "value": 0.9999037999037999
        },
        "iteration_duration": {
            "med": 174.791333,
            "max": 4215.837667,
            "p(90)": 343.6857752,
            "p(95)": 462.5674544,
            "avg": 231.23930159422733,
            "min": 67.425583
        },
        "http_req_waiting": {
            "avg": 180.4365398749399,
            "min": 15.891,
            "med": 124.246,
            "max": 4165.263,
            "p(90)": 292.79220000000004,
            "p(95)": 410.1397999999998
        },
        "http_reqs": {
            "count": 10395,
            "rate": 172.72761698914613
        },
        "http_req_connecting": {
            "avg": 0.013907936507936512,
            "min": 0,
            "med": 0,
            "max": 4.163,
            "p(90)": 0,
            "p(95)": 0
        },
        "vus": {
            "max": 40,
            "value": 40,
            "min": 40
        },
        "http_req_duration{expected_response:true}": {
            "avg": 180.59285010582997,
            "min": 23.502,
            "med": 124.3765,
            "max": 4165.468,
            "p(90)": 292.95660000000004,
            "p(95)": 410.2840499999998
        },
        "data_sent": {
            "count": 469565,
            "rate": 7802.486144445253
        },
        "data_received": {
            "count": 2839840,
            "rate": 47187.95534684528
        },
        "http_req_duration": {
            "max": 4165.468,
            "p(90)": 292.9558,
            "p(95)": 410.26289999999983,
            "avg": 180.5770194324191,
            "min": 16.033,
            "med": 124.363,
            "thresholds": {
                "p(99)<3000": false,
                "p(100)<8000": false,
                "p(95)<800": false
            }
        },
        "http_req_failed": {
            "passes": 1,
            "fails": 10394,
            "thresholds": {
                "rate<0.08": false
            },
            "value": 0.0000962000962000962
        }
    },
    "root_group": {
        "name": "",
        "path": "",
        "id": "d41d8cd98f00b204e9800998ecf8427e",
        "groups": {},
        "checks": {
                "200": {
                    "passes": 10394,
                    "fails": 1,
                    "name": "200",
                    "path": "::200",
                    "id": "4230b0c1b1cb609da348fcf04ffd96f4"
                }
            }
    }
}