service,protocol,p50,p95,p99,max,rps
auth,http2,200.896,531.9524999999998,,1398.256,138.75317958720805
