{
    "metrics": {
        "data_received": {
            "count": 792657,
            "rate": 13190.698320867972
        },
        "http_req_receiving": {
            "max": 8.67,
            "p(90)": 0.13,
            "p(95)": 0.20209999999999972,
            "avg": 0.07947225920994201,
            "min": 0.014,
            "med": 0.052
        },
        "checks": {
            "passes": 6755,
            "fails": 4,
            "value": 0.999408196478769
        },
        "http_req_duration{expected_response:true}": {
            "avg": 28.06613034472546,
            "min": 1.799,
            "med": 12.837,
            "max": 1257.579,
            "p(90)": 57.5948,
            "p(95)": 92.20239999999997
        },
        "iteration_duration": {
            "avg": 88.81559698298553,
            "min": 22.960584,
            "med": 80.896375,
            "max": 1337.122375,
            "p(90)": 125.73240840000001,
            "p(95)": 157.6254628
        },
        "http_req_failed": {
            "passes": 0,
            "fails": 6759,
            "thresholds": {
                "rate<0.15": false
            },
            "value": 0
        },
        "http_req_blocked": {
            "avg": 0.07623346648911494,
            "min": 0,
            "med": 0,
            "max": 57.599,
            "p(90)": 0.001,
            "p(95)": 0.001
        },
        "iterations": {
            "rate": 112.47731358045992,
            "count": 6759
        },
        "http_reqs": {
            "count": 6759,
            "rate": 112.47731358045992
        },
        "vus_max": {
            "value": 10,
            "min": 10,
            "max": 10
        },
        "data_sent": {
            "count": 4401719,
            "rate": 73249.5233401492
        },
        "vus": {
            "value": 10,
            "min": 10,
            "max": 10
        },
        "http_req_sending": {
            "avg": 0.09664269862405694,
            "min": 0.016,
            "med": 0.073,
            "max": 6.786,
            "p(90)": 0.151,
            "p(95)": 0.189
        },
        "event_layer_adversarial_accepted": {
            "passes": 2244,
            "fails": 0,
            "thresholds": {
                "rate>0.70": false
            },
            "value": 1
        },
        "http_req_tls_handshaking": {
            "avg": 0.05950613996153276,
            "min": 0,
            "med": 0,
            "max": 46.955,
            "p(90)": 0,
            "p(95)": 0
        },
        "http_req_connecting": {
            "avg": 0.007747003994673768,
            "min": 0,
            "med": 0,
            "max": 6.006,
            "p(90)": 0,
            "p(95)": 0
        },
        "http_req_duration": {
            "avg": 28.06613034472546,
            "min": 1.799,
            "med": 12.837,
            "max": 1257.579,
            "p(90)": 57.5948,
            "p(95)": 92.20239999999997,
            "thresholds": {
                "p(100)<15000": false,
                "p(95)<2500": false,
                "p(99)<6000": false
            }
        },
        "http_req_waiting": {
            "avg": 27.890015386891648,
            "min": 1.721,
            "med": 12.679,
            "max": 1257.19,
            "p(90)": 57.413000000000004,
            "p(95)": 92.0751
        }
    },
    "root_group": {
        "groups": {},
        "checks": {
                "gw": {
                    "name": "gw",
                    "path": "::gw",
                    "id": "4bed004c615ee0454c506a21f65ee38c",
                    "passes": 1132,
                    "fails": 0
                },
                "msg": {
                    "name": "msg",
                    "path": "::msg",
                    "id": "e4e5993c90ae2728fc677fea56e9a3e2",
                    "passes": 2257,
                    "fails": 0
                },
                "book": {
                    "fails": 4,
                    "name": "book",
                    "path": "::book",
                    "id": "c32672b9a002ce46d620b0d99dc456c3",
                    "passes": 1122
                },
                "long_q": {
                    "name": "long_q",
                    "path": "::long_q",
                    "id": "3fc9e807932e8b458afd34be1f335357",
                    "passes": 1122,
                    "fails": 0
                },
                "bad_json": {
                    "path": "::bad_json",
                    "id": "922dc211d6d29f52a417f71333d4ff40",
                    "passes": 1122,
                    "fails": 0,
                    "name": "bad_json"
                }
            },
        "name": "",
        "path": "",
        "id": "d41d8cd98f00b204e9800998ecf8427e"
    }
}