service,protocol,p50,p95,p99,max,rps
gateway,http2,34.1535,138.27875,,8704.233,442.72732148605496
