service,protocol,p50,p95,p99,max,rps
gateway,http2,25.638,189.39419999999996,,1754.712,94.403494262277
