service,protocol,p50,p95,p99,max,rps
analytics,http2,43.4765,376.9947499999998,,1074.823,109.10234963424084
