service,protocol,p50,p95,p99,max,rps
analytics,http2,22.656,474.4945999999999,,8319.267,126.7268934630919
