service,protocol,p50,p95,p99,max,rps
messaging,http1.1,12.602,274.8040999999998,,1793.399,19.77789260128183
