service,protocol,p50,p95,p99,max,rps
trust,http2,41.791,350.7490999999996,,3283.811,53.84987628743225
