service,protocol,p50,p95,p99,max,rps
gateway,http1.1,129.768,325.80549999999994,,2449.2,295.85206458877445
