{
    "root_group": {
        "checks": {
            "200": {
                "name": "200",
                "path": "::200",
                "id": "4230b0c1b1cb609da348fcf04ffd96f4",
                "passes": 6508,
                "fails": 0
            }
        },
        "name": "",
        "path": "",
        "id": "d41d8cd98f00b204e9800998ecf8427e",
        "groups": {}
    },
    "metrics": {
        "data_sent": {
            "count": 300946,
            "rate": 5003.04733604013
        },
        "data_received": {
            "count": 1541222,
            "rate": 25621.894364259504
        },
        "iteration_duration": {
            "avg": 276.91468531914427,
            "min": 87.246583,
            "med": 211.0796455,
            "max": 2066.717375,
            "p(90)": 483.943167,
            "p(95)": 666.6808829999998
        },
        "http_req_failed": {
            "fails": 6508,
            "passes": 0,
            "thresholds": {
                "rate<0.05": false
            },
            "value": 0
        },
        "http_req_blocked": {
            "avg": 0.17079456054086192,
            "min": 0,
            "med": 0,
            "max": 51.595,
            "p(90)": 0.001,
            "p(95)": 0.001
        },
        "checks": {
            "passes": 6508,
            "fails": 0,
            "value": 1
        },
        "vus_max": {
            "value": 30,
            "min": 30,
            "max": 30
        },
        "http_req_connecting": {
            "p(90)": 0,
            "p(95)": 0,
            "avg": 0.009070067609096497,
            "min": 0,
            "med": 0,
            "max": 2.601
        },
        "http_req_tls_handshaking": {
            "med": 0,
            "max": 47.047,
            "p(90)": 0,
            "p(95)": 0,
            "avg": 0.14653902888752307,
            "min": 0
        },
        "http_reqs": {
            "count": 6508,
            "rate": 108.19160933506066
        },
        "http_req_duration{expected_response:true}": {
            "max": 1935.46,
            "p(90)": 402.942,
            "p(95)": 586.0394999999997,
            "avg": 196.26949846342941,
            "min": 6.828,
            "med": 130.64499999999998
        },
        "http_req_sending": {
            "avg": 0.07050000000000006,
            "min": 0.016,
            "med": 0.057,
            "max": 6.25,
            "p(90)": 0.112,
            "p(95)": 0.129
        },
        "vus": {
            "min": 30,
            "max": 30,
            "value": 30
        },
        "iterations": {
            "count": 6508,
            "rate": 108.19160933506066
        },
        "http_req_receiving": {
            "avg": 0.06834403810694507,
            "min": 0.012,
            "med": 0.05,
            "max": 4.5,
            "p(90)": 0.108,
            "p(95)": 0.16
        },
        "http_req_duration": {
            "avg": 196.26949846342941,
            "min": 6.828,
            "med": 130.64499999999998,
            "max": 1935.46,
            "p(90)": 402.942,
            "p(95)": 586.0394999999997,
            "thresholds": {
                "p(95)<1200": false,
                "p(99)<4000": false,
                "p(100)<8000": false
            }
        },
        "http_req_waiting": {
            "avg": 196.13065442532192,
            "min": 6.733,
            "med": 130.5045,
            "max": 1935.346,
            "p(90)": 402.81350000000003,
            "p(95)": 585.8697999999998
        }
    }
}