{
    "root_group": {
        "name": "",
        "path": "",
        "id": "d41d8cd98f00b204e9800998ecf8427e",
        "groups": {},
        "checks": {
                "200": {
                    "fails": 1,
                    "name": "200",
                    "path": "::200",
                    "id": "4230b0c1b1cb609da348fcf04ffd96f4",
                    "passes": 6792
                }
            }
    },
    "metrics": {
        "iteration_duration": {
            "min": 100.456958,
            "med": 279.560917,
            "max": 2451.853625,
            "p(90)": 594.6893582,
            "p(95)": 782.2883753999997,
            "avg": 354.0632185426178
        },
        "http_req_failed": {
            "passes": 1,
            "fails": 6792,
            "thresholds": {
                "rate<0.05": false
            },
            "value": 0.00014721036360959813
        },
        "http_req_duration": {
            "avg": 273.33271691447015,
            "min": 20.15,
            "med": 198.443,
            "max": 2371.444,
            "p(90)": 513.6158,
            "p(95)": 701.2163999999999,
            "thresholds": {
                "p(99)<4000": false,
                "p(100)<8000": false,
                "p(95)<1200": false
            }
        },
        "http_req_blocked": {
            "max": 61.112,
            "p(90)": 0.001,
            "p(95)": 0.001,
            "avg": 0.26256013543352347,
            "min": 0,
            "med": 0
        },
        "data_sent": {
            "count": 330141,
            "rate": 5483.979400206562
        },
        "iterations": {
            "rate": 112.83867216008666,
            "count": 6793
        },
        "http_req_sending": {
            "p(90)": 0.109,
            "p(95)": 0.127,
            "avg": 0.06854085087590163,
            "min": 0.013,
            "med": 0.058,
            "max": 4.122
        },
        "vus": {
            "value": 40,
            "min": 40,
            "max": 40
        },
        "http_req_receiving": {
            "max": 4.037,
            "p(90)": 0.114,
            "p(95)": 0.169,
            "avg": 0.06969233034005566,
            "min": 0.014,
            "med": 0.05
        },
        "checks": {
            "fails": 1,
            "passes": 6792,
            "value": 0.9998527896363903
        },
        "http_req_duration{expected_response:true}": {
            "min": 20.15,
            "med": 198.42700000000002,
            "max": 2371.444,
            "p(90)": 513.5142000000001,
            "p(95)": 700.7543499999998,
            "avg": 273.2031375147226
        },
        "vus_max": {
            "value": 40,
            "min": 40,
            "max": 40
        },
        "http_req_connecting": {
            "p(90)": 0,
            "p(95)": 0,
            "avg": 0.02080582953039894,
            "min": 0,
            "med": 0,
            "max": 5.021
        },
        "http_req_tls_handshaking": {
            "min": 0,
            "med": 0,
            "max": 52.989,
            "p(90)": 0,
            "p(95)": 0,
            "avg": 0.20906197556307965
        },
        "data_received": {
            "count": 1649893,
            "rate": 27406.408851202985
        },
        "http_reqs": {
            "count": 6793,
            "rate": 112.83867216008666
        },
        "http_req_waiting": {
            "p(90)": 513.5128,
            "p(95)": 701.0745999999998,
            "avg": 273.1944837332543,
            "min": 20.007,
            "med": 198.29,
            "max": 2371.322
        }
    }
}