service,protocol,p50,p95,p99,max,rps
media,http1.1,16.4125,80.21529999999991,,323.709,14.971248216841163
