service,protocol,p50,p95,p99,max,rps
listings,http3,241.502,1239.7324499999997,,2933.545,115.15774540814579
