service,protocol,p50,p95,p99,max,rps
booking,http2,572.722,2144.2715999999996,,5909.052,24.498349720977433
