{
  "root_group": {
    "groups": {},
    "checks": {
      "200": {
        "name": "200",
        "path": "::200",
        "id": "4230b0c1b1cb609da348fcf04ffd96f4",
        "passes": 219,
        "fails": 0
      }
    },
    "name": "",
    "path": "",
    "id": "d41d8cd98f00b204e9800998ecf8427e"
  },
  "metrics": {
    "data_sent": {
      "rate": 4501.67990088198,
      "count": 55867
    },
    "checks": {
      "fails": 0,
      "passes": 219,
      "value": 1
    },
    "iteration_duration": {
      "avg": 518.0269921735157,
      "min": 100.746292,
      "med": 394.941875,
      "max": 3057.531667,
      "p(90)": 947.4148916000004,
      "p(95)": 1486.5143830999996
    },
    "http_req_duration": {
      "min": 20.432,
      "med": 314.724,
      "max": 2977.132,
      "p(90)": 866.2080000000003,
      "p(95)": 1364.9075999999993,
      "avg": 435.5081826484017,
      "thresholds": {
        "p(95)<1200": true,
        "p(99)<4000": false,
        "p(100)<8000": false
      }
    },
    "http_req_sending": {
      "p(90)": 0.034,
      "p(95)": 0.05439999999999996,
      "avg": 0.03447488584474886,
      "min": 0.007,
      "med": 0.022,
      "max": 1.598
    },
    "iterations": {
      "rate": 17.646694798237846,
      "count": 219
    },
    "vus": {
      "value": 4,
      "min": 4,
      "max": 10
    },
    "http_req_waiting": {
      "min": 20.346,
      "med": 314.662,
      "max": 2977.024,
      "p(90)": 866.0708000000003,
      "p(95)": 1364.8119999999994,
      "avg": 435.36831506849313
    },
    "http_req_failed": {
      "fails": 219,
      "passes": 0,
      "thresholds": {
        "rate<0.05": false
      },
      "value": 0
    },
    "http_req_blocked": {
      "avg": 1.7681643835616427,
      "min": 0.002,
      "med": 0.006,
      "max": 45.685,
      "p(90)": 0.013200000000000005,
      "p(95)": 0.07439999999999929
    },
    "http_req_tls_handshaking": {
      "max": 30.309,
      "p(90)": 0,
      "p(95)": 0,
      "avg": 1.0269954337899543,
      "min": 0,
      "med": 0
    },
    "http_req_receiving": {
      "min": 0.02,
      "med": 0.074,
      "max": 1.798,
      "p(90)": 0.16160000000000005,
      "p(95)": 0.23399999999999982,
      "avg": 0.10539269406392693
    },
    "http_reqs": {
      "count": 219,
      "rate": 17.646694798237846
    },
    "data_received": {
      "count": 266507,
      "rate": 21474.73831321449
    },
    "http_req_connecting": {
      "avg": 0.3543881278538813,
      "min": 0,
      "med": 0,
      "max": 8.603,
      "p(90)": 0,
      "p(95)": 0
    },
    "vus_max": {
      "max": 10,
      "value": 10,
      "min": 10
    },
    "http_req_duration{expected_response:true}": {
      "avg": 435.5081826484017,
      "min": 20.432,
      "med": 314.724,
      "max": 2977.132,
      "p(90)": 866.2080000000003,
      "p(95)": 1364.9075999999993
    }
  },
  "k6_matrix_warning": "k6 thresholds crossed; metrics preserved (exit 99)",
  "k6_matrix_status": "thresholds_crossed_with_metrics",
  "k6_matrix_exit_code": 99
}
