service,protocol,p50,p95,p99,max,rps
analytics,http2,108.431,471.30779999999993,,7190.756,74.98593246317903
