{
    "metrics": {
        "http_req_connecting": {
            "med": 0,
            "max": 1.369,
            "p(90)": 0,
            "p(95)": 0,
            "avg": 0.003169188786901513,
            "min": 0
        },
        "http_req_sending": {
            "p(95)": 0.162,
            "avg": 0.0946340858347806,
            "min": 0.02,
            "med": 0.083,
            "max": 2.95,
            "p(90)": 0.136
        },
        "vus_max": {
            "value": 10,
            "min": 10,
            "max": 10
        },
        "http_req_waiting": {
            "min": 6.171,
            "med": 26.6,
            "max": 1127.646,
            "p(90)": 175.288,
            "p(95)": 252.02499999999998,
            "avg": 68.09221111386768
        },
        "http_req_duration": {
            "p(90)": 175.429,
            "p(95)": 253.88799999999944,
            "avg": 68.26737980649965,
            "min": 6.309,
            "med": 26.797,
            "max": 1127.854,
            "thresholds": {
                "p(95)<1200": false,
                "p(99)<4000": false,
                "p(100)<8000": false
            }
        },
        "iteration_duration": {
            "avg": 148.93143554800332,
            "min": 86.7915,
            "med": 107.380375,
            "max": 1208.1685,
            "p(90)": 255.905709,
            "p(95)": 335.0723539999996
        },
        "http_req_tls_handshaking": {
            "avg": 0.039754155296452494,
            "min": 0,
            "med": 0,
            "max": 19.672,
            "p(90)": 0,
            "p(95)": 0
        },
        "vus": {
            "value": 10,
            "min": 10,
            "max": 10
        },
        "http_req_failed": {
            "fails": 4031,
            "passes": 0,
            "thresholds": {
                "rate<0.05": false
            },
            "value": 0
        },
        "data_sent": {
            "count": 171297,
            "rate": 2851.973062983973
        },
        "iterations": {
            "count": 4031,
            "rate": 67.11327937376834
        },
        "checks": {
            "passes": 4031,
            "fails": 0,
            "value": 1
        },
        "http_req_blocked": {
            "p(95)": 0.001,
            "avg": 0.05358322996775285,
            "min": 0,
            "med": 0.001,
            "max": 24.589,
            "p(90)": 0.001
        },
        "data_received": {
            "count": 914464,
            "rate": 15225.174375900195
        },
        "http_req_receiving": {
            "p(90)": 0.121,
            "p(95)": 0.17849999999999983,
            "avg": 0.08053460679732065,
            "min": 0.014,
            "med": 0.06,
            "max": 5.12
        },
        "http_reqs": {
            "count": 4031,
            "rate": 67.11327937376834
        },
        "http_req_duration{expected_response:true}": {
            "med": 26.797,
            "max": 1127.854,
            "p(90)": 175.429,
            "p(95)": 253.88799999999944,
            "avg": 68.26737980649965,
            "min": 6.309
        }
    },
    "root_group": {
        "name": "",
        "path": "",
        "id": "d41d8cd98f00b204e9800998ecf8427e",
        "groups": {},
        "checks": {
                "200": {
                    "path": "::200",
                    "id": "4230b0c1b1cb609da348fcf04ffd96f4",
                    "passes": 4031,
                    "fails": 0,
                    "name": "200"
                }
            }
    }
}