service,protocol,p50,p95,p99,max,rps
auth,http3,145.354,379.23859999999996,,768.469,134.2150409124613
