service,protocol,p50,p95,p99,max,rps
messaging,http3,10.603,42.51429999999997,,557.269,19.785747485688088
