service,protocol,p50,p95,p99,max,rps
event-layer,http2,139.801,438.29549999999995,,3014.571,206.15219051508154
