service,protocol,p50,p95,p99,max,rps
messaging,http2,154.9595,607.0519999999992,,1583.636,19.73596534470807
