service,protocol,p50,p95,p99,max,rps
gateway,http1.1,4.3535,53.555249999999994,,284.636,473.5470487864292
