service,protocol,p50,p95,p99,max,rps
booking,http2,19.343,151.24909999999997,,127798.397,32.45333678946039
