service,protocol,p50,p95,p99,max,rps
analytics,http1.1,137.196,576.3471999999999,,2017.349,105.4594118635805
