service,protocol,p50,p95,p99,max,rps
auth,http2,68.191,174.59299999999982,,1151.417,226.3890530222922
