service,protocol,p50,p95,p99,max,rps
event-layer,http3,358.29449999999997,895.1101499999995,,9146.681,121.72922374044171
