service,protocol,p50,p95,p99,max,rps
gateway,http1.1,52.031,224.14799999999997,,1415.757,312.4937675214844
