service,protocol,p50,p95,p99,max,rps
listings,http1.1,96.1905,351.9206999999996,,1454.948,111.09924946984931
