service,protocol,p50,p95,p99,max,rps
analytics,http2,247.8125,1288.9282499999983,,2959.339,62.55889955184567
