service,protocol,p50,p95,p99,max,rps
auth,http2,73.463,281.78739999999976,,1535.503,127.40286379105093
