service,protocol,p50,p95,p99,max,rps
listings,http1.1,45.279,330.19639999999987,,1347.758,142.93950760078542
