service,protocol,p50,p95,p99,max,rps
booking,http3,174.906,693.2765999999999,,1647.733,33.72777736586291
