service,protocol,p50,p95,p99,max,rps
messaging,http1.1,11.3625,54.79854999999999,,456.21,19.962555901186878
