service,protocol,p50,p95,p99,max,rps
messaging,http1.1,27.001,596.4253999999983,,2260.72,19.76318048880256
