{
    "root_group": {
        "name": "",
        "path": "",
        "id": "d41d8cd98f00b204e9800998ecf8427e",
        "groups": {},
        "checks": {
                "media health": {
                    "name": "media health",
                    "path": "::media health",
                    "id": "841f137838968c18a16538aa00c03cc0",
                    "passes": 901,
                    "fails": 0
                }
            }
    },
    "metrics": {
        "checks": {
            "passes": 901,
            "fails": 0,
            "value": 1
        },
        "http_reqs": {
            "count": 901,
            "rate": 14.98853692998332
        },
        "http_req_duration{expected_response:true}": {
            "p(90)": 16.4,
            "p(95)": 20.682,
            "avg": 11.835409544950036,
            "min": 6.134,
            "med": 10.279,
            "max": 63.494
        },
        "http_req_sending": {
            "min": 0.053,
            "med": 0.16,
            "max": 2.972,
            "p(90)": 0.241,
            "p(95)": 0.268,
            "avg": 0.17052164261931207
        },
        "vus_max": {
            "max": 30,
            "value": 30,
            "min": 30
        },
        "errors": {
            "passes": 0,
            "fails": 901,
            "thresholds": {
                "rate<0.05": false
            },
            "value": 0
        },
        "http_req_failed": {
            "passes": 0,
            "fails": 901,
            "thresholds": {
                "rate<0.05": false
            },
            "value": 0
        },
        "http_req_blocked": {
            "min": 0,
            "med": 0.001,
            "max": 14.985,
            "p(90)": 0.002,
            "p(95)": 0.002,
            "avg": 0.22956714761376706
        },
        "http_req_receiving": {
            "avg": 0.08325638179800221,
            "min": 0.031,
            "med": 0.074,
            "max": 0.686,
            "p(90)": 0.118,
            "p(95)": 0.142
        },
        "http_req_duration": {
            "p(90)": 16.4,
            "p(95)": 20.682,
            "avg": 11.835409544950036,
            "min": 6.134,
            "med": 10.279,
            "max": 63.494,
            "thresholds": {
                "p(95)<600": false,
                "p(99)<2500": false,
                "p(100)<10000": false
            }
        },
        "iterations": {
            "count": 901,
            "rate": 14.98853692998332
        },
        "http_req_connecting": {
            "med": 0,
            "max": 2.568,
            "p(90)": 0,
            "p(95)": 0,
            "avg": 0.028801331853496117,
            "min": 0
        },
        "vus": {
            "max": 1,
            "value": 1,
            "min": 1
        },
        "iteration_duration": {
            "p(95)": 122.928333,
            "avg": 113.27846193229739,
            "min": 107.446042,
            "med": 111.492958,
            "max": 164.22775,
            "p(90)": 118.481292
        },
        "data_sent": {
            "count": 86647,
            "rate": 1441.4114976384735
        },
        "http_req_tls_handshaking": {
            "avg": 0.19109766925638172,
            "min": 0,
            "med": 0,
            "max": 10.787,
            "p(90)": 0,
            "p(95)": 0
        },
        "data_received": {
            "count": 225418,
            "rate": 3749.9289874394894
        },
        "http_req_waiting": {
            "p(90)": 16.279,
            "p(95)": 20.456,
            "avg": 11.581631520532744,
            "min": 5.811,
            "med": 10.016,
            "max": 63.328
        }
    }
}