service,protocol,p50,p95,p99,max,rps
auth,http1.1,178.67200000000003,463.7299499999998,,969.839,193.14831926566418
