service,protocol,p50,p95,p99,max,rps
booking,http2,77.1655,474.0478499999997,,1520.895,51.746525468132766
