service,protocol,p50,p95,p99,max,rps
trust,http3,176.958,511.6863999999997,,2504.986,96.40742816995872
