service,protocol,p50,p95,p99,max,rps
auth,http3,173.919,442.1426999999993,,1263.499,194.32136667096756
