service,protocol,p50,p95,p99,max,rps
auth,http2,21.993499999999997,54.04724999999999,,212.636,130.25832453332134
