{
    "metrics": {
        "http_reqs": {
            "count": 3522,
            "rate": 58.48140722139774
        },
        "http_req_connecting": {
            "max": 5.372,
            "p(90)": 0,
            "p(95)": 0,
            "avg": 0.014072969903463942,
            "min": 0,
            "med": 0
        },
        "data_sent": {
            "count": 152009,
            "rate": 2524.0489012826374
        },
        "iteration_duration": {
            "med": 124.110291,
            "max": 1140.904292,
            "p(90)": 289.61638750000003,
            "p(95)": 385.1084954999999,
            "avg": 170.59830867859168,
            "min": 85.940666
        },
        "vus_max": {
            "max": 10,
            "value": 10,
            "min": 10
        },
        "http_req_failed": {
            "passes": 0,
            "fails": 3522,
            "thresholds": {
                "rate<0.05": false
            },
            "value": 0
        },
        "http_req_duration{expected_response:true}": {
            "p(90)": 209.14350000000002,
            "p(95)": 304.3006,
            "avg": 89.86194605337879,
            "min": 5.578,
            "med": 43.351,
            "max": 1060.254
        },
        "checks": {
            "fails": 0,
            "passes": 3522,
            "value": 1
        },
        "data_received": {
            "count": 804940,
            "rate": 13365.708100168056
        },
        "http_req_tls_handshaking": {
            "med": 0,
            "max": 32.369,
            "p(90)": 0,
            "p(95)": 0,
            "avg": 0.07351817149346963,
            "min": 0
        },
        "iterations": {
            "count": 3522,
            "rate": 58.48140722139774
        },
        "http_req_blocked": {
            "max": 43.955,
            "p(90)": 0.001,
            "p(95)": 0.001,
            "avg": 0.10477370812037316,
            "min": 0,
            "med": 0.001
        },
        "http_req_duration": {
            "avg": 89.86194605337879,
            "min": 5.578,
            "med": 43.351,
            "max": 1060.254,
            "p(90)": 209.14350000000002,
            "p(95)": 304.3006,
            "thresholds": {
                "p(95)<1200": false,
                "p(99)<4000": false,
                "p(100)<8000": false
            }
        },
        "http_req_receiving": {
            "avg": 0.08176547416240758,
            "min": 0.013,
            "med": 0.059,
            "max": 8.208,
            "p(90)": 0.119,
            "p(95)": 0.16294999999999984
        },
        "http_req_sending": {
            "p(95)": 0.148,
            "avg": 0.08498864281658132,
            "min": 0.014,
            "med": 0.069,
            "max": 4.543,
            "p(90)": 0.128
        },
        "http_req_waiting": {
            "max": 1060.104,
            "p(90)": 208.93030000000002,
            "p(95)": 304.1622,
            "avg": 89.69519193639988,
            "min": 5.472,
            "med": 43.165
        },
        "vus": {
            "value": 10,
            "min": 10,
            "max": 10
        }
    },
    "root_group": {
        "name": "",
        "path": "",
        "id": "d41d8cd98f00b204e9800998ecf8427e",
        "groups": {},
        "checks": {
                "200": {
                    "name": "200",
                    "path": "::200",
                    "id": "4230b0c1b1cb609da348fcf04ffd96f4",
                    "passes": 3522,
                    "fails": 0
                }
            }
    }
}