service,protocol,p50,p95,p99,max,rps
listings,http3,220.475,795.691199999998,,1747.627,141.5538966337625
