service,protocol,p50,p95,p99,max,rps
analytics,http1.1,45.4015,423.5138499999999,,2425.447,101.75321114792246
