service,protocol,p50,p95,p99,max,rps
analytics,http2,198.443,701.2163999999999,,2371.444,112.83867216008666
