{
    "root_group": {
        "name": "",
        "path": "",
        "id": "d41d8cd98f00b204e9800998ecf8427e",
        "groups": {},
        "checks": {
                "200": {
                    "name": "200",
                    "path": "::200",
                    "id": "4230b0c1b1cb609da348fcf04ffd96f4",
                    "passes": 8611,
                    "fails": 0
                }
            }
    },
    "metrics": {
        "vus": {
            "value": 30,
            "min": 30,
            "max": 30
        },
        "http_req_tls_handshaking": {
            "avg": 0.1826687957263965,
            "min": 0,
            "med": 0,
            "max": 68.209,
            "p(90)": 0,
            "p(95)": 0
        },
        "checks": {
            "passes": 8611,
            "fails": 0,
            "value": 1
        },
        "data_sent": {
            "count": 372967,
            "rate": 6205.930252749803
        },
        "http_req_duration{expected_response:true}": {
            "min": 4.741,
            "med": 97.616,
            "max": 2150.194,
            "p(90)": 329.972,
            "p(95)": 472.07249999999993,
            "avg": 158.53421008013018
        },
        "http_reqs": {
            "count": 8611,
            "rate": 143.28148443810994
        },
        "http_req_blocked": {
            "max": 82.709,
            "p(90)": 0.001,
            "p(95)": 0.001,
            "avg": 0.2340963883404821,
            "min": 0,
            "med": 0.001
        },
        "http_req_failed": {
            "passes": 0,
            "fails": 8611,
            "thresholds": {
                "rate<0.08": false
            },
            "value": 0
        },
        "http_req_receiving": {
            "avg": 0.07213668563465309,
            "min": 0.012,
            "med": 0.054,
            "max": 3.807,
            "p(90)": 0.118,
            "p(95)": 0.17149999999999962
        },
        "iteration_duration": {
            "max": 2272.363041,
            "p(90)": 380.63,
            "p(95)": 526.8832294999988,
            "avg": 209.2150047982813,
            "min": 55.177,
            "med": 148.079708
        },
        "vus_max": {
            "value": 30,
            "min": 30,
            "max": 30
        },
        "http_req_sending": {
            "avg": 0.07711287887585645,
            "min": 0.015,
            "med": 0.067,
            "max": 4.142,
            "p(90)": 0.122,
            "p(95)": 0.141
        },
        "http_req_duration": {
            "avg": 158.53421008013018,
            "min": 4.741,
            "med": 97.616,
            "max": 2150.194,
            "p(90)": 329.972,
            "p(95)": 472.07249999999993,
            "thresholds": {
                "p(95)<600": false,
                "p(99)<2500": false,
                "p(100)<8000": false
            }
        },
        "http_req_connecting": {
            "avg": 0.028433283010103356,
            "min": 0,
            "med": 0,
            "max": 10.563,
            "p(90)": 0,
            "p(95)": 0
        },
        "http_req_waiting": {
            "med": 97.472,
            "max": 2150.05,
            "p(90)": 329.862,
            "p(95)": 471.85049999999995,
            "avg": 158.38496051561918,
            "min": 4.652
        },
        "iterations": {
            "count": 8611,
            "rate": 143.28148443810994
        },
        "data_received": {
            "count": 1106016,
            "rate": 18403.39267126938
        }
    }
}