{
    "root_group": {
        "checks": {
            "200": {
                "fails": 0,
                "name": "200",
                "path": "::200",
                "id": "4230b0c1b1cb609da348fcf04ffd96f4",
                "passes": 5700
            }
        },
        "name": "",
        "path": "",
        "id": "d41d8cd98f00b204e9800998ecf8427e",
        "groups": {}
    },
    "metrics": {
        "iterations": {
            "count": 5700,
            "rate": 94.87029333495245
        },
        "http_req_duration": {
            "avg": 54.76051122807026,
            "min": 5.278,
            "med": 24.0295,
            "max": 1660.351,
            "p(90)": 136.48370000000003,
            "p(95)": 165.13599999999985,
            "thresholds": {
                "p(100)<8000": false,
                "p(95)<600": false,
                "p(99)<2500": false
            }
        },
        "http_req_duration{expected_response:true}": {
            "max": 1660.351,
            "p(90)": 136.48370000000003,
            "p(95)": 165.13599999999985,
            "avg": 54.76051122807026,
            "min": 5.278,
            "med": 24.0295
        },
        "data_sent": {
            "count": 229720,
            "rate": 3823.4392605096978
        },
        "http_req_blocked": {
            "max": 21.401,
            "p(90)": 0.001,
            "p(95)": 0.001,
            "avg": 0.031444385964915084,
            "min": 0,
            "med": 0.001
        },
        "http_req_sending": {
            "min": 0.02,
            "med": 0.078,
            "max": 1.189,
            "p(90)": 0.133,
            "p(95)": 0.153,
            "avg": 0.08724157894736848
        },
        "vus_max": {
            "value": 10,
            "min": 10,
            "max": 10
        },
        "http_req_waiting": {
            "max": 1660.079,
            "p(90)": 136.2606,
            "p(95)": 164.95139999999984,
            "avg": 54.596322280701685,
            "min": 5.212,
            "med": 23.85
        },
        "checks": {
            "passes": 5700,
            "fails": 0,
            "value": 1
        },
        "vus": {
            "value": 10,
            "min": 10,
            "max": 10
        },
        "iteration_duration": {
            "min": 55.513125,
            "med": 74.5760415,
            "max": 1733.573792,
            "p(90)": 187.4178952,
            "p(95)": 215.4716832999996,
            "avg": 105.35629889122815
        },
        "http_reqs": {
            "count": 5700,
            "rate": 94.87029333495245
        },
        "data_received": {
            "rate": 11417.723022417085,
            "count": 686000
        },
        "http_req_tls_handshaking": {
            "med": 0,
            "max": 16.919,
            "p(90)": 0,
            "p(95)": 0,
            "avg": 0.022759298245614033,
            "min": 0
        },
        "http_req_receiving": {
            "med": 0.061,
            "max": 2.411,
            "p(90)": 0.121,
            "p(95)": 0.17,
            "avg": 0.07694736842105254,
            "min": 0.014
        },
        "http_req_failed": {
            "passes": 0,
            "fails": 5700,
            "thresholds": {
                "rate<0.08": false
            },
            "value": 0
        },
        "http_req_connecting": {
            "max": 1.247,
            "p(90)": 0,
            "p(95)": 0,
            "avg": 0.002137894736842105,
            "min": 0,
            "med": 0
        }
    }
}