service,protocol,p50,p95,p99,max,rps
event-layer,http3,19.8095,147.13615,,1049.111,193.11389854074693
