service,protocol,p50,p95,p99,max,rps
listings,http2,66.971,341.3975499999998,,2340.017,116.46708436073291
