service,protocol,p50,p95,p99,max,rps
event-layer,http1.1,294.1905,759.5572499999997,,3600.555,146.42613830388606
