{
    "root_group": {
        "id": "d41d8cd98f00b204e9800998ecf8427e",
        "groups": {},
        "checks": {
                "200": {
                    "id": "4230b0c1b1cb609da348fcf04ffd96f4",
                    "passes": 3601,
                    "fails": 4,
                    "name": "200",
                    "path": "::200"
                }
            },
        "name": "",
        "path": ""
    },
    "metrics": {
        "http_req_failed": {
            "passes": 4,
            "fails": 3601,
            "thresholds": {
                "rate<0.05": false
            },
            "value": 0.0011095700416088765
        },
        "http_reqs": {
            "count": 3605,
            "rate": 59.95673169651955
        },
        "iteration_duration": {
            "p(90)": 223.34590000000003,
            "p(95)": 293.586591,
            "avg": 166.61870739056928,
            "min": 85.893709,
            "med": 120.181666,
            "max": 6946.115583
        },
        "http_req_waiting": {
            "p(95)": 212.88179999999994,
            "avg": 85.88028765603327,
            "min": 5.34,
            "med": 39.537,
            "max": 6864.821,
            "p(90)": 142.734
        },
        "vus": {
            "value": 10,
            "min": 10,
            "max": 10
        },
        "vus_max": {
            "value": 10,
            "min": 10,
            "max": 10
        },
        "http_req_sending": {
            "max": 3.221,
            "p(90)": 0.027,
            "p(95)": 0.033,
            "avg": 0.020884604715672998,
            "min": 0.003,
            "med": 0.016
        },
        "http_req_receiving": {
            "avg": 0.06738224687933425,
            "min": 0.018,
            "med": 0.056,
            "max": 3.532,
            "p(90)": 0.094,
            "p(95)": 0.112
        },
        "http_req_duration": {
            "max": 6865.006,
            "p(90)": 142.8554,
            "p(95)": 212.99019999999996,
            "avg": 85.96855450762826,
            "min": 5.399,
            "med": 39.64,
            "thresholds": {
                "p(95)<1200": false,
                "p(99)<4000": false,
                "p(100)<8000": false
            }
        },
        "http_req_duration{expected_response:true}": {
            "max": 6865.006,
            "p(90)": 142.258,
            "p(95)": 210.494,
            "avg": 78.84190002777007,
            "min": 5.399,
            "med": 39.523
        },
        "data_sent": {
            "count": 675505,
            "rate": 11234.694048448664
        },
        "http_req_tls_handshaking": {
            "min": 0,
            "med": 0,
            "max": 24.315,
            "p(90)": 0,
            "p(95)": 0,
            "avg": 0.05298446601941748
        },
        "checks": {
            "passes": 3601,
            "fails": 4,
            "value": 0.9988904299583912
        },
        "http_req_connecting": {
            "p(90)": 0,
            "p(95)": 0,
            "avg": 0.002586685159500694,
            "min": 0,
            "med": 0,
            "max": 1.1
        },
        "http_req_blocked": {
            "p(95)": 0.009,
            "avg": 0.068460748959773,
            "min": 0.001,
            "med": 0.005,
            "max": 27.895,
            "p(90)": 0.007
        },
        "iterations": {
            "count": 3605,
            "rate": 59.95673169651955
        },
        "data_received": {
            "count": 4068507,
            "rate": 67665.57076405316
        }
    }
}