service,protocol,p50,p95,p99,max,rps
analytics,http2,20.141,654.7239999999999,,3205.779,163.2095014574261
