{
    "root_group": {
        "checks": {
            "200": {
                "name": "200",
                "path": "::200",
                "id": "4230b0c1b1cb609da348fcf04ffd96f4",
                "passes": 416,
                "fails": 0
            }
        },
        "name": "",
        "path": "",
        "id": "d41d8cd98f00b204e9800998ecf8427e",
        "groups": {}
    },
    "metrics": {
        "http_req_duration{expected_response:true}": {
            "avg": 191.10976442307705,
            "min": 22.111,
            "med": 144.8005,
            "max": 1121.353,
            "p(90)": 350.171,
            "p(95)": 395.2282499999999
        },
        "iterations": {
            "count": 416,
            "rate": 41.032690231398725
        },
        "http_req_waiting": {
            "avg": 190.90481730769233,
            "min": 21.978,
            "med": 144.602,
            "max": 1121.229,
            "p(90)": 350.00350000000003,
            "p(95)": 395.0862499999999
        },
        "http_req_receiving": {
            "avg": 0.10283653846153841,
            "min": 0.021,
            "med": 0.075,
            "max": 1.944,
            "p(90)": 0.14450000000000002,
            "p(95)": 0.2449999999999999
        },
        "http_req_connecting": {
            "avg": 0.03405528846153846,
            "min": 0,
            "med": 0,
            "max": 1.689,
            "p(90)": 0,
            "p(95)": 0
        },
        "data_sent": {
            "count": 33482,
            "rate": 3302.5397459800292
        },
        "vus": {
            "min": 10,
            "max": 10,
            "value": 10
        },
        "http_req_failed": {
            "passes": 0,
            "fails": 416,
            "thresholds": {
                "rate<0.08": false
            },
            "value": 0
        },
        "http_req_tls_handshaking": {
            "avg": 0.6374471153846154,
            "min": 0,
            "med": 0,
            "max": 32.158,
            "p(90)": 0,
            "p(95)": 0
        },
        "iteration_duration": {
            "max": 1207.953375,
            "p(90)": 400.71539600000006,
            "p(95)": 445.6289369999999,
            "avg": 242.56285407692306,
            "min": 72.523833,
            "med": 195.59979149999998
        },
        "http_req_duration": {
            "p(95)": 395.2282499999999,
            "avg": 191.10976442307705,
            "min": 22.111,
            "med": 144.8005,
            "max": 1121.353,
            "p(90)": 350.171,
            "thresholds": {
                "p(95)<800": false,
                "p(99)<3000": false,
                "p(100)<8000": false
            }
        },
        "vus_max": {
            "value": 10,
            "min": 10,
            "max": 10
        },
        "data_received": {
            "rate": 13469.76965865339,
            "count": 136560
        },
        "http_req_blocked": {
            "max": 36.223,
            "p(90)": 0.001,
            "p(95)": 0.001,
            "avg": 0.7412139423076769,
            "min": 0,
            "med": 0.001
        },
        "http_req_sending": {
            "avg": 0.10211057692307682,
            "min": 0.031,
            "med": 0.096,
            "max": 1.188,
            "p(90)": 0.1425,
            "p(95)": 0.164
        },
        "http_reqs": {
            "count": 416,
            "rate": 41.032690231398725
        },
        "checks": {
            "passes": 416,
            "fails": 0,
            "value": 1
        }
    }
}