{
  "generated_at": "2026-04-04T05:23:12.182Z",
  "rule": "http2_p95_ms > 3 * http1_p95_ms (same service, protocol matrix; HTTP2_COLLAPSE_THRESHOLD)",
  "http2_collapse_threshold": 3,
  "any_http2_collapse_anomaly": false,
  "by_service": {
    "analytics": {
      "http2_anomaly": false,
      "http1_p95_ms": 31.07479999999999,
      "http2_p95_ms": 37.534,
      "ratio_h2_over_h1": 1.2079
    },
    "auth": {
      "http2_anomaly": false,
      "http1_p95_ms": 97.27599999999998,
      "http2_p95_ms": 103.75629999999997,
      "ratio_h2_over_h1": 1.0666
    },
    "booking": {
      "http2_anomaly": false,
      "http1_p95_ms": 76.32939999999998,
      "http2_p95_ms": 49.72379999999992,
      "ratio_h2_over_h1": 0.6514
    },
    "event-layer": {
      "http2_anomaly": false,
      "http1_p95_ms": 50.326399999999985,
      "http2_p95_ms": 41.15074999999999,
      "ratio_h2_over_h1": 0.8177
    },
    "gateway": {
      "http2_anomaly": false,
      "http1_p95_ms": 9.716499999999991,
      "http2_p95_ms": 14.52649999999999,
      "ratio_h2_over_h1": 1.495
    },
    "listings": {
      "http2_anomaly": false,
      "http1_p95_ms": 46.439499999999995,
      "http2_p95_ms": 52.2986,
      "ratio_h2_over_h1": 1.1262
    },
    "media": {
      "http2_anomaly": false,
      "http1_p95_ms": 38.50719999999988,
      "http2_p95_ms": 24.476849999999995,
      "ratio_h2_over_h1": 0.6356
    },
    "messaging": {
      "http2_anomaly": false,
      "http1_p95_ms": 80.998,
      "http2_p95_ms": 21.88739999999999,
      "ratio_h2_over_h1": 0.2702
    },
    "trust": {
      "http2_anomaly": false,
      "http1_p95_ms": 507.0442499999993,
      "http2_p95_ms": 282.3634999999992,
      "ratio_h2_over_h1": 0.5569
    }
  }
}
