{
  "generated_at": "2026-03-28T04:10:57.096Z",
  "rule": "http2_p95_ms > 3 * http1_p95_ms (same service, protocol matrix)",
  "any_http2_collapse_anomaly": true,
  "by_service": {
    "analytics": {
      "http2_anomaly": false,
      "http1_p95_ms": 734.7389,
      "http2_p95_ms": 1562.3038999999994,
      "ratio_h2_over_h1": 2.1263
    },
    "auth": {
      "http2_anomaly": false,
      "http1_p95_ms": 364.8243999999998,
      "http2_p95_ms": 454.8755499999988,
      "ratio_h2_over_h1": 1.2468
    },
    "booking": {
      "http2_anomaly": false,
      "http1_p95_ms": 1298.8451999999984,
      "http2_p95_ms": 327.93179999999955,
      "ratio_h2_over_h1": 0.2525
    },
    "event-layer": {
      "http2_anomaly": false,
      "http1_p95_ms": 146.76059999999995,
      "http2_p95_ms": 169.76459999999992,
      "ratio_h2_over_h1": 1.1567
    },
    "gateway": {
      "http2_anomaly": false,
      "http1_p95_ms": 94.37179999999998,
      "http2_p95_ms": 30.065199999999997,
      "ratio_h2_over_h1": 0.3186
    },
    "listings": {
      "http2_anomaly": false,
      "http1_p95_ms": 670.5100499999999,
      "http2_p95_ms": 1911.3991999999982,
      "ratio_h2_over_h1": 2.8507
    },
    "media": {
      "http2_anomaly": true,
      "http1_p95_ms": 43.86834999999999,
      "http2_p95_ms": 190.09379999999976,
      "ratio_h2_over_h1": 4.3333
    },
    "messaging": {
      "http2_anomaly": true,
      "http1_p95_ms": 59.914749999999984,
      "http2_p95_ms": 258.32739999999995,
      "ratio_h2_over_h1": 4.3116
    },
    "trust": {
      "http2_anomaly": false,
      "http1_p95_ms": 1616.5295999999996,
      "http2_p95_ms": 407.62269999999995,
      "ratio_h2_over_h1": 0.2522
    }
  }
}
