{
  "generated_at": "2026-03-31T23:45:15.836Z",
  "rule": "http2_p95_ms > 3 * http1_p95_ms (same service, protocol matrix; HTTP2_COLLAPSE_THRESHOLD)",
  "http2_collapse_threshold": 3,
  "any_http2_collapse_anomaly": false,
  "by_service": {
    "analytics": {
      "http2_anomaly": false,
      "http1_p95_ms": 51.83479999999992,
      "http2_p95_ms": 25.27879999999998,
      "ratio_h2_over_h1": 0.4877
    },
    "auth": {
      "http2_anomaly": false,
      "http1_p95_ms": 54.66529999999999,
      "http2_p95_ms": 45.07174999999999,
      "ratio_h2_over_h1": 0.8245
    },
    "booking": {
      "http2_anomaly": false,
      "http1_p95_ms": 43.05599999999999,
      "http2_p95_ms": 20.8114,
      "ratio_h2_over_h1": 0.4834
    },
    "event-layer": {
      "http2_anomaly": false,
      "http1_p95_ms": 102.85459999999999,
      "http2_p95_ms": 17.16334999999999,
      "ratio_h2_over_h1": 0.1669
    },
    "gateway": {
      "http2_anomaly": false,
      "http1_p95_ms": 7.746,
      "http2_p95_ms": 5.296749999999995,
      "ratio_h2_over_h1": 0.6838
    },
    "listings": {
      "http2_anomaly": false,
      "http1_p95_ms": 27.787499999999984,
      "http2_p95_ms": 19.227399999999985,
      "ratio_h2_over_h1": 0.6919
    },
    "media": {
      "http2_anomaly": false,
      "http1_p95_ms": 94.12139999999991,
      "http2_p95_ms": 26.77359999999994,
      "ratio_h2_over_h1": 0.2845
    },
    "messaging": {
      "http2_anomaly": false,
      "http1_p95_ms": 86.92959999999991,
      "http2_p95_ms": 40.98989999999999,
      "ratio_h2_over_h1": 0.4715
    },
    "trust": {
      "http2_anomaly": false,
      "http1_p95_ms": 405.82724999999994,
      "http2_p95_ms": 70.79084999999995,
      "ratio_h2_over_h1": 0.1744
    }
  }
}
