service,protocol,p50,p95,p99,max,rps
booking,http2,165.1,541.6824999999998,,1394.435,75.81153607679603
