{
    "root_group": {
        "name": "",
        "path": "",
        "id": "d41d8cd98f00b204e9800998ecf8427e",
        "groups": {},
        "checks": {
                "messaging health": {
                    "name": "messaging health",
                    "path": "::messaging health",
                    "id": "5283f4bcb8950a4997d5f15646378010",
                    "passes": 1201,
                    "fails": 0
                }
            }
    },
    "metrics": {
        "http_req_blocked": {
            "min": 0,
            "med": 0.001,
            "max": 11.282,
            "p(90)": 0.001,
            "p(95)": 0.002,
            "avg": 0.17559034138218524
        },
        "http_req_tls_handshaking": {
            "max": 10.355,
            "p(90)": 0,
            "p(95)": 0,
            "avg": 0.1513022481265612,
            "min": 0,
            "med": 0
        },
        "http_req_sending": {
            "max": 1.705,
            "p(90)": 0.224,
            "p(95)": 0.263,
            "avg": 0.16330724396336382,
            "min": 0.044,
            "med": 0.147
        },
        "http_req_receiving": {
            "p(90)": 0.12,
            "p(95)": 0.154,
            "avg": 0.09435303913405454,
            "min": 0.03,
            "med": 0.078,
            "max": 2.842
        },
        "errors": {
            "passes": 0,
            "fails": 1201,
            "thresholds": {
                "rate<0.02": false
            },
            "value": 0
        },
        "data_sent": {
            "count": 97777,
            "rate": 1626.598242527949
        },
        "vus": {
            "value": 2,
            "min": 2,
            "max": 2
        },
        "data_received": {
            "rate": 3745.1169779279585,
            "count": 225124
        },
        "checks": {
            "passes": 1201,
            "fails": 0,
            "value": 1
        },
        "http_req_failed": {
            "passes": 0,
            "fails": 1201,
            "thresholds": {
                "rate<0.02": false
            },
            "value": 0
        },
        "iteration_duration": {
            "avg": 114.07712989175683,
            "min": 106.868625,
            "med": 110.973792,
            "max": 243.40075,
            "p(90)": 122.606125,
            "p(95)": 130.537459
        },
        "iterations": {
            "count": 1201,
            "rate": 19.979591205253453
        },
        "vus_max": {
            "value": 30,
            "min": 30,
            "max": 30
        },
        "http_req_duration": {
            "min": 5.753,
            "med": 9.935,
            "max": 141.949,
            "p(90)": 20.577,
            "p(95)": 28.922,
            "avg": 12.965449625312232,
            "thresholds": {
                "p(100)<8000": false,
                "p(95)<500": false,
                "p(99)<2000": false
            }
        },
        "http_reqs": {
            "count": 1201,
            "rate": 19.979591205253453
        },
        "http_req_duration{expected_response:true}": {
            "avg": 12.965449625312232,
            "min": 5.753,
            "med": 9.935,
            "max": 141.949,
            "p(90)": 20.577,
            "p(95)": 28.922
        },
        "http_req_connecting": {
            "avg": 0.018230641132389674,
            "min": 0,
            "med": 0,
            "max": 1.19,
            "p(90)": 0,
            "p(95)": 0
        },
        "http_req_waiting": {
            "min": 5.519,
            "med": 9.684,
            "max": 141.748,
            "p(90)": 20.364,
            "p(95)": 28.423,
            "avg": 12.707789342214811
        }
    }
}