service,protocol,p50,p95,p99,max,rps
analytics,http2,56.7205,419.4572499999998,,2597.453,99.0609896359186
