service,protocol,p50,p95,p99,max,rps
listings,http3,140.3155,1737.1573999999996,,4807.79,21.195671606149556
