service,protocol,p50,p95,p99,max,rps
analytics,http3,29.183,323.60439999999966,,1866.87,61.02601630622466
