{
    "root_group": {
        "path": "",
        "id": "d41d8cd98f00b204e9800998ecf8427e",
        "groups": {},
        "checks": {
                "200": {
                    "fails": 0,
                    "name": "200",
                    "path": "::200",
                    "id": "4230b0c1b1cb609da348fcf04ffd96f4",
                    "passes": 11880
                }
            },
        "name": ""
    },
    "metrics": {
        "http_req_blocked": {
            "avg": 0.12706498316496795,
            "min": 0.001,
            "med": 0.004,
            "max": 52.318,
            "p(90)": 0.007,
            "p(95)": 0.008
        },
        "http_req_sending": {
            "med": 0.015,
            "max": 2.509,
            "p(90)": 0.025,
            "p(95)": 0.029,
            "avg": 0.01825925925925871,
            "min": 0.003
        },
        "http_reqs": {
            "count": 11880,
            "rate": 197.76387323142623
        },
        "vus": {
            "value": 40,
            "min": 40,
            "max": 40
        },
        "checks": {
            "passes": 11880,
            "fails": 0,
            "value": 1
        },
        "http_req_tls_handshaking": {
            "avg": 0.09854250841750842,
            "min": 0,
            "med": 0,
            "max": 45.564,
            "p(90)": 0,
            "p(95)": 0
        },
        "http_req_duration": {
            "avg": 151.56477424242414,
            "min": 21.313,
            "med": 122.24000000000001,
            "max": 1019.999,
            "p(90)": 266.8843,
            "p(95)": 349.01174999999995,
            "thresholds": {
                "p(95)<800": false,
                "p(99)<3000": false,
                "p(100)<8000": false
            }
        },
        "data_received": {
            "count": 13898720,
            "rate": 231369.08250497378
        },
        "http_req_connecting": {
            "p(90)": 0,
            "p(95)": 0,
            "avg": 0.011645454545454547,
            "min": 0,
            "med": 0,
            "max": 4.208
        },
        "iterations": {
            "count": 11880,
            "rate": 197.76387323142623
        },
        "http_req_failed": {
            "passes": 0,
            "fails": 11880,
            "thresholds": {
                "rate<0.08": false
            },
            "value": 0
        },
        "http_req_waiting": {
            "max": 1019.781,
            "p(90)": 266.7968,
            "p(95)": 348.93139999999994,
            "avg": 151.48813038720593,
            "min": 21.245,
            "med": 122.1835
        },
        "vus_max": {
            "value": 40,
            "min": 40,
            "max": 40
        },
        "iteration_duration": {
            "med": 172.721417,
            "max": 1071.169375,
            "p(90)": 317.37577080000005,
            "p(95)": 399.79138125,
            "avg": 202.11441932398887,
            "min": 71.905833
        },
        "http_req_duration{expected_response:true}": {
            "avg": 151.56477424242414,
            "min": 21.313,
            "med": 122.24000000000001,
            "max": 1019.999,
            "p(90)": 266.8843,
            "p(95)": 349.01174999999995
        },
        "http_req_receiving": {
            "med": 0.05,
            "max": 2.252,
            "p(90)": 0.09,
            "p(95)": 0.105,
            "avg": 0.05838459595959566,
            "min": 0.013
        },
        "data_sent": {
            "rate": 31111.520030275853,
            "count": 1868920
        }
    }
}