{
    "metrics": {
        "http_req_receiving": {
            "avg": 0.06407337438680676,
            "min": 0.015,
            "med": 0.053,
            "max": 5.185,
            "p(90)": 0.098,
            "p(95)": 0.122
        },
        "data_sent": {
            "count": 1551052,
            "rate": 25739.55339405872
        },
        "checks": {
            "passes": 9579,
            "fails": 2,
            "value": 0.9997912535225968
        },
        "iteration_duration": {
            "min": 119.860792,
            "med": 337.801375,
            "max": 2059.600459,
            "p(90)": 571.618125,
            "p(95)": 682.847125,
            "avg": 376.72327253230395
        },
        "iterations": {
            "count": 9581,
            "rate": 158.99574035459585
        },
        "vus": {
            "value": 60,
            "min": 60,
            "max": 60
        },
        "http_reqs": {
            "count": 9581,
            "rate": 158.99574035459585
        },
        "data_received": {
            "count": 11265830,
            "rate": 186955.32632909055
        },
        "http_req_duration": {
            "avg": 325.92930675294735,
            "min": 69.612,
            "med": 287.429,
            "max": 2000.925,
            "p(90)": 519.072,
            "p(95)": 632.271,
            "thresholds": {
                "p(95)<800": false,
                "p(99)<3000": false,
                "p(100)<8000": false
            }
        },
        "http_req_waiting": {
            "p(95)": 632.218,
            "avg": 325.84328347771685,
            "min": 69.555,
            "med": 287.146,
            "max": 2000.819,
            "p(90)": 518.967
        },
        "http_req_connecting": {
            "avg": 0.024946874021500882,
            "min": 0,
            "med": 0,
            "max": 5.758,
            "p(90)": 0,
            "p(95)": 0
        },
        "http_req_tls_handshaking": {
            "med": 0,
            "max": 75.36,
            "p(90)": 0,
            "p(95)": 0,
            "avg": 0.29037803987057725,
            "min": 0
        },
        "http_req_sending": {
            "p(90)": 0.027,
            "p(95)": 0.033,
            "avg": 0.021949900845422504,
            "min": 0.003,
            "med": 0.016,
            "max": 14.885
        },
        "http_req_failed": {
            "passes": 2,
            "fails": 9579,
            "thresholds": {
                "rate<0.08": false
            },
            "value": 0.00020874647740319382
        },
        "http_req_duration{expected_response:true}": {
            "max": 2000.925,
            "p(90)": 519.0802,
            "p(95)": 632.2881999999998,
            "avg": 325.89670174339585,
            "min": 69.612,
            "med": 287.319
        },
        "http_req_blocked": {
            "avg": 0.35316167414675675,
            "min": 0.001,
            "med": 0.004,
            "max": 84.781,
            "p(90)": 0.008,
            "p(95)": 0.01
        },
        "vus_max": {
            "value": 60,
            "min": 60,
            "max": 60
        }
    },
    "root_group": {
        "checks": {
            "200": {
                "fails": 2,
                "name": "200",
                "path": "::200",
                "id": "4230b0c1b1cb609da348fcf04ffd96f4",
                "passes": 9579
            }
        },
        "name": "",
        "path": "",
        "id": "d41d8cd98f00b204e9800998ecf8427e",
        "groups": {}
    }
}