service,protocol,p50,p95,p99,max,rps
auth,http1.1,35.365,162.3949999999995,,546203.974,4.8804186597885835
