{
    "root_group": {
        "path": "",
        "id": "d41d8cd98f00b204e9800998ecf8427e",
        "groups": {},
        "checks": {
                "200": {
                    "fails": 0,
                    "name": "200",
                    "path": "::200",
                    "id": "4230b0c1b1cb609da348fcf04ffd96f4",
                    "passes": 6093
                }
            },
        "name": ""
    },
    "metrics": {
        "data_received": {
            "count": 729856,
            "rate": 12116.1232509291
        },
        "http_req_tls_handshaking": {
            "avg": 0.023694567536517313,
            "min": 0,
            "med": 0,
            "max": 18.938,
            "p(90)": 0,
            "p(95)": 0
        },
        "checks": {
            "passes": 6093,
            "fails": 0,
            "value": 1
        },
        "vus_max": {
            "value": 10,
            "min": 10,
            "max": 10
        },
        "iteration_duration": {
            "max": 2371.920541,
            "p(90)": 171.2292836,
            "p(95)": 207.7164254,
            "avg": 98.64569429870332,
            "min": 55.7145,
            "med": 70.497833
        },
        "iterations": {
            "count": 6093,
            "rate": 101.14808807204572
        },
        "http_req_failed": {
            "passes": 0,
            "fails": 6093,
            "thresholds": {
                "rate<0.08": false
            },
            "value": 0
        },
        "http_req_duration": {
            "p(95)": 157.3314,
            "avg": 48.03270572788458,
            "min": 5.551,
            "med": 19.802,
            "max": 2295.797,
            "p(90)": 120.68280000000001,
            "thresholds": {
                "p(95)<600": false,
                "p(99)<2500": false,
                "p(100)<8000": false
            }
        },
        "http_req_sending": {
            "min": 0.017,
            "med": 0.069,
            "max": 5.384,
            "p(90)": 0.127,
            "p(95)": 0.15239999999999973,
            "avg": 0.08588626292466786
        },
        "http_reqs": {
            "count": 6093,
            "rate": 101.14808807204572
        },
        "http_req_duration{expected_response:true}": {
            "max": 2295.797,
            "p(90)": 120.68280000000001,
            "p(95)": 157.3314,
            "avg": 48.03270572788458,
            "min": 5.551,
            "med": 19.802
        },
        "http_req_connecting": {
            "p(90)": 0,
            "p(95)": 0,
            "avg": 0.0021312982110618744,
            "min": 0,
            "med": 0,
            "max": 1.463
        },
        "vus": {
            "value": 10,
            "min": 10,
            "max": 10
        },
        "http_req_waiting": {
            "avg": 47.87063925816496,
            "min": 5.43,
            "med": 19.66,
            "max": 2295.524,
            "p(90)": 120.47020000000002,
            "p(95)": 157.03839999999997
        },
        "http_req_receiving": {
            "avg": 0.07618020679468201,
            "min": 0.014,
            "med": 0.055,
            "max": 5.775,
            "p(90)": 0.11380000000000014,
            "p(95)": 0.15939999999999974
        },
        "data_sent": {
            "count": 244611,
            "rate": 4060.714749941109
        },
        "http_req_blocked": {
            "max": 23.692,
            "p(90)": 0.001,
            "p(95)": 0.001,
            "avg": 0.032360249466603944,
            "min": 0,
            "med": 0.001
        }
    }
}