{
  "root_group": {
    "name": "",
    "path": "",
    "id": "d41d8cd98f00b204e9800998ecf8427e",
    "groups": {},
    "checks": {
      "messaging health": {
        "name": "messaging health",
        "path": "::messaging health",
        "id": "5283f4bcb8950a4997d5f15646378010",
        "passes": 1196,
        "fails": 2
      }
    }
  },
  "metrics": {
    "vus_max": {
      "value": 22,
      "min": 20,
      "max": 22
    },
    "http_reqs": {
      "rate": 19.918439145884694,
      "count": 1198
    },
    "data_received": {
      "count": 213287,
      "rate": 3546.197103596251
    },
    "http_req_tls_handshaking": {
      "p(90)": 0,
      "p(95)": 0,
      "avg": 0.1617053422370618,
      "min": 0,
      "med": 0,
      "max": 17.772
    },
    "http_req_waiting": {
      "max": 1280.727,
      "p(90)": 494.5626,
      "p(95)": 632.14055,
      "avg": 246.89877212020014,
      "min": 7.301,
      "med": 188.987
    },
    "http_req_failed": {
      "passes": 2,
      "fails": 1196,
      "thresholds": {
        "rate<0.02": false
      },
      "value": 0.001669449081803005
    },
    "http_req_duration{expected_response:true}": {
      "avg": 246.73167976588627,
      "min": 7.426,
      "med": 188.9405,
      "max": 1280.991,
      "p(90)": 494.47700000000003,
      "p(95)": 632.4547499999999
    },
    "iteration_duration": {
      "p(90)": 595.413542,
      "p(95)": 734.1144187499999,
      "avg": 347.9981849808011,
      "min": 107.820791,
      "med": 289.909667,
      "max": 1381.515791
    },
    "vus": {
      "min": 2,
      "max": 16,
      "value": 4
    },
    "dropped_iterations": {
      "count": 2,
      "rate": 0.033252819943046234
    },
    "http_req_connecting": {
      "avg": 0.023887312186978295,
      "min": 0,
      "med": 0,
      "max": 3.07,
      "p(90)": 0,
      "p(95)": 0
    },
    "http_req_sending": {
      "max": 0.709,
      "p(90)": 0.1453,
      "p(95)": 0.182,
      "avg": 0.08418280467445753,
      "min": 0.026,
      "med": 0.066
    },
    "http_req_duration": {
      "p(90)": 494.73280000000005,
      "p(95)": 632.2860499999999,
      "avg": 247.06829716193647,
      "min": 7.426,
      "med": 189.385,
      "max": 1280.991,
      "thresholds": {
        "p(99)<2000": false,
        "p(100)<8000": false,
        "p(95)<500": true
      }
    },
    "iterations": {
      "rate": 19.918439145884694,
      "count": 1198
    },
    "http_req_blocked": {
      "avg": 0.192397328881471,
      "min": 0,
      "med": 0,
      "max": 23.995,
      "p(90)": 0.001,
      "p(95)": 0.001
    },
    "errors": {
      "passes": 2,
      "fails": 1196,
      "thresholds": {
        "rate<0.02": false
      },
      "value": 0.001669449081803005
    },
    "checks": {
      "passes": 1196,
      "fails": 2,
      "value": 0.998330550918197
    },
    "data_sent": {
      "count": 83486,
      "rate": 1388.072462882579
    },
    "http_req_receiving": {
      "avg": 0.0853422370617698,
      "min": 0.019,
      "med": 0.055,
      "max": 2.862,
      "p(90)": 0.141,
      "p(95)": 0.20944999999999983
    }
  },
  "k6_matrix_warning": "k6 thresholds crossed; metrics preserved (exit 99)",
  "k6_matrix_status": "thresholds_crossed_with_metrics",
  "k6_matrix_exit_code": 99
}
