service,protocol,p50,p95,p99,max,rps
listings,http3,24.0295,165.13599999999985,,1660.351,94.87029333495245
