{
    "root_group": {
        "groups": {},
        "checks": {
                "media health": {
                    "name": "media health",
                    "path": "::media health",
                    "id": "841f137838968c18a16538aa00c03cc0",
                    "passes": 901,
                    "fails": 0
                }
            },
        "name": "",
        "path": "",
        "id": "d41d8cd98f00b204e9800998ecf8427e"
    },
    "metrics": {
        "checks": {
            "passes": 901,
            "fails": 0,
            "value": 1
        },
        "http_req_failed": {
            "passes": 0,
            "fails": 901,
            "thresholds": {
                "rate<0.05": false
            },
            "value": 0
        },
        "http_req_waiting": {
            "min": 7.472,
            "med": 14.673,
            "max": 1083.738,
            "p(90)": 37.631,
            "p(95)": 62.008,
            "avg": 29.672529411764657
        },
        "http_reqs": {
            "count": 901,
            "rate": 14.987190110942967
        },
        "http_req_connecting": {
            "med": 0,
            "max": 2.723,
            "p(90)": 0,
            "p(95)": 0,
            "avg": 0.02268590455049944,
            "min": 0
        },
        "iterations": {
            "count": 901,
            "rate": 14.987190110942967
        },
        "http_req_blocked": {
            "min": 0,
            "med": 0.001,
            "max": 17.779,
            "p(90)": 0.001,
            "p(95)": 0.001,
            "avg": 0.14853607103218888
        },
        "http_req_receiving": {
            "avg": 0.10524195338512775,
            "min": 0.036,
            "med": 0.067,
            "max": 2.555,
            "p(90)": 0.165,
            "p(95)": 0.297
        },
        "vus": {
            "value": 1,
            "min": 1,
            "max": 10
        },
        "vus_max": {
            "max": 15,
            "value": 15,
            "min": 15
        },
        "data_received": {
            "count": 192266,
            "rate": 3198.143278435694
        },
        "data_sent": {
            "count": 59962,
            "rate": 997.4049871613342
        },
        "http_req_tls_handshaking": {
            "max": 11.669,
            "p(90)": 0,
            "p(95)": 0,
            "avg": 0.11577913429522751,
            "min": 0,
            "med": 0
        },
        "iteration_duration": {
            "p(90)": 139.715625,
            "p(95)": 164.138666,
            "avg": 131.27511770921205,
            "min": 108.650208,
            "med": 116.129875,
            "max": 1185.186375
        },
        "http_req_duration": {
            "max": 1083.992,
            "p(90)": 37.936,
            "p(95)": 63.434,
            "avg": 29.97052275249722,
            "min": 7.617,
            "med": 14.937,
            "thresholds": {
                "p(95)<600": false,
                "p(99)<2500": false,
                "p(100)<10000": false
            }
        },
        "http_req_sending": {
            "p(95)": 0.419,
            "avg": 0.19275138734739183,
            "min": 0.063,
            "med": 0.133,
            "max": 6.308,
            "p(90)": 0.322
        },
        "errors": {
            "passes": 0,
            "fails": 901,
            "thresholds": {
                "rate<0.05": false
            },
            "value": 0
        },
        "http_req_duration{expected_response:true}": {
            "avg": 29.97052275249722,
            "min": 7.617,
            "med": 14.937,
            "max": 1083.992,
            "p(90)": 37.936,
            "p(95)": 63.434
        }
    }
}