service,protocol,p50,p95,p99,max,rps
trust,http1.1,135.54149999999998,714.2502499999996,,3860.24,128.8413633987096
