service,protocol,p50,p95,p99,max,rps
listings,http2,97.162,388.72719999999987,,5133.213,194.6668193750173
