service,protocol,p50,p95,p99,max,rps
trust,http2,148.86950000000002,1143.2204999999994,,15002.123,22.675020657757198
