service,protocol,p50,p95,p99,max,rps
messaging,http3,12.956,372.9283999999987,,2316.716,19.908020951620365
