{
    "root_group": {
        "checks": {
            "gw": {
                "id": "4bed004c615ee0454c506a21f65ee38c",
                "passes": 139,
                "fails": 0,
                "name": "gw",
                "path": "::gw"
            },
            "msg": {
                "name": "msg",
                "path": "::msg",
                "id": "e4e5993c90ae2728fc677fea56e9a3e2",
                "passes": 273,
                "fails": 0
            },
            "book": {
                "path": "::book",
                "id": "c32672b9a002ce46d620b0d99dc456c3",
                "passes": 134,
                "fails": 0,
                "name": "book"
            },
            "long_q": {
                "name": "long_q",
                "path": "::long_q",
                "id": "3fc9e807932e8b458afd34be1f335357",
                "passes": 134,
                "fails": 0
            },
            "bad_json": {
                "path": "::bad_json",
                "id": "922dc211d6d29f52a417f71333d4ff40",
                "passes": 130,
                "fails": 0,
                "name": "bad_json"
            }
        },
        "name": "",
        "path": "",
        "id": "d41d8cd98f00b204e9800998ecf8427e",
        "groups": {}
    },
    "metrics": {
        "data_sent": {
            "count": 691448,
            "rate": 67440.2740495083
        },
        "vus_max": {
            "min": 10,
            "max": 10,
            "value": 10
        },
        "http_req_tls_handshaking": {
            "avg": 0.4052469135802469,
            "min": 0,
            "med": 0,
            "max": 43.377,
            "p(90)": 0,
            "p(95)": 0
        },
        "http_req_duration{expected_response:true}": {
            "p(90)": 143.08270000000002,
            "p(95)": 193.6763499999999,
            "avg": 63.69692839506177,
            "min": 1.893,
            "med": 32.9855,
            "max": 1057.202
        },
        "iterations": {
            "count": 810,
            "rate": 79.00322508721078
        },
        "http_req_connecting": {
            "avg": 0.01628888888888889,
            "min": 0,
            "med": 0,
            "max": 1.762,
            "p(90)": 0,
            "p(95)": 0
        },
        "http_req_waiting": {
            "min": 1.851,
            "med": 32.778,
            "max": 1057.126,
            "p(90)": 142.95600000000002,
            "p(95)": 193.52579999999992,
            "avg": 63.58790617283945
        },
        "http_req_duration": {
            "med": 32.9855,
            "max": 1057.202,
            "p(90)": 143.08270000000002,
            "p(95)": 193.6763499999999,
            "avg": 63.69692839506177,
            "min": 1.893,
            "thresholds": {
                "p(95)<2500": false,
                "p(99)<6000": false,
                "p(100)<15000": false
            }
        },
        "http_req_blocked": {
            "p(95)": 0.01,
            "avg": 0.4646061728395022,
            "min": 0.001,
            "med": 0.005,
            "max": 47.626,
            "p(90)": 0.008
        },
        "iteration_duration": {
            "min": 24.012541,
            "med": 100.5951875,
            "max": 1129.523417,
            "p(90)": 206.78744590000002,
            "p(95)": 274.4402545,
            "avg": 125.33333004691352
        },
        "checks": {
            "passes": 810,
            "fails": 0,
            "value": 1
        },
        "http_reqs": {
            "count": 810,
            "rate": 79.00322508721078
        },
        "http_req_failed": {
            "fails": 810,
            "passes": 0,
            "thresholds": {
                "rate<0.15": false
            },
            "value": 0
        },
        "http_req_sending": {
            "max": 0.714,
            "p(90)": 0.082,
            "p(95)": 0.12,
            "avg": 0.036488888888888786,
            "min": 0.007,
            "med": 0.022
        },
        "data_received": {
            "count": 838655,
            "rate": 81798.08609322809
        },
        "http_req_receiving": {
            "avg": 0.07253333333333334,
            "min": 0.019,
            "med": 0.063,
            "max": 1.302,
            "p(90)": 0.102,
            "p(95)": 0.12309999999999993
        },
        "vus": {
            "value": 10,
            "min": 10,
            "max": 10
        },
        "event_layer_adversarial_accepted": {
            "passes": 264,
            "fails": 0,
            "thresholds": {
                "rate>0.70": false
            },
            "value": 1
        }
    }
}