service,protocol,p50,p95,p99,max,rps
gateway,http2,200.76350000000002,507.8671999999995,,10986.072,169.17492869999612
