service,protocol,p50,p95,p99,max,rps
trust,http3,41.554,278.78369999999995,,2528.487,60.8911725140276
