service,protocol,p50,p95,p99,max,rps
trust,http3,74.655,686.2373499999997,,3155.519,39.74657001082012
