service,protocol,p50,p95,p99,max,rps
media,http1.1,19.58,260.12649999999985,,936.837,14.935086771865066
