service,protocol,p50,p95,p99,max,rps
media,http1.1,14.911000000000001,80.98884999999994,,781.937,14.988544754862017
