service,protocol,p50,p95,p99,max,rps
gateway,http1.1,80.572,318.20739999999995,,6771.51,162.84363661528798
