{
    "root_group": {
        "name": "",
        "path": "",
        "id": "d41d8cd98f00b204e9800998ecf8427e",
        "groups": {},
        "checks": {
                "200": {
                    "passes": 949,
                    "fails": 0,
                    "name": "200",
                    "path": "::200",
                    "id": "4230b0c1b1cb609da348fcf04ffd96f4"
                }
            }
    },
    "metrics": {
        "http_req_sending": {
            "avg": 0.08660168598524748,
            "min": 0.021,
            "med": 0.068,
            "max": 1.322,
            "p(90)": 0.136,
            "p(95)": 0.162
        },
        "http_req_duration": {
            "med": 25.638,
            "max": 1754.712,
            "p(90)": 129.02540000000002,
            "p(95)": 189.39419999999996,
            "avg": 54.474909378293006,
            "min": 2.122,
            "thresholds": {
                "p(95)<500": false,
                "p(99)<1000": false,
                "p(100)<4000": false,
                "p(50)<250": false
            }
        },
        "http_req_duration{expected_response:true}": {
            "avg": 54.474909378293006,
            "min": 2.122,
            "med": 25.638,
            "max": 1754.712,
            "p(90)": 129.02540000000002,
            "p(95)": 189.39419999999996
        },
        "checks": {
            "passes": 949,
            "fails": 0,
            "value": 1
        },
        "vus_max": {
            "value": 10,
            "min": 10,
            "max": 10
        },
        "iteration_duration": {
            "avg": 105.6417011348789,
            "min": 52.468084,
            "med": 76.528666,
            "max": 1805.993459,
            "p(90)": 180.1962746,
            "p(95)": 240.29399199999992
        },
        "vus": {
            "value": 10,
            "min": 10,
            "max": 10
        },
        "http_reqs": {
            "count": 949,
            "rate": 94.403494262277
        },
        "data_received": {
            "count": 119412,
            "rate": 11878.725033558503
        },
        "http_req_blocked": {
            "max": 66.07,
            "p(90)": 0.001,
            "p(95)": 0.001,
            "avg": 0.5967038988408752,
            "min": 0,
            "med": 0
        },
        "data_sent": {
            "count": 52843,
            "rate": 5256.653158378823
        },
        "http_req_failed": {
            "passes": 0,
            "fails": 949,
            "thresholds": {
                "rate<0.05": false
            },
            "value": 0
        },
        "http_req_connecting": {
            "med": 0,
            "max": 1.358,
            "p(90)": 0,
            "p(95)": 0,
            "avg": 0.012661749209694415,
            "min": 0
        },
        "http_req_receiving": {
            "avg": 0.08190832455216007,
            "min": 0.018,
            "med": 0.052,
            "max": 1.212,
            "p(90)": 0.14340000000000003,
            "p(95)": 0.21859999999999996
        },
        "iterations": {
            "count": 949,
            "rate": 94.403494262277
        },
        "http_req_tls_handshaking": {
            "avg": 0.5567776606954689,
            "min": 0,
            "med": 0,
            "max": 62.539,
            "p(90)": 0,
            "p(95)": 0
        },
        "http_req_waiting": {
            "p(90)": 128.91220000000004,
            "p(95)": 189.21119999999993,
            "avg": 54.30639936775558,
            "min": 2.05,
            "med": 25.335,
            "max": 1754.585
        }
    }
}