service,protocol,p50,p95,p99,max,rps
listings,http3,64.908,329.40369999999996,,1056.809,124.38744764582779
