service,protocol,p50,p95,p99,max,rps
analytics,http3,19.492,141.47619999999972,,1430.714,39.779239706001945
