service,protocol,p50,p95,p99,max,rps
event-layer,http1.1,189.607,590.5036999999999,,2286.515,100.85914804691589
