{
    "root_group": {
        "name": "",
        "path": "",
        "id": "d41d8cd98f00b204e9800998ecf8427e",
        "groups": {},
        "checks": {
                "200": {
                    "name": "200",
                    "path": "::200",
                    "id": "4230b0c1b1cb609da348fcf04ffd96f4",
                    "passes": 6542,
                    "fails": 0
                }
            }
    },
    "metrics": {
        "iterations": {
            "count": 6542,
            "rate": 108.90502868886736
        },
        "http_req_receiving": {
            "avg": 0.07186640171201414,
            "min": 0.012,
            "med": 0.055,
            "max": 4.443,
            "p(90)": 0.11,
            "p(95)": 0.157
        },
        "http_req_duration": {
            "med": 25.4185,
            "max": 5104.622,
            "p(90)": 60.0876,
            "p(95)": 86.96495,
            "avg": 41.196193213084854,
            "min": 8.578,
            "thresholds": {
                "p(95)<800": false,
                "p(99)<3000": false,
                "p(100)<8000": false
            }
        },
        "http_req_tls_handshaking": {
            "avg": 0.03567380006114338,
            "min": 0,
            "med": 0,
            "max": 46.464,
            "p(90)": 0,
            "p(95)": 0
        },
        "checks": {
            "passes": 6542,
            "fails": 0,
            "value": 1
        },
        "http_req_failed": {
            "passes": 0,
            "fails": 6542,
            "thresholds": {
                "rate<0.08": false
            },
            "value": 0
        },
        "http_reqs": {
            "count": 6542,
            "rate": 108.90502868886736
        },
        "http_req_duration{expected_response:true}": {
            "avg": 41.196193213084854,
            "min": 8.578,
            "med": 25.4185,
            "max": 5104.622,
            "p(90)": 60.0876,
            "p(95)": 86.96495
        },
        "data_received": {
            "count": 1715322,
            "rate": 28555.058333941506
        },
        "iteration_duration": {
            "min": 58.809459,
            "med": 75.9569795,
            "max": 5155.273583,
            "p(90)": 110.5808084,
            "p(95)": 137.31194854999998,
            "avg": 91.78324647707146
        },
        "http_req_connecting": {
            "p(90)": 0,
            "p(95)": 0,
            "avg": 0.0027733109140935493,
            "min": 0,
            "med": 0,
            "max": 2.073
        },
        "vus_max": {
            "min": 10,
            "max": 10,
            "value": 10
        },
        "http_req_sending": {
            "p(95)": 0.141,
            "avg": 0.0810937022317333,
            "min": 0.016,
            "med": 0.069,
            "max": 3.707,
            "p(90)": 0.123
        },
        "vus": {
            "min": 10,
            "max": 10,
            "value": 10
        },
        "http_req_waiting": {
            "med": 25.2965,
            "max": 5104.5,
            "p(90)": 59.8189,
            "p(95)": 86.82584999999999,
            "avg": 41.04323310914089,
            "min": 8.458
        },
        "http_req_blocked": {
            "p(90)": 0.001,
            "p(95)": 0.001,
            "avg": 0.04367930296544057,
            "min": 0,
            "med": 0.001,
            "max": 51.42
        },
        "data_sent": {
            "count": 269244,
            "rate": 4482.119465653532
        }
    }
}