{
    "root_group": {
        "name": "",
        "path": "",
        "id": "d41d8cd98f00b204e9800998ecf8427e",
        "groups": {},
        "checks": {
                "200": {
                    "id": "4230b0c1b1cb609da348fcf04ffd96f4",
                    "passes": 11425,
                    "fails": 2,
                    "name": "200",
                    "path": "::200"
                }
            }
    },
    "metrics": {
        "http_req_duration{expected_response:true}": {
            "med": 74.879,
            "max": 1473.992,
            "p(90)": 202.70460000000003,
            "p(95)": 293.43519999999995,
            "avg": 107.2315141356676,
            "min": 9.546
        },
        "iteration_duration": {
            "max": 1524.455084,
            "p(90)": 253.0719832,
            "p(95)": 344.0607419999999,
            "avg": 157.74100561687266,
            "min": 59.744,
            "med": 125.487541
        },
        "http_reqs": {
            "count": 11427,
            "rate": 189.84850929628024
        },
        "http_req_failed": {
            "passes": 2,
            "fails": 11425,
            "thresholds": {
                "rate<0.08": false
            },
            "value": 0.00017502406580904875
        },
        "http_req_receiving": {
            "med": 0.052,
            "max": 8.068,
            "p(90)": 0.115,
            "p(95)": 0.173,
            "avg": 0.07430235407368484,
            "min": 0.012
        },
        "vus_max": {
            "max": 30,
            "value": 30,
            "min": 30
        },
        "http_req_waiting": {
            "max": 1473.848,
            "p(90)": 202.5498,
            "p(95)": 293.26279999999997,
            "avg": 107.09380064758932,
            "min": 9.471,
            "med": 74.731
        },
        "data_sent": {
            "count": 491839,
            "rate": 8171.427405598423
        },
        "data_received": {
            "count": 3057573,
            "rate": 50798.60646841301
        },
        "http_req_tls_handshaking": {
            "avg": 0.046895160584580375,
            "min": 0,
            "med": 0,
            "max": 28.481,
            "p(90)": 0,
            "p(95)": 0
        },
        "http_req_sending": {
            "avg": 0.07247965345234991,
            "min": 0.015,
            "med": 0.059,
            "max": 3.872,
            "p(90)": 0.113,
            "p(95)": 0.13
        },
        "http_req_connecting": {
            "p(90)": 0,
            "p(95)": 0,
            "avg": 0.006635687407018467,
            "min": 0,
            "med": 0,
            "max": 3.578
        },
        "checks": {
            "passes": 11425,
            "fails": 2,
            "value": 0.999824975934191
        },
        "iterations": {
            "rate": 189.84850929628024,
            "count": 11427
        },
        "vus": {
            "max": 30,
            "value": 30,
            "min": 30
        },
        "http_req_duration": {
            "min": 9.546,
            "med": 74.9,
            "max": 1473.992,
            "p(90)": 202.6964,
            "p(95)": 293.43229999999994,
            "avg": 107.24058265511526,
            "thresholds": {
                "p(95)<800": false,
                "p(99)<3000": false,
                "p(100)<8000": false
            }
        },
        "http_req_blocked": {
            "min": 0,
            "med": 0.001,
            "max": 33.659,
            "p(90)": 0.001,
            "p(95)": 0.001,
            "avg": 0.06132563227442519
        }
    }
}