service,protocol,p50,p95,p99,max,rps
messaging,http2,11.378499999999999,224.55054999999993,,1686.074,19.77474040576369
