service,protocol,p50,p95,p99,max,rps
messaging,http2,13.966000000000001,64.34084999999988,,820.613,19.947937876934986
