service,protocol,p50,p95,p99,max,rps
messaging,http2,16.420499999999997,92.34564999999998,,556.115,19.874248935654073
