service,protocol,p50,p95,p99,max,rps
gateway,http2,108.0415,301.21779999999984,,5817.403,153.93690553467908
