service,protocol,p50,p95,p99,max,rps
booking,http2,109.073,379.48999999999984,,1207.929,106.78137188244486
