service,protocol,p50,p95,p99,max,rps
gateway,http2,31.377,191.91579999999965,,845.85,94.79323078758256
