service,protocol,p50,p95,p99,max,rps
analytics,http1.1,12.475000000000001,132.30489999999995,,2787.126,83.2281362082193
