service,protocol,p50,p95,p99,max,rps
messaging,http3,27.042,1230.1117999999994,,1879.23,19.671040386371445
