service,protocol,p50,p95,p99,max,rps
messaging,http1.1,10.2035,36.885949999999966,,282.342,19.980058236874747
