{
    "metrics": {
        "http_req_sending": {
            "avg": 0.16171107410491242,
            "min": 0.057,
            "med": 0.139,
            "max": 6.839,
            "p(90)": 0.211,
            "p(95)": 0.262
        },
        "iterations": {
            "count": 1201,
            "rate": 19.978998263340962
        },
        "http_req_waiting": {
            "p(90)": 25.466,
            "p(95)": 39.916,
            "avg": 18.465356369691904,
            "min": 5.129,
            "med": 10.067,
            "max": 571.384
        },
        "http_req_failed": {
            "passes": 0,
            "fails": 1201,
            "thresholds": {
                "rate<0.02": false
            },
            "value": 0
        },
        "http_req_blocked": {
            "max": 8.827,
            "p(90)": 0.001,
            "p(95)": 0.002,
            "avg": 0.160909242298089,
            "min": 0,
            "med": 0.001
        },
        "http_req_tls_handshaking": {
            "p(95)": 0,
            "avg": 0.1353347210657785,
            "min": 0,
            "med": 0,
            "max": 7.972,
            "p(90)": 0
        },
        "http_req_duration": {
            "avg": 18.721349708576195,
            "min": 5.438,
            "med": 10.278,
            "max": 571.619,
            "p(90)": 25.7,
            "p(95)": 40.145,
            "thresholds": {
                "p(99)<2000": false,
                "p(100)<8000": false,
                "p(95)<500": false
            }
        },
        "http_req_receiving": {
            "min": 0.028,
            "med": 0.074,
            "max": 2.983,
            "p(90)": 0.116,
            "p(95)": 0.153,
            "avg": 0.09428226477935012
        },
        "errors": {
            "fails": 1201,
            "passes": 0,
            "thresholds": {
                "rate<0.02": false
            },
            "value": 0
        },
        "http_req_connecting": {
            "min": 0,
            "med": 0,
            "max": 0.992,
            "p(90)": 0,
            "p(95)": 0,
            "avg": 0.018887593671940053
        },
        "vus": {
            "value": 2,
            "min": 2,
            "max": 4
        },
        "vus_max": {
            "value": 30,
            "min": 30,
            "max": 30
        },
        "http_reqs": {
            "rate": 19.978998263340962,
            "count": 1201
        },
        "data_received": {
            "count": 225190,
            "rate": 3746.1037626325992
        },
        "checks": {
            "passes": 1201,
            "fails": 0,
            "value": 1
        },
        "data_sent": {
            "count": 97837,
            "rate": 1627.5480875024896
        },
        "iteration_duration": {
            "avg": 119.83214165362186,
            "min": 106.656458,
            "med": 111.437792,
            "max": 673.225,
            "p(90)": 127.082458,
            "p(95)": 141.198583
        },
        "http_req_duration{expected_response:true}": {
            "p(90)": 25.7,
            "p(95)": 40.145,
            "avg": 18.721349708576195,
            "min": 5.438,
            "med": 10.278,
            "max": 571.619
        }
    },
    "root_group": {
        "groups": {},
        "checks": {
                "messaging health": {
                    "name": "messaging health",
                    "path": "::messaging health",
                    "id": "5283f4bcb8950a4997d5f15646378010",
                    "passes": 1201,
                    "fails": 0
                }
            },
        "name": "",
        "path": "",
        "id": "d41d8cd98f00b204e9800998ecf8427e"
    }
}