service,protocol,p50,p95,p99,max,rps
event-layer,http3,150.91,496.6599999999996,,2187.248,114.04683105222533
