service,protocol,p50,p95,p99,max,rps
booking,http2,158.506,577.1224999999996,,1597.845,38.83528222243297
