service,protocol,p50,p95,p99,max,rps
booking,http1.1,129.078,560.8354999999999,,2520.894,42.28881296200362
