{
    "root_group": {
        "checks": {
            "messaging health": {
                "name": "messaging health",
                "path": "::messaging health",
                "id": "5283f4bcb8950a4997d5f15646378010",
                "passes": 1200,
                "fails": 0
            }
        },
        "name": "",
        "path": "",
        "id": "d41d8cd98f00b204e9800998ecf8427e",
        "groups": {}
    },
    "metrics": {
        "vus": {
            "value": 2,
            "min": 2,
            "max": 6
        },
        "http_req_failed": {
            "passes": 0,
            "fails": 1200,
            "thresholds": {
                "rate<0.02": false
            },
            "value": 0
        },
        "http_req_tls_handshaking": {
            "avg": 0.11652750000000002,
            "min": 0,
            "med": 0,
            "max": 10.803,
            "p(90)": 0,
            "p(95)": 0
        },
        "iterations": {
            "count": 1200,
            "rate": 19.979983386643813
        },
        "iteration_duration": {
            "min": 106.557333,
            "med": 111.1011875,
            "max": 413.714833,
            "p(90)": 127.20065830000001,
            "p(95)": 143.34038929999994,
            "avg": 117.91777420416663
        },
        "http_req_blocked": {
            "avg": 0.14028000000000376,
            "min": 0,
            "med": 0.001,
            "max": 15.38,
            "p(90)": 0.001,
            "p(95)": 0.001
        },
        "http_req_sending": {
            "max": 2.255,
            "p(90)": 0.178,
            "p(95)": 0.21614999999999984,
            "avg": 0.14255333333333323,
            "min": 0.051,
            "med": 0.129
        },
        "checks": {
            "passes": 1200,
            "fails": 0,
            "value": 1
        },
        "http_req_duration": {
            "avg": 16.90522166666667,
            "min": 5.609,
            "med": 10.3795,
            "max": 312.151,
            "p(90)": 24.760600000000004,
            "p(95)": 41.874399999999966,
            "thresholds": {
                "p(95)<500": false,
                "p(99)<2000": false,
                "p(100)<8000": false
            }
        },
        "http_req_receiving": {
            "avg": 0.08497999999999961,
            "min": 0.029,
            "med": 0.072,
            "max": 1.452,
            "p(90)": 0.109,
            "p(95)": 0.145
        },
        "http_reqs": {
            "rate": 19.979983386643813,
            "count": 1200
        },
        "errors": {
            "passes": 0,
            "fails": 1200,
            "thresholds": {
                "rate<0.02": false
            },
            "value": 0
        },
        "http_req_duration{expected_response:true}": {
            "med": 10.3795,
            "max": 312.151,
            "p(90)": 24.760600000000004,
            "p(95)": 41.874399999999966,
            "avg": 16.90522166666667,
            "min": 5.609
        },
        "vus_max": {
            "value": 20,
            "min": 20,
            "max": 20
        },
        "http_req_connecting": {
            "avg": 0.016672500000000003,
            "min": 0,
            "med": 0,
            "max": 1.938,
            "p(90)": 0,
            "p(95)": 0
        },
        "data_sent": {
            "count": 80000,
            "rate": 1331.9988924429208
        },
        "data_received": {
            "count": 209229,
            "rate": 3483.659953336749
        },
        "http_req_waiting": {
            "med": 10.1395,
            "max": 311.797,
            "p(90)": 24.5132,
            "p(95)": 41.662099999999974,
            "avg": 16.67768833333333,
            "min": 5.382
        }
    }
}