service,protocol,p50,p95,p99,max,rps
event-layer,http1.1,24.7145,1534.5204499999963,,1063757.297,1.6481548085400235
