service,protocol,p50,p95,p99,max,rps
analytics,http1.1,36.446,301.8333999999999,,1847.59,59.57340746291506
