service,protocol,p50,p95,p99,max,rps
media,http2,13.491,63.692449999999944,,276.13,14.985441892958356
