service,protocol,p50,p95,p99,max,rps
auth,http2,144.8005,395.2282499999999,,1121.353,41.032690231398725
