service,protocol,p50,p95,p99,max,rps
booking,http3,142.018,535.7793999999999,,1709.405,85.22113059591125
