service,protocol,p50,p95,p99,max,rps
event-layer,http3,194.1475,525.8510999999997,,5833.239,126.69544425400453
