service,protocol,p50,p95,p99,max,rps
auth,http3,161.938,336.1081999999997,,5210.691,238.59625752046904
