service,protocol,p50,p95,p99,max,rps
media,http2,13.528,49.07679999999994,,424.509,14.964607122800098
