service,protocol,p50,p95,p99,max,rps
gateway,http1.1,12.504000000000001,84.85174999999995,,273.546,133.12290280649583
