service,protocol,p50,p95,p99,max,rps
auth,http1.1,80.231,262.56474999999995,,1084.095,190.5335228936744
