service,protocol,p50,p95,p99,max,rps
event-layer,http1.1,52.741,240.2710999999999,,1260.433,212.184751350746
