service,protocol,p50,p95,p99,max,rps
listings,http3,162.44150000000002,612.4279999999995,,1803.78,145.23488469677554
