service,protocol,p50,p95,p99,max,rps
listings,http3,146.3495,532.6279999999999,,5094.164,107.88644776718218
