service,protocol,p50,p95,p99,max,rps
analytics,http1.1,122.2045,678.3073499999998,,1908.259,103.63908163022184
