service,protocol,p50,p95,p99,max,rps
listings,http3,167.165,587.9241499999999,,2040.339,142.39720150699614
