{
    "metrics": {
        "vus": {
            "max": 10,
            "value": 10,
            "min": 10
        },
        "http_req_sending": {
            "p(95)": 0.153,
            "avg": 0.07685624487564904,
            "min": 0.018,
            "med": 0.059,
            "max": 3.098,
            "p(90)": 0.124
        },
        "iterations": {
            "count": 3659,
            "rate": 60.8911725140276
        },
        "data_sent": {
            "count": 155143,
            "rate": 2581.8090126656966
        },
        "http_req_waiting": {
            "med": 41.366,
            "max": 2528.08,
            "p(90)": 192.74960000000004,
            "p(95)": 278.6637,
            "avg": 83.22667805411359,
            "min": 6.006
        },
        "vus_max": {
            "value": 10,
            "min": 10,
            "max": 10
        },
        "iteration_duration": {
            "min": 86.448709,
            "med": 122.064625,
            "max": 2654.805625,
            "p(90)": 273.85459140000006,
            "p(95)": 359.62603809999996,
            "avg": 164.06715189204652
        },
        "http_req_duration": {
            "min": 6.145,
            "med": 41.554,
            "max": 2528.487,
            "p(90)": 193.1662,
            "p(95)": 278.78369999999995,
            "avg": 83.38026291336422,
            "thresholds": {
                "p(95)<800": false,
                "p(99)<2000": false,
                "p(100)<5000": false
            }
        },
        "http_req_tls_handshaking": {
            "avg": 0.08360426345996175,
            "min": 0,
            "med": 0,
            "max": 38.937,
            "p(90)": 0,
            "p(95)": 0
        },
        "http_req_receiving": {
            "max": 2.009,
            "p(90)": 0.133,
            "p(95)": 0.192,
            "avg": 0.0767286143755122,
            "min": 0.014,
            "med": 0.055
        },
        "http_req_blocked": {
            "min": 0,
            "med": 0,
            "max": 45.703,
            "p(90)": 0.001,
            "p(95)": 0.001,
            "avg": 0.1027463787920097
        },
        "http_req_failed": {
            "passes": 1,
            "fails": 3658,
            "thresholds": {
                "rate<0.05": false
            },
            "value": 0.00027329871549603714
        },
        "http_reqs": {
            "count": 3659,
            "rate": 60.8911725140276
        },
        "http_req_duration{expected_response:true}": {
            "avg": 83.31734117003819,
            "min": 6.145,
            "med": 41.528000000000006,
            "max": 2528.487,
            "p(90)": 192.87900000000002,
            "p(95)": 278.3550499999999
        },
        "http_req_connecting": {
            "max": 2.518,
            "p(90)": 0,
            "p(95)": 0,
            "avg": 0.005404755397649632,
            "min": 0,
            "med": 0
        },
        "checks": {
            "fails": 1,
            "passes": 3658,
            "value": 0.9997267012845039
        },
        "data_received": {
            "count": 574408,
            "rate": 9558.998803344512
        }
    },
    "root_group": {
        "id": "d41d8cd98f00b204e9800998ecf8427e",
        "groups": {},
        "checks": {
                "200": {
                    "fails": 1,
                    "name": "200",
                    "path": "::200",
                    "id": "4230b0c1b1cb609da348fcf04ffd96f4",
                    "passes": 3658
                }
            },
        "name": "",
        "path": ""
    }
}