{
    "root_group": {
        "name": "",
        "path": "",
        "id": "d41d8cd98f00b204e9800998ecf8427e",
        "groups": {},
        "checks": {
                "200": {
                    "id": "4230b0c1b1cb609da348fcf04ffd96f4",
                    "passes": 5755,
                    "fails": 2,
                    "name": "200",
                    "path": "::200"
                }
            }
    },
    "metrics": {
        "iteration_duration": {
            "min": 60.893834,
            "med": 86.617417,
            "max": 713.454875,
            "p(90)": 153.78499960000002,
            "p(95)": 190.1373587999999,
            "avg": 104.25683173892682
        },
        "vus_max": {
            "value": 10,
            "min": 10,
            "max": 10
        },
        "http_req_duration": {
            "avg": 53.678004342539495,
            "min": 10.702,
            "med": 36.153,
            "max": 662.833,
            "p(90)": 102.11160000000001,
            "p(95)": 139.2834,
            "thresholds": {
                "p(95)<800": false,
                "p(99)<3000": false,
                "p(100)<8000": false
            }
        },
        "http_req_connecting": {
            "avg": 0.002232239013375022,
            "min": 0,
            "med": 0,
            "max": 1.401,
            "p(90)": 0,
            "p(95)": 0
        },
        "vus": {
            "value": 10,
            "min": 10,
            "max": 10
        },
        "http_req_blocked": {
            "avg": 0.042286260204969964,
            "min": 0,
            "med": 0,
            "max": 29.283,
            "p(90)": 0.001,
            "p(95)": 0.001
        },
        "http_req_receiving": {
            "avg": 0.07997707139134971,
            "min": 0.014,
            "med": 0.056,
            "max": 2.146,
            "p(90)": 0.138,
            "p(95)": 0.208
        },
        "iterations": {
            "count": 5757,
            "rate": 95.8346246953293
        },
        "checks": {
            "passes": 5755,
            "fails": 2,
            "value": 0.9996525968386313
        },
        "http_req_tls_handshaking": {
            "p(95)": 0,
            "avg": 0.03411915928434949,
            "min": 0,
            "med": 0,
            "max": 24.934,
            "p(90)": 0
        },
        "data_sent": {
            "count": 238974,
            "rate": 3978.110752465107
        },
        "data_received": {
            "count": 1515825,
            "rate": 25233.37154399818
        },
        "http_reqs": {
            "count": 5757,
            "rate": 95.8346246953293
        },
        "http_req_sending": {
            "min": 0.017,
            "med": 0.061,
            "max": 3.244,
            "p(90)": 0.125,
            "p(95)": 0.146,
            "avg": 0.07777297203404558
        },
        "http_req_waiting": {
            "p(95)": 139.08999999999997,
            "avg": 53.52025429911394,
            "min": 10.617,
            "med": 36.007,
            "max": 662.719,
            "p(90)": 101.8952
        },
        "http_req_failed": {
            "passes": 2,
            "fails": 5755,
            "thresholds": {
                "rate<0.08": false
            },
            "value": 0.0003474031613687685
        },
        "http_req_duration{expected_response:true}": {
            "avg": 53.65743405734141,
            "min": 10.702,
            "med": 36.152,
            "max": 662.833,
            "p(90)": 101.96600000000002,
            "p(95)": 139.2876
        }
    }
}