service,protocol,p50,p95,p99,max,rps
booking,http2,268.9765,832.2752499999998,,2453.655,74.33051718762019
