{
  "root_group": {
    "checks": {
      "200": {
        "fails": 0,
        "name": "200",
        "path": "::200",
        "id": "4230b0c1b1cb609da348fcf04ffd96f4",
        "passes": 6068
      }
    },
    "name": "",
    "path": "",
    "id": "d41d8cd98f00b204e9800998ecf8427e",
    "groups": {}
  },
  "metrics": {
    "http_req_duration": {
      "p(95)": 151.24909999999997,
      "avg": 257.4770201054713,
      "min": 5.644,
      "med": 19.343,
      "max": 127798.397,
      "p(90)": 104.8917000000001,
      "thresholds": {
        "p(99)<3000": false,
        "p(100)<8000": true,
        "p(95)<800": false
      }
    },
    "iteration_duration": {
      "min": 55.850541,
      "med": 69.784063,
      "max": 1863.950083,
      "p(90)": 156.78165890000002,
      "p(95)": 202.51818925,
      "avg": 99.02098658190496
    },
    "http_req_blocked": {
      "avg": 0.07719017798284804,
      "min": 0,
      "med": 0.001,
      "max": 50.758,
      "p(90)": 0.001,
      "p(95)": 0.001
    },
    "http_req_receiving": {
      "med": 0.043,
      "max": 27.725,
      "p(90)": 0.092,
      "p(95)": 0.128,
      "avg": 0.06343572841133759,
      "min": 0.013
    },
    "vus_max": {
      "value": 10,
      "min": 10,
      "max": 10
    },
    "http_reqs": {
      "count": 6068,
      "rate": 32.45333678946039
    },
    "http_req_failed": {
      "passes": 0,
      "fails": 6068,
      "thresholds": {
        "rate<0.08": false
      },
      "value": 0
    },
    "data_sent": {
      "count": 243706,
      "rate": 1303.4068713929191
    },
    "http_req_tls_handshaking": {
      "max": 40.888,
      "p(90)": 0,
      "p(95)": 0,
      "avg": 0.0606130520764667,
      "min": 0,
      "med": 0
    },
    "http_req_connecting": {
      "avg": 0.006083058668424522,
      "min": 0,
      "med": 0,
      "max": 4.028,
      "p(90)": 0,
      "p(95)": 0
    },
    "http_req_waiting": {
      "avg": 257.3423371786411,
      "min": 5.58,
      "med": 19.2265,
      "max": 127798.122,
      "p(90)": 104.6200000000001,
      "p(95)": 151.13230000000001
    },
    "http_req_sending": {
      "min": 0.015,
      "med": 0.062,
      "max": 8.614,
      "p(90)": 0.114,
      "p(95)": 0.133,
      "avg": 0.07124719841792988
    },
    "http_req_duration{expected_response:true}": {
      "p(90)": 104.8917000000001,
      "p(95)": 151.24909999999997,
      "avg": 257.4770201054713,
      "min": 5.644,
      "med": 19.343,
      "max": 127798.397
    },
    "vus": {
      "value": 10,
      "min": 10,
      "max": 10
    },
    "checks": {
      "passes": 6068,
      "fails": 0,
      "value": 1
    },
    "data_received": {
      "count": 727056,
      "rate": 3888.495918391218
    },
    "iterations": {
      "count": 6068,
      "rate": 32.45333678946039
    }
  },
  "k6_matrix_warning": "k6 thresholds crossed; metrics preserved (exit 99)",
  "k6_matrix_status": "thresholds_crossed_with_metrics",
  "k6_matrix_exit_code": 99
}
