service,protocol,p50,p95,p99,max,rps
booking,http3,272.77,837.2922999999995,,7916.517,67.14807467645966
