{
    "root_group": {
        "path": "",
        "id": "d41d8cd98f00b204e9800998ecf8427e",
        "groups": {},
        "checks": {
                "200": {
                    "name": "200",
                    "path": "::200",
                    "id": "4230b0c1b1cb609da348fcf04ffd96f4",
                    "passes": 7894,
                    "fails": 4
                }
            },
        "name": ""
    },
    "metrics": {
        "http_reqs": {
            "count": 7898,
            "rate": 131.09475021628228
        },
        "http_req_connecting": {
            "med": 0,
            "max": 4.634,
            "p(90)": 0,
            "p(95)": 0,
            "avg": 0.014562294251709294,
            "min": 0
        },
        "vus_max": {
            "value": 30,
            "min": 30,
            "max": 30
        },
        "data_received": {
            "count": 1837936,
            "rate": 30506.933506395664
        },
        "data_sent": {
            "count": 354416,
            "rate": 5882.764876253975
        },
        "vus": {
            "max": 30,
            "value": 30,
            "min": 30
        },
        "http_req_failed": {
            "passes": 4,
            "fails": 7894,
            "thresholds": {
                "rate<0.05": false
            },
            "value": 0.0005064573309698658
        },
        "http_req_duration{expected_response:true}": {
            "p(95)": 445.01069999999993,
            "avg": 144.92583747149726,
            "min": 5.941,
            "med": 72.438,
            "max": 6419.654,
            "p(90)": 279.4399
        },
        "http_req_sending": {
            "max": 1.148,
            "p(90)": 0.109,
            "p(95)": 0.125,
            "avg": 0.0653048873132438,
            "min": 0.016,
            "med": 0.056
        },
        "http_req_blocked": {
            "avg": 0.16680311471257397,
            "min": 0,
            "med": 0,
            "max": 65.357,
            "p(90)": 0.001,
            "p(95)": 0.001
        },
        "checks": {
            "passes": 7894,
            "fails": 4,
            "value": 0.9994935426690301
        },
        "iteration_duration": {
            "avg": 228.34808104266887,
            "min": 86.218666,
            "med": 153.18210449999998,
            "max": 6499.992875,
            "p(90)": 361.03358380000003,
            "p(95)": 528.1642964999993
        },
        "iterations": {
            "count": 7898,
            "rate": 131.09475021628228
        },
        "http_req_waiting": {
            "min": 5.826,
            "med": 72.33099999999999,
            "max": 6419.518,
            "p(90)": 279.9566000000001,
            "p(95)": 447.33649999999994,
            "avg": 147.63203241326855
        },
        "http_req_duration": {
            "p(90)": 280.1370000000001,
            "p(95)": 447.43679999999995,
            "avg": 147.76059534059203,
            "min": 5.941,
            "med": 72.4805,
            "max": 6419.654,
            "thresholds": {
                "p(95)<1200": false,
                "p(99)<4000": false,
                "p(100)<8000": false
            }
        },
        "http_req_tls_handshaking": {
            "avg": 0.1357980501392758,
            "min": 0,
            "med": 0,
            "max": 56.536,
            "p(90)": 0,
            "p(95)": 0
        },
        "http_req_receiving": {
            "min": 0.013,
            "med": 0.048,
            "max": 4.892,
            "p(90)": 0.099,
            "p(95)": 0.136,
            "avg": 0.06325804001012854
        }
    }
}