service,protocol,p50,p95,p99,max,rps
trust,http3,408.102,1983.0571999999993,,13762.585,45.89595903293739
