service,protocol,p50,p95,p99,max,rps
analytics,http2,25.296,260.75959999999975,,2455.933,64.8479667202807
