{
  "root_group": {
    "checks": {
      "200": {
        "name": "200",
        "path": "::200",
        "id": "4230b0c1b1cb609da348fcf04ffd96f4",
        "passes": 16463,
        "fails": 0
      }
    },
    "name": "",
    "path": "",
    "id": "d41d8cd98f00b204e9800998ecf8427e",
    "groups": {}
  },
  "metrics": {
    "vus_max": {
      "value": 60,
      "min": 60,
      "max": 60
    },
    "http_req_blocked": {
      "p(95)": 0.001,
      "avg": 0.2330496871773954,
      "min": 0,
      "med": 0,
      "max": 89.324,
      "p(90)": 0.001
    },
    "http_req_connecting": {
      "max": 7.178,
      "p(90)": 0,
      "p(95)": 0,
      "avg": 0.02135455263317743,
      "min": 0,
      "med": 0
    },
    "http_req_failed": {
      "passes": 0,
      "fails": 16463,
      "thresholds": {
        "rate<0.05": false
      },
      "value": 0
    },
    "http_req_duration{expected_response:true}": {
      "p(95)": 362.3927999999999,
      "avg": 168.73285701269495,
      "min": 1.681,
      "med": 120.629,
      "max": 6045.078,
      "p(90)": 265.2982
    },
    "http_req_tls_handshaking": {
      "avg": 0.18877914110429445,
      "min": 0,
      "med": 0,
      "max": 78.046,
      "p(90)": 0,
      "p(95)": 0
    },
    "iterations": {
      "count": 16463,
      "rate": 272.7350002666385
    },
    "data_received": {
      "count": 1827034,
      "rate": 30267.63764059756
    },
    "http_req_sending": {
      "avg": 0.06735692158172873,
      "min": 0.013,
      "med": 0.053,
      "max": 5.202,
      "p(90)": 0.109,
      "p(95)": 0.127
    },
    "http_req_duration": {
      "p(90)": 265.2982,
      "p(95)": 362.3927999999999,
      "avg": 168.73285701269495,
      "min": 1.681,
      "med": 120.629,
      "max": 6045.078,
      "thresholds": {
        "p(50)<250": false,
        "p(95)<500": false,
        "p(99)<1000": false,
        "p(100)<4000": true
      }
    },
    "data_sent": {
      "count": 715511,
      "rate": 11853.543872671007
    },
    "vus": {
      "value": 60,
      "min": 60,
      "max": 60
    },
    "http_req_receiving": {
      "med": 0.044,
      "max": 14.889,
      "p(90)": 0.108,
      "p(95)": 0.168,
      "avg": 0.0662024539877298,
      "min": 0.01
    },
    "iteration_duration": {
      "med": 171.274542,
      "max": 6095.744666,
      "p(90)": 315.5310836,
      "p(95)": 412.80760029999993,
      "avg": 219.34473029393143,
      "min": 51.846125
    },
    "checks": {
      "passes": 16463,
      "fails": 0,
      "value": 1
    },
    "http_req_waiting": {
      "med": 120.475,
      "max": 6044.541,
      "p(90)": 265.1168,
      "p(95)": 362.27299999999985,
      "avg": 168.59929763712557,
      "min": 1.578
    },
    "http_reqs": {
      "count": 16463,
      "rate": 272.7350002666385
    }
  },
  "k6_matrix_warning": "k6 thresholds crossed; metrics preserved (exit 99)",
  "k6_matrix_status": "thresholds_crossed_with_metrics",
  "k6_matrix_exit_code": 99
}
