{
    "metrics": {
        "vus": {
            "value": 40,
            "min": 40,
            "max": 40
        },
        "iteration_duration": {
            "max": 1614.502667,
            "p(90)": 200.27200820000002,
            "p(95)": 249.30201659999997,
            "avg": 126.13260490535193,
            "min": 51.508625,
            "med": 103.640209
        },
        "data_sent": {
            "count": 776763,
            "rate": 12921.66531003235
        },
        "vus_max": {
            "min": 40,
            "max": 40,
            "value": 40
        },
        "http_req_failed": {
            "passes": 0,
            "fails": 19039,
            "thresholds": {
                "rate<0.05": false
            },
            "value": 0
        },
        "http_req_connecting": {
            "min": 0,
            "med": 0,
            "max": 2.064,
            "p(90)": 0,
            "p(95)": 0,
            "avg": 0.0033016439939072433
        },
        "http_req_waiting": {
            "p(95)": 198.15109999999984,
            "avg": 75.54661447555048,
            "min": 1.226,
            "med": 53.159,
            "max": 1564.06,
            "p(90)": 149.3478
        },
        "checks": {
            "passes": 19039,
            "fails": 0,
            "value": 1
        },
        "http_req_blocked": {
            "med": 0,
            "max": 65.793,
            "p(90)": 0.001,
            "p(95)": 0.001,
            "avg": 0.0997174746572729,
            "min": 0
        },
        "iterations": {
            "count": 19039,
            "rate": 316.7189809989738
        },
        "http_req_sending": {
            "avg": 0.06213671936551153,
            "min": 0.011,
            "med": 0.048,
            "max": 6.612,
            "p(90)": 0.104,
            "p(95)": 0.123
        },
        "http_reqs": {
            "count": 19039,
            "rate": 316.7189809989738
        },
        "http_req_tls_handshaking": {
            "p(90)": 0,
            "p(95)": 0,
            "avg": 0.08377766689426966,
            "min": 0,
            "med": 0,
            "max": 58.625
        },
        "http_req_duration{expected_response:true}": {
            "min": 1.265,
            "med": 53.273,
            "max": 1564.133,
            "p(90)": 149.5044,
            "p(95)": 198.3365999999999,
            "avg": 75.6712489626556
        },
        "data_received": {
            "count": 1980618,
            "rate": 32948.123047860994
        },
        "http_req_duration": {
            "avg": 75.6712489626556,
            "min": 1.265,
            "med": 53.273,
            "max": 1564.133,
            "p(90)": 149.5044,
            "p(95)": 198.3365999999999,
            "thresholds": {
                "p(95)<500": false,
                "p(99)<1000": false,
                "p(100)<4000": false,
                "p(50)<250": false
            }
        },
        "http_req_receiving": {
            "p(90)": 0.098,
            "p(95)": 0.154,
            "avg": 0.06249776773990205,
            "min": 0.012,
            "med": 0.04,
            "max": 16.076
        }
    },
    "root_group": {
        "name": "",
        "path": "",
        "id": "d41d8cd98f00b204e9800998ecf8427e",
        "groups": {},
        "checks": {
                "200": {
                    "id": "4230b0c1b1cb609da348fcf04ffd96f4",
                    "passes": 19039,
                    "fails": 0,
                    "name": "200",
                    "path": "::200"
                }
            }
    }
}