{
    "metrics": {
        "vus": {
            "max": 20,
            "value": 20,
            "min": 20
        },
        "http_req_receiving": {
            "min": 0.011,
            "med": 0.046,
            "max": 6.643,
            "p(90)": 0.101,
            "p(95)": 0.15,
            "avg": 0.06518444995864345
        },
        "http_req_waiting": {
            "p(90)": 167.195,
            "p(95)": 217.43344999999988,
            "avg": 73.46593021091812,
            "min": 1.198,
            "med": 50.584500000000006,
            "max": 3429.928
        },
        "data_sent": {
            "count": 394024,
            "rate": 6556.770242516332
        },
        "http_req_connecting": {
            "med": 0,
            "max": 5.918,
            "p(90)": 0,
            "p(95)": 0,
            "avg": 0.010747518610421837,
            "min": 0
        },
        "iterations": {
            "count": 9672,
            "rate": 160.94725647579324
        },
        "http_req_failed": {
            "passes": 0,
            "fails": 9672,
            "thresholds": {
                "rate<0.05": false
            },
            "value": 0
        },
        "data_received": {
            "rate": 16710.45873113157,
            "count": 1004202
        },
        "http_req_blocked": {
            "min": 0,
            "med": 0.001,
            "max": 50.801,
            "p(90)": 0.001,
            "p(95)": 0.001,
            "avg": 0.08207630272951658
        },
        "iteration_duration": {
            "p(95)": 268.27784534999995,
            "avg": 124.15026231275849,
            "min": 51.423917,
            "med": 101.56106249999999,
            "max": 3480.763417,
            "p(90)": 218.2290747
        },
        "http_req_duration": {
            "max": 3430.074,
            "p(90)": 167.3426,
            "p(95)": 217.79694999999998,
            "avg": 73.5970759925559,
            "min": 1.273,
            "med": 50.691,
            "thresholds": {
                "p(95)<500": false,
                "p(99)<1000": false,
                "p(100)<4000": false,
                "p(50)<250": false
            }
        },
        "http_reqs": {
            "count": 9672,
            "rate": 160.94725647579324
        },
        "http_req_duration{expected_response:true}": {
            "avg": 73.5970759925559,
            "min": 1.273,
            "med": 50.691,
            "max": 3430.074,
            "p(90)": 167.3426,
            "p(95)": 217.79694999999998
        },
        "http_req_sending": {
            "p(90)": 0.10890000000000022,
            "p(95)": 0.124,
            "avg": 0.06596133167907331,
            "min": 0.013,
            "med": 0.055,
            "max": 5.308
        },
        "checks": {
            "passes": 9672,
            "fails": 0,
            "value": 1
        },
        "vus_max": {
            "value": 20,
            "min": 20,
            "max": 20
        },
        "http_req_tls_handshaking": {
            "p(90)": 0,
            "p(95)": 0,
            "avg": 0.05743548387096775,
            "min": 0,
            "med": 0,
            "max": 39.577
        }
    },
    "root_group": {
        "path": "",
        "id": "d41d8cd98f00b204e9800998ecf8427e",
        "groups": {},
        "checks": {
                "200": {
                    "id": "4230b0c1b1cb609da348fcf04ffd96f4",
                    "passes": 9672,
                    "fails": 0,
                    "name": "200",
                    "path": "::200"
                }
            },
        "name": ""
    }
}