{
    "root_group": {
        "id": "d41d8cd98f00b204e9800998ecf8427e",
        "groups": {},
        "checks": {
                "messaging health": {
                    "passes": 299,
                    "fails": 0,
                    "name": "messaging health",
                    "path": "::messaging health",
                    "id": "5283f4bcb8950a4997d5f15646378010"
                }
            },
        "name": "",
        "path": ""
    },
    "metrics": {
        "http_req_duration{expected_response:true}": {
            "p(90)": 23.774400000000007,
            "p(95)": 42.51429999999997,
            "avg": 25.416010033444802,
            "min": 7.032,
            "med": 10.603,
            "max": 557.269
        },
        "http_req_blocked": {
            "p(90)": 0.001,
            "p(95)": 0.002,
            "avg": 1.03427424749163,
            "min": 0,
            "med": 0,
            "max": 85.914
        },
        "http_req_receiving": {
            "min": 0.027,
            "med": 0.056,
            "max": 2.413,
            "p(90)": 0.13660000000000003,
            "p(95)": 0.19179999999999964,
            "avg": 0.09010702341137124
        },
        "iterations": {
            "count": 299,
            "rate": 19.785747485688088
        },
        "errors": {
            "passes": 0,
            "fails": 299,
            "thresholds": {
                "rate<0.02": false
            },
            "value": 0
        },
        "dropped_iterations": {
            "count": 2,
            "rate": 0.13234613702801395
        },
        "http_req_tls_handshaking": {
            "max": 68.238,
            "p(90)": 0,
            "p(95)": 0,
            "avg": 0.8138929765886287,
            "min": 0,
            "med": 0
        },
        "data_sent": {
            "count": 32399,
            "rate": 2143.941246785312
        },
        "iteration_duration": {
            "min": 107.384333,
            "med": 111.227875,
            "max": 680.532625,
            "p(90)": 124.54705820000001,
            "p(95)": 143.897692,
            "avg": 127.14056258862882
        },
        "http_req_failed": {
            "passes": 0,
            "fails": 299,
            "thresholds": {
                "rate<0.02": false
            },
            "value": 0
        },
        "http_req_waiting": {
            "p(90)": 23.526400000000006,
            "p(95)": 42.318599999999975,
            "avg": 25.22434113712376,
            "min": 6.924,
            "med": 10.461,
            "max": 555.97
        },
        "vus_max": {
            "max": 12,
            "value": 12,
            "min": 12
        },
        "http_reqs": {
            "count": 299,
            "rate": 19.785747485688088
        },
        "http_req_sending": {
            "avg": 0.10156187290969902,
            "min": 0.056,
            "med": 0.079,
            "max": 2.066,
            "p(90)": 0.136,
            "p(95)": 0.164
        },
        "http_req_connecting": {
            "avg": 0.19802675585284282,
            "min": 0,
            "med": 0,
            "max": 24.737,
            "p(90)": 0,
            "p(95)": 0
        },
        "checks": {
            "passes": 299,
            "fails": 0,
            "value": 1
        },
        "http_req_duration": {
            "max": 557.269,
            "p(90)": 23.774400000000007,
            "p(95)": 42.51429999999997,
            "avg": 25.416010033444802,
            "min": 7.032,
            "med": 10.603,
            "thresholds": {
                "p(99)<2000": false,
                "p(100)<8000": false,
                "p(95)<500": false
            }
        },
        "data_received": {
            "count": 65978,
            "rate": 4365.966714417153
        },
        "vus": {
            "value": 2,
            "min": 2,
            "max": 2
        }
    }
}