service,protocol,p50,p95,p99,max,rps
event-layer,http3,142.95850000000002,463.6687499999999,,1567.912,202.36602015538298
