service,protocol,p50,p95,p99,max,rps
listings,http3,137.438,394.6933999999999,,2816.408,44.345648588640245
