service,protocol,p50,p95,p99,max,rps
trust,http3,172.028,923.8432999999995,,4551.323,84.06108485174565
