service,protocol,p50,p95,p99,max,rps
auth,http1.1,51.126,169.4815999999999,,6197.054,153.85016142040777
