{
    "root_group": {
        "name": "",
        "path": "",
        "id": "d41d8cd98f00b204e9800998ecf8427e",
        "groups": {},
        "checks": {
                "media health": {
                    "name": "media health",
                    "path": "::media health",
                    "id": "841f137838968c18a16538aa00c03cc0",
                    "passes": 901,
                    "fails": 0
                }
            }
    },
    "metrics": {
        "http_req_tls_handshaking": {
            "p(90)": 0,
            "p(95)": 0,
            "avg": 0.17490011098779135,
            "min": 0,
            "med": 0,
            "max": 21.258
        },
        "http_req_failed": {
            "passes": 0,
            "fails": 901,
            "thresholds": {
                "rate<0.05": false
            },
            "value": 0
        },
        "http_req_receiving": {
            "p(95)": 0.157,
            "avg": 0.09637624861265258,
            "min": 0.032,
            "med": 0.074,
            "max": 3.767,
            "p(90)": 0.117
        },
        "data_sent": {
            "count": 68877,
            "rate": 1145.7960943087153
        },
        "data_received": {
            "count": 208847,
            "rate": 3474.2523180175135
        },
        "iteration_duration": {
            "p(90)": 130.271166,
            "p(95)": 144.009875,
            "avg": 119.25722942508321,
            "min": 108.856167,
            "med": 114.340583,
            "max": 370.080583
        },
        "errors": {
            "passes": 0,
            "fails": 901,
            "thresholds": {
                "rate<0.05": false
            },
            "value": 0
        },
        "iterations": {
            "count": 901,
            "rate": 14.988490802040632
        },
        "http_req_blocked": {
            "avg": 0.20129189789123572,
            "min": 0,
            "med": 0.001,
            "max": 22.593,
            "p(90)": 0.001,
            "p(95)": 0.002
        },
        "http_req_duration{expected_response:true}": {
            "avg": 17.94837513873472,
            "min": 7.706,
            "med": 13.148,
            "max": 269.227,
            "p(90)": 29.097,
            "p(95)": 42.706
        },
        "http_req_sending": {
            "p(90)": 0.189,
            "p(95)": 0.235,
            "avg": 0.14812874583795788,
            "min": 0.058,
            "med": 0.129,
            "max": 3.027
        },
        "checks": {
            "passes": 901,
            "fails": 0,
            "value": 1
        },
        "http_req_duration": {
            "min": 7.706,
            "med": 13.148,
            "max": 269.227,
            "p(90)": 29.097,
            "p(95)": 42.706,
            "avg": 17.94837513873472,
            "thresholds": {
                "p(100)<10000": false,
                "p(95)<600": false,
                "p(99)<2500": false
            }
        },
        "vus_max": {
            "value": 20,
            "min": 20,
            "max": 20
        },
        "http_reqs": {
            "count": 901,
            "rate": 14.988490802040632
        },
        "http_req_connecting": {
            "p(95)": 0,
            "avg": 0.018288568257491675,
            "min": 0,
            "med": 0,
            "max": 1.432,
            "p(90)": 0
        },
        "http_req_waiting": {
            "max": 269.064,
            "p(90)": 28.771,
            "p(95)": 42.482,
            "avg": 17.703870144284117,
            "min": 7.524,
            "med": 12.904
        },
        "vus": {
            "value": 1,
            "min": 1,
            "max": 2
        }
    }
}