service,protocol,p50,p95,p99,max,rps
booking,http2,264.321,707.5481999999992,,1849.515,129.88778094104552
