service,protocol,p50,p95,p99,max,rps
gateway,http2,85.5805,261.8370499999999,,6650.851,342.3537844658424
