{
    "metrics": {
        "http_req_receiving": {
            "p(95)": 0.173,
            "avg": 0.07335633316904844,
            "min": 0.012,
            "med": 0.051,
            "max": 5.206,
            "p(90)": 0.114
        },
        "http_req_connecting": {
            "avg": 0.013510842779694431,
            "min": 0,
            "med": 0,
            "max": 4.456,
            "p(90)": 0,
            "p(95)": 0
        },
        "data_sent": {
            "count": 7943775,
            "rate": 132047.81762443137
        },
        "http_req_sending": {
            "avg": 0.08636594381468701,
            "min": 0.017,
            "med": 0.074,
            "max": 2.397,
            "p(90)": 0.142,
            "p(95)": 0.165
        },
        "http_req_blocked": {
            "avg": 0.1822947264663503,
            "min": 0,
            "med": 0.001,
            "max": 66.539,
            "p(90)": 0.001,
            "p(95)": 0.001
        },
        "checks": {
            "passes": 12173,
            "fails": 1,
            "value": 0.9999178577295876
        },
        "iterations": {
            "count": 12174,
            "rate": 202.36602015538298
        },
        "http_reqs": {
            "count": 12174,
            "rate": 202.36602015538298
        },
        "http_req_waiting": {
            "p(90)": 353.8172,
            "p(95)": 463.4235999999998,
            "avg": 185.95682446196847,
            "min": 1.82,
            "med": 142.8355,
            "max": 1567.722
        },
        "http_req_duration{expected_response:true}": {
            "avg": 186.11654673895177,
            "min": 1.905,
            "med": 142.95850000000002,
            "max": 1567.912,
            "p(90)": 353.94900000000007,
            "p(95)": 463.6687499999999
        },
        "event_layer_adversarial_accepted": {
            "passes": 4012,
            "fails": 0,
            "thresholds": {
                "rate>0.70": false
            },
            "value": 1
        },
        "vus_max": {
            "value": 50,
            "min": 50,
            "max": 50
        },
        "http_req_tls_handshaking": {
            "max": 58.397,
            "p(90)": 0,
            "p(95)": 0,
            "avg": 0.14947198948578935,
            "min": 0,
            "med": 0
        },
        "data_received": {
            "rate": 26312.63595272215,
            "count": 1582924
        },
        "iteration_duration": {
            "avg": 246.66513701306167,
            "min": 29.31925,
            "med": 205.4559165,
            "max": 1596.783417,
            "p(90)": 419.0770288,
            "p(95)": 531.7925084499999
        },
        "vus": {
            "value": 50,
            "min": 50,
            "max": 50
        },
        "http_req_failed": {
            "passes": 0,
            "fails": 12174,
            "thresholds": {
                "rate<0.15": false
            },
            "value": 0
        },
        "http_req_duration": {
            "p(95)": 463.6687499999999,
            "avg": 186.11654673895177,
            "min": 1.905,
            "med": 142.95850000000002,
            "max": 1567.912,
            "p(90)": 353.94900000000007,
            "thresholds": {
                "p(95)<2500": false,
                "p(99)<6000": false,
                "p(100)<15000": false
            }
        }
    },
    "root_group": {
        "path": "",
        "id": "d41d8cd98f00b204e9800998ecf8427e",
        "groups": {},
        "checks": {
                "gw": {
                    "name": "gw",
                    "path": "::gw",
                    "id": "4bed004c615ee0454c506a21f65ee38c",
                    "passes": 2052,
                    "fails": 0
                },
                "msg": {
                    "path": "::msg",
                    "id": "e4e5993c90ae2728fc677fea56e9a3e2",
                    "passes": 4081,
                    "fails": 0,
                    "name": "msg"
                },
                "book": {
                    "name": "book",
                    "path": "::book",
                    "id": "c32672b9a002ce46d620b0d99dc456c3",
                    "passes": 2028,
                    "fails": 1
                },
                "long_q": {
                    "path": "::long_q",
                    "id": "3fc9e807932e8b458afd34be1f335357",
                    "passes": 2010,
                    "fails": 0,
                    "name": "long_q"
                },
                "bad_json": {
                    "name": "bad_json",
                    "path": "::bad_json",
                    "id": "922dc211d6d29f52a417f71333d4ff40",
                    "passes": 2002,
                    "fails": 0
                }
            },
        "name": ""
    }
}