{
    "metrics": {
        "http_req_receiving": {
            "min": 0.013,
            "med": 0.064,
            "max": 4.711,
            "p(90)": 0.15650000000000008,
            "p(95)": 0.23224999999999982,
            "avg": 0.09376470588235297
        },
        "vus_max": {
            "value": 20,
            "min": 20,
            "max": 20
        },
        "http_req_duration{expected_response:true}": {
            "p(95)": 615.098,
            "avg": 204.31337073055025,
            "min": 5.307,
            "med": 119.33,
            "max": 3182.386,
            "p(90)": 427.5885000000001
        },
        "http_req_connecting": {
            "min": 0,
            "med": 0,
            "max": 3.902,
            "p(90)": 0,
            "p(95)": 0,
            "avg": 0.015625
        },
        "iterations": {
            "count": 4216,
            "rate": 70.02380194730945
        },
        "checks": {
            "passes": 4216,
            "fails": 0,
            "value": 1
        },
        "http_req_duration": {
            "avg": 204.31337073055025,
            "min": 5.307,
            "med": 119.33,
            "max": 3182.386,
            "p(90)": 427.5885000000001,
            "p(95)": 615.098,
            "thresholds": {
                "p(95)<1200": false,
                "p(99)<4000": false,
                "p(100)<8000": false
            }
        },
        "http_req_waiting": {
            "med": 119.2435,
            "max": 3182.222,
            "p(90)": 427.3755000000001,
            "p(95)": 614.77775,
            "avg": 204.13258230550326,
            "min": 5.248
        },
        "data_received": {
            "count": 1000294,
            "rate": 16613.94424693595
        },
        "iteration_duration": {
            "p(95)": 695.7871872499999,
            "avg": 285.1383670721065,
            "min": 85.505125,
            "med": 200.5589165,
            "max": 3263.543375,
            "p(90)": 507.89097950000007
        },
        "http_req_failed": {
            "passes": 0,
            "fails": 4216,
            "thresholds": {
                "rate<0.05": false
            },
            "value": 0
        },
        "http_req_blocked": {
            "avg": 0.22081166982920925,
            "min": 0,
            "med": 0.001,
            "max": 60.786,
            "p(90)": 0.001,
            "p(95)": 0.001
        },
        "vus": {
            "value": 20,
            "min": 20,
            "max": 20
        },
        "http_req_tls_handshaking": {
            "avg": 0.17909203036053134,
            "min": 0,
            "med": 0,
            "max": 52.282,
            "p(90)": 0,
            "p(95)": 0
        },
        "http_req_sending": {
            "avg": 0.08702371916508536,
            "min": 0.018,
            "med": 0.072,
            "max": 3.31,
            "p(90)": 0.1355000000000001,
            "p(95)": 0.16924999999999982
        },
        "data_sent": {
            "count": 196052,
            "rate": 3256.239663039353
        },
        "http_reqs": {
            "count": 4216,
            "rate": 70.02380194730945
        }
    },
    "root_group": {
        "name": "",
        "path": "",
        "id": "d41d8cd98f00b204e9800998ecf8427e",
        "groups": {},
        "checks": {
                "200": {
                    "id": "4230b0c1b1cb609da348fcf04ffd96f4",
                    "passes": 4216,
                    "fails": 0,
                    "name": "200",
                    "path": "::200"
                }
            }
    }
}