{
    "root_group": {
        "name": "",
        "path": "",
        "id": "d41d8cd98f00b204e9800998ecf8427e",
        "groups": {},
        "checks": {
                "200": {
                    "name": "200",
                    "path": "::200",
                    "id": "4230b0c1b1cb609da348fcf04ffd96f4",
                    "passes": 7996,
                    "fails": 0
                }
            }
    },
    "metrics": {
        "iteration_duration": {
            "avg": 75.05532792308657,
            "min": 51.461584,
            "med": 63.032833499999995,
            "max": 324.06625,
            "p(90)": 112.38887500000001,
            "p(95)": 135.31820875
        },
        "http_req_duration": {
            "avg": 24.485638694347195,
            "min": 1.309,
            "med": 12.504000000000001,
            "max": 273.546,
            "p(90)": 61.693500000000014,
            "p(95)": 84.85174999999995,
            "thresholds": {
                "p(50)<250": false,
                "p(95)<500": false,
                "p(99)<1000": false,
                "p(100)<4000": false
            }
        },
        "http_req_blocked": {
            "avg": 0.029533016508249098,
            "min": 0.001,
            "med": 0.004,
            "max": 23.553,
            "p(90)": 0.007,
            "p(95)": 0.009
        },
        "vus": {
            "value": 10,
            "min": 10,
            "max": 10
        },
        "http_req_connecting": {
            "max": 1.452,
            "p(90)": 0,
            "p(95)": 0,
            "avg": 0.0013608054027013507,
            "min": 0,
            "med": 0
        },
        "http_req_tls_handshaking": {
            "min": 0,
            "med": 0,
            "max": 19.543,
            "p(90)": 0,
            "p(95)": 0,
            "avg": 0.019622436218109055
        },
        "data_sent": {
            "count": 1223186,
            "rate": 20364.441094580594
        },
        "http_req_receiving": {
            "p(90)": 0.092,
            "p(95)": 0.107,
            "avg": 0.061900825412705945,
            "min": 0.015,
            "med": 0.053,
            "max": 4.971
        },
        "vus_max": {
            "max": 10,
            "value": 10,
            "min": 10
        },
        "http_reqs": {
            "count": 7996,
            "rate": 133.12290280649583
        },
        "checks": {
            "passes": 7996,
            "fails": 0,
            "value": 1
        },
        "data_received": {
            "count": 7840658,
            "rate": 130536.66244034193
        },
        "iterations": {
            "count": 7996,
            "rate": 133.12290280649583
        },
        "http_req_failed": {
            "passes": 0,
            "fails": 7996,
            "thresholds": {
                "rate<0.05": false
            },
            "value": 0
        },
        "http_req_duration{expected_response:true}": {
            "avg": 24.485638694347195,
            "min": 1.309,
            "med": 12.504000000000001,
            "max": 273.546,
            "p(90)": 61.693500000000014,
            "p(95)": 84.85174999999995
        },
        "http_req_sending": {
            "p(90)": 0.027,
            "p(95)": 0.032,
            "avg": 0.01986918459229612,
            "min": 0.004,
            "med": 0.016,
            "max": 6.069
        },
        "http_req_waiting": {
            "max": 273.431,
            "p(90)": 61.60100000000002,
            "p(95)": 84.77849999999998,
            "avg": 24.403868684342147,
            "min": 1.261,
            "med": 12.4495
        }
    }
}