service,protocol,p50,p95,p99,max,rps
gateway,http2,120.629,362.3927999999999,,6045.078,272.7350002666385
