service,protocol,p50,p95,p99,max,rps
event-layer,http1.1,97.271,381.0093999999998,,1566.697,50.60421045299637
