service,protocol,p50,p95,p99,max,rps
booking,http3,255.871,917.5301999999996,,6058.267,72.82223628392683
