{
    "root_group": {
        "path": "",
        "id": "d41d8cd98f00b204e9800998ecf8427e",
        "groups": {},
        "checks": {
                "gw": {
                    "path": "::gw",
                    "id": "4bed004c615ee0454c506a21f65ee38c",
                    "passes": 2094,
                    "fails": 0,
                    "name": "gw"
                },
                "msg": {
                    "name": "msg",
                    "path": "::msg",
                    "id": "e4e5993c90ae2728fc677fea56e9a3e2",
                    "passes": 4164,
                    "fails": 2
                },
                "book": {
                    "id": "c32672b9a002ce46d620b0d99dc456c3",
                    "passes": 2067,
                    "fails": 0,
                    "name": "book",
                    "path": "::book"
                },
                "long_q": {
                    "name": "long_q",
                    "path": "::long_q",
                    "id": "3fc9e807932e8b458afd34be1f335357",
                    "passes": 2053,
                    "fails": 0
                },
                "bad_json": {
                    "passes": 2047,
                    "fails": 0,
                    "name": "bad_json",
                    "path": "::bad_json",
                    "id": "922dc211d6d29f52a417f71333d4ff40"
                }
            },
        "name": ""
    },
    "metrics": {
        "http_req_sending": {
            "min": 0.016,
            "med": 0.07,
            "max": 5.315,
            "p(90)": 0.136,
            "p(95)": 0.158,
            "avg": 0.08482457552104261
        },
        "iteration_duration": {
            "min": 32.766292,
            "med": 202.819166,
            "max": 3090.271458,
            "p(90)": 388.1199084,
            "p(95)": 498.7528285999999,
            "avg": 241.93005228486282
        },
        "http_req_connecting": {
            "avg": 0.02078554759797216,
            "min": 0,
            "med": 0,
            "max": 6.749,
            "p(90)": 0,
            "p(95)": 0
        },
        "http_req_waiting": {
            "min": 2.621,
            "med": 139.689,
            "max": 3014.378,
            "p(90)": 322.96000000000004,
            "p(95)": 438.133,
            "avg": 180.84546624285815
        },
        "data_received": {
            "count": 1609812,
            "rate": 26705.260329722736
        },
        "http_req_failed": {
            "passes": 0,
            "fails": 12427,
            "thresholds": {
                "rate<0.15": false
            },
            "value": 0
        },
        "checks": {
            "passes": 12425,
            "fails": 2,
            "value": 0.9998390601110485
        },
        "data_sent": {
            "count": 8095210,
            "rate": 134291.88655183016
        },
        "iterations": {
            "count": 12427,
            "rate": 206.15219051508154
        },
        "http_req_duration": {
            "avg": 180.9997747646254,
            "min": 2.766,
            "med": 139.801,
            "max": 3014.571,
            "p(90)": 323.11920000000003,
            "p(95)": 438.29549999999995,
            "thresholds": {
                "p(95)<2500": false,
                "p(99)<6000": false,
                "p(100)<15000": false
            }
        },
        "http_req_blocked": {
            "avg": 0.22115434135360648,
            "min": 0,
            "med": 0.001,
            "max": 80.074,
            "p(90)": 0.001,
            "p(95)": 0.001
        },
        "event_layer_adversarial_accepted": {
            "passes": 4100,
            "fails": 0,
            "thresholds": {
                "rate>0.70": false
            },
            "value": 1
        },
        "http_req_tls_handshaking": {
            "avg": 0.1855368954695421,
            "min": 0,
            "med": 0,
            "max": 70.811,
            "p(90)": 0,
            "p(95)": 0
        },
        "http_req_receiving": {
            "max": 7.244,
            "p(90)": 0.105,
            "p(95)": 0.157,
            "avg": 0.06948394624607701,
            "min": 0.01,
            "med": 0.048
        },
        "http_reqs": {
            "rate": 206.15219051508154,
            "count": 12427
        },
        "vus_max": {
            "value": 50,
            "min": 50,
            "max": 50
        },
        "vus": {
            "value": 50,
            "min": 50,
            "max": 50
        },
        "http_req_duration{expected_response:true}": {
            "p(95)": 438.29549999999995,
            "avg": 180.9997747646254,
            "min": 2.766,
            "med": 139.801,
            "max": 3014.571,
            "p(90)": 323.11920000000003
        }
    }
}