service,protocol,p50,p95,p99,max,rps
booking,http1.1,325.61400000000003,1026.4604499999998,,4586.955,87.65746456666793
