service,protocol,p50,p95,p99,max,rps
auth,http3,52.456,205.24184999999986,,9992.569,135.69869760885575
