service,protocol,p50,p95,p99,max,rps
trust,http1.1,2.23,203.54344999999978,,15003.194,62.47413830289752
