service,protocol,p50,p95,p99,max,rps
listings,http2,148.285,562.7982499999999,,1096.719,199.11157396671848
