service,protocol,p50,p95,p99,max,rps
messaging,http2,10.3795,41.874399999999966,,312.151,19.979983386643813
