service,protocol,p50,p95,p99,max,rps
gateway,http2,53.273,198.3365999999999,,1564.133,316.7189809989738
