service,protocol,p50,p95,p99,max,rps
booking,http3,362.263,960.1642999999989,,1953.57,84.88855760386348
