service,protocol,p50,p95,p99,max,rps
event-layer,http3,24.8335,244.47119999999993,,1775.595,69.15186720939325
