{
    "root_group": {
        "name": "",
        "path": "",
        "id": "d41d8cd98f00b204e9800998ecf8427e",
        "groups": {},
        "checks": {
                "messaging health": {
                    "path": "::messaging health",
                    "id": "5283f4bcb8950a4997d5f15646378010",
                    "passes": 1201,
                    "fails": 0,
                    "name": "messaging health"
                }
            }
    },
    "metrics": {
        "http_req_duration": {
            "max": 827.648,
            "p(90)": 175.521,
            "p(95)": 247.775,
            "avg": 76.66876769358863,
            "min": 5.775,
            "med": 45.247,
            "thresholds": {
                "p(100)<8000": false,
                "p(95)<500": false,
                "p(99)<2000": false
            }
        },
        "http_req_sending": {
            "max": 2.028,
            "p(90)": 0.043,
            "p(95)": 0.06,
            "avg": 0.03006244796003325,
            "min": 0.007,
            "med": 0.022
        },
        "http_req_failed": {
            "passes": 0,
            "fails": 1201,
            "thresholds": {
                "rate<0.02": false
            },
            "value": 0
        },
        "http_req_duration{expected_response:true}": {
            "min": 5.775,
            "med": 45.247,
            "max": 827.648,
            "p(90)": 175.521,
            "p(95)": 247.775,
            "avg": 76.66876769358863
        },
        "http_req_receiving": {
            "avg": 0.08326977518734402,
            "min": 0.026,
            "med": 0.074,
            "max": 0.987,
            "p(90)": 0.125,
            "p(95)": 0.154
        },
        "iterations": {
            "rate": 19.93675947015165,
            "count": 1201
        },
        "http_req_tls_handshaking": {
            "med": 0,
            "max": 18.794,
            "p(90)": 0,
            "p(95)": 0,
            "avg": 0.12116319733555368,
            "min": 0
        },
        "data_sent": {
            "count": 224941,
            "rate": 3734.050467922883
        },
        "iteration_duration": {
            "p(90)": 277.961541,
            "p(95)": 348.830458,
            "avg": 177.90348782930883,
            "min": 106.931084,
            "med": 146.399209,
            "max": 931.291959
        },
        "http_req_blocked": {
            "p(95)": 0.029,
            "avg": 0.15577768526227842,
            "min": 0.002,
            "med": 0.006,
            "max": 23.549,
            "p(90)": 0.016
        },
        "checks": {
            "passes": 1201,
            "fails": 0,
            "value": 1
        },
        "vus": {
            "max": 8,
            "value": 5,
            "min": 2
        },
        "http_req_waiting": {
            "avg": 76.55543547044128,
            "min": 5.681,
            "med": 45.179,
            "max": 826.647,
            "p(90)": 175.407,
            "p(95)": 247.643
        },
        "vus_max": {
            "value": 20,
            "min": 20,
            "max": 20
        },
        "errors": {
            "passes": 0,
            "fails": 1201,
            "thresholds": {
                "rate<0.02": false
            },
            "value": 0
        },
        "data_received": {
            "count": 1243341,
            "rate": 20639.625692237987
        },
        "http_reqs": {
            "count": 1201,
            "rate": 19.93675947015165
        },
        "http_req_connecting": {
            "med": 0,
            "max": 3.982,
            "p(90)": 0,
            "p(95)": 0,
            "avg": 0.01722980849292257,
            "min": 0
        }
    }
}