{
    "metrics": {
        "http_reqs": {
            "count": 8067,
            "rate": 134.2150409124613
        },
        "data_received": {
            "count": 2200927,
            "rate": 36618.012563572665
        },
        "vus_max": {
            "value": 30,
            "min": 30,
            "max": 30
        },
        "http_req_failed": {
            "passes": 0,
            "fails": 8067,
            "thresholds": {
                "rate<0.08": false
            },
            "value": 0
        },
        "data_sent": {
            "count": 363189,
            "rate": 6042.571773144404
        },
        "iterations": {
            "count": 8067,
            "rate": 134.2150409124613
        },
        "http_req_waiting": {
            "p(95)": 379.12409999999994,
            "avg": 172.46524445270782,
            "min": 15.713,
            "med": 145.196,
            "max": 768.322,
            "p(90)": 316.9364
        },
        "http_req_duration{expected_response:true}": {
            "avg": 172.61029899590963,
            "min": 15.843,
            "med": 145.354,
            "max": 768.469,
            "p(90)": 317.0672,
            "p(95)": 379.23859999999996
        },
        "iteration_duration": {
            "avg": 223.3172790176022,
            "min": 66.199125,
            "med": 196.46725,
            "max": 820.647666,
            "p(90)": 367.55614140000006,
            "p(95)": 429.8439749999999
        },
        "vus": {
            "value": 30,
            "min": 30,
            "max": 30
        },
        "http_req_receiving": {
            "med": 0.054,
            "max": 3.489,
            "p(90)": 0.123,
            "p(95)": 0.179,
            "avg": 0.07597880252882108,
            "min": 0.008
        },
        "http_req_tls_handshaking": {
            "med": 0,
            "max": 42.898,
            "p(90)": 0,
            "p(95)": 0,
            "avg": 0.10867224494855583,
            "min": 0
        },
        "checks": {
            "passes": 8067,
            "fails": 0,
            "value": 1
        },
        "http_req_blocked": {
            "p(95)": 0.001,
            "avg": 0.14147502169330634,
            "min": 0,
            "med": 0.001,
            "max": 51.33,
            "p(90)": 0.001
        },
        "http_req_sending": {
            "med": 0.061,
            "max": 3.205,
            "p(90)": 0.106,
            "p(95)": 0.122,
            "avg": 0.06907574067187287,
            "min": 0.015
        },
        "http_req_duration": {
            "p(90)": 317.0672,
            "p(95)": 379.23859999999996,
            "avg": 172.61029899590963,
            "min": 15.843,
            "med": 145.354,
            "max": 768.469,
            "thresholds": {
                "p(95)<800": false,
                "p(99)<3000": false,
                "p(100)<8000": false
            }
        },
        "http_req_connecting": {
            "p(90)": 0,
            "p(95)": 0,
            "avg": 0.01007636048097186,
            "min": 0,
            "med": 0,
            "max": 3.561
        }
    },
    "root_group": {
        "name": "",
        "path": "",
        "id": "d41d8cd98f00b204e9800998ecf8427e",
        "groups": {},
        "checks": {
                "200": {
                    "name": "200",
                    "path": "::200",
                    "id": "4230b0c1b1cb609da348fcf04ffd96f4",
                    "passes": 8067,
                    "fails": 0
                }
            }
    }
}