{
    "metrics": {
        "http_reqs": {
            "count": 5944,
            "rate": 98.75970996612578
        },
        "http_req_duration": {
            "avg": 151.47820070659478,
            "min": 11.379,
            "med": 115.67150000000001,
            "max": 4535.923,
            "p(90)": 258.4240000000001,
            "p(95)": 353.65269999999987,
            "thresholds": {
                "p(99)<3000": false,
                "p(100)<8000": false,
                "p(95)<800": false
            }
        },
        "http_req_waiting": {
            "med": 115.44300000000001,
            "max": 4535.581,
            "p(90)": 258.29580000000004,
            "p(95)": 353.5297499999998,
            "avg": 151.3275580417227,
            "min": 11.316
        },
        "http_req_duration{expected_response:true}": {
            "min": 11.379,
            "med": 115.67150000000001,
            "max": 4535.923,
            "p(90)": 258.4240000000001,
            "p(95)": 353.65269999999987,
            "avg": 151.47820070659478
        },
        "iterations": {
            "count": 5944,
            "rate": 98.75970996612578
        },
        "http_req_tls_handshaking": {
            "avg": 0.07698132570659488,
            "min": 0,
            "med": 0,
            "max": 31.949,
            "p(90)": 0,
            "p(95)": 0
        },
        "checks": {
            "passes": 5944,
            "fails": 0,
            "value": 1
        },
        "data_sent": {
            "count": 263768,
            "rate": 4382.511974822522
        },
        "vus": {
            "value": 20,
            "min": 20,
            "max": 20
        },
        "http_req_sending": {
            "avg": 0.07183495962314941,
            "min": 0.016,
            "med": 0.06,
            "max": 6.393,
            "p(90)": 0.111,
            "p(95)": 0.125
        },
        "http_req_failed": {
            "fails": 5944,
            "passes": 0,
            "thresholds": {
                "rate<0.08": false
            },
            "value": 0
        },
        "http_req_receiving": {
            "med": 0.058,
            "max": 3.461,
            "p(90)": 0.126,
            "p(95)": 0.182,
            "avg": 0.07880770524899026,
            "min": 0.013
        },
        "iteration_duration": {
            "avg": 202.21707895289308,
            "min": 61.704958,
            "med": 166.3722915,
            "max": 4586.293083,
            "p(90)": 309.5826,
            "p(95)": 404.63611869999994
        },
        "http_req_connecting": {
            "p(95)": 0,
            "avg": 0.00893320995962315,
            "min": 0,
            "med": 0,
            "max": 3.694,
            "p(90)": 0
        },
        "vus_max": {
            "value": 20,
            "min": 20,
            "max": 20
        },
        "http_req_blocked": {
            "max": 38.579,
            "p(90)": 0.001,
            "p(95)": 0.001,
            "avg": 0.0977444481830296,
            "min": 0,
            "med": 0.001
        },
        "data_received": {
            "count": 1610242,
            "rate": 26754.211456136327
        }
    },
    "root_group": {
        "name": "",
        "path": "",
        "id": "d41d8cd98f00b204e9800998ecf8427e",
        "groups": {},
        "checks": {
                "200": {
                    "id": "4230b0c1b1cb609da348fcf04ffd96f4",
                    "passes": 5944,
                    "fails": 0,
                    "name": "200",
                    "path": "::200"
                }
            }
    }
}