{
    "root_group": {
        "path": "",
        "id": "d41d8cd98f00b204e9800998ecf8427e",
        "groups": {},
        "checks": {
                "200": {
                    "id": "4230b0c1b1cb609da348fcf04ffd96f4",
                    "passes": 11687,
                    "fails": 0,
                    "name": "200",
                    "path": "::200"
                }
            },
        "name": ""
    },
    "metrics": {
        "vus": {
            "value": 50,
            "min": 50,
            "max": 50
        },
        "http_req_receiving": {
            "max": 9.123,
            "p(90)": 0.123,
            "p(95)": 0.176,
            "avg": 0.07564242320527072,
            "min": 0.011,
            "med": 0.052
        },
        "http_req_duration{expected_response:true}": {
            "p(95)": 442.1426999999993,
            "avg": 206.35140566441186,
            "min": 36.219,
            "med": 173.919,
            "max": 1263.499,
            "p(90)": 353.0188
        },
        "http_req_waiting": {
            "avg": 206.20472285445373,
            "min": 36.142,
            "med": 173.755,
            "max": 1263.401,
            "p(90)": 352.7892,
            "p(95)": 441.9334999999994
        },
        "checks": {
            "passes": 11687,
            "fails": 0,
            "value": 1
        },
        "http_req_sending": {
            "max": 5.331,
            "p(90)": 0.112,
            "p(95)": 0.131,
            "avg": 0.07104038675451353,
            "min": 0.015,
            "med": 0.06
        },
        "data_received": {
            "count": 3218724,
            "rate": 53518.169471775764
        },
        "http_req_failed": {
            "passes": 0,
            "fails": 11687,
            "thresholds": {
                "rate<0.08": false
            },
            "value": 0
        },
        "http_reqs": {
            "count": 11687,
            "rate": 194.32136667096756
        },
        "iteration_duration": {
            "avg": 257.0447431772053,
            "min": 86.468958,
            "med": 224.341292,
            "max": 1313.841959,
            "p(90)": 404.4021166000001,
            "p(95)": 493.76910809999964
        },
        "vus_max": {
            "value": 50,
            "min": 50,
            "max": 50
        },
        "iterations": {
            "count": 11687,
            "rate": 194.32136667096756
        },
        "http_req_duration": {
            "med": 173.919,
            "max": 1263.499,
            "p(90)": 353.0188,
            "p(95)": 442.1426999999993,
            "avg": 206.35140566441186,
            "min": 36.219,
            "thresholds": {
                "p(95)<800": false,
                "p(99)<3000": false,
                "p(100)<8000": false
            }
        },
        "data_sent": {
            "count": 536769,
            "rate": 8924.932460563754
        },
        "http_req_connecting": {
            "avg": 0.03977042868144092,
            "min": 0,
            "med": 0,
            "max": 10.701,
            "p(90)": 0,
            "p(95)": 0
        },
        "http_req_tls_handshaking": {
            "p(95)": 0,
            "avg": 0.19297202019337728,
            "min": 0,
            "med": 0,
            "max": 72.641,
            "p(90)": 0
        },
        "http_req_blocked": {
            "max": 88.297,
            "p(90)": 0.001,
            "p(95)": 0.001,
            "avg": 0.26002840763251034,
            "min": 0,
            "med": 0
        }
    }
}