{
    "metrics": {
        "checks": {
            "fails": 0,
            "passes": 2625,
            "value": 1
        },
        "data_sent": {
            "count": 532915,
            "rate": 8865.993785128265
        },
        "data_received": {
            "rate": 46241.036743394034,
            "count": 2779445
        },
        "http_req_failed": {
            "fails": 2625,
            "passes": 0,
            "thresholds": {
                "rate<0.05": false
            },
            "value": 0
        },
        "iterations": {
            "rate": 43.671568047365334,
            "count": 2625
        },
        "http_req_blocked": {
            "avg": 0.22410780952381473,
            "min": 0.001,
            "med": 0.005,
            "max": 72.729,
            "p(90)": 0.009,
            "p(95)": 0.014799999999999883
        },
        "http_req_sending": {
            "max": 1.081,
            "p(90)": 0.036,
            "p(95)": 0.048,
            "avg": 0.023339428571428678,
            "min": 0.004,
            "med": 0.017
        },
        "iteration_duration": {
            "avg": 228.77233006438104,
            "min": 87.733917,
            "med": 166.7685,
            "max": 3037.034042,
            "p(90)": 414.02510800000005,
            "p(95)": 532.8289169999996
        },
        "http_reqs": {
            "rate": 43.671568047365334,
            "count": 2625
        },
        "vus_max": {
            "value": 10,
            "min": 10,
            "max": 10
        },
        "http_req_waiting": {
            "min": 7.359,
            "med": 85.729,
            "max": 2956.382,
            "p(90)": 332.96620000000013,
            "p(95)": 447.9763999999999,
            "avg": 147.80244076190456
        },
        "http_req_receiving": {
            "max": 6.835,
            "p(90)": 0.126,
            "p(95)": 0.15279999999999988,
            "avg": 0.08309485714285714,
            "min": 0.018,
            "med": 0.065
        },
        "http_req_duration{expected_response:true}": {
            "min": 7.42,
            "med": 85.836,
            "max": 2956.458,
            "p(90)": 333.0684000000001,
            "p(95)": 448.57099999999997,
            "avg": 147.9088750476193
        },
        "http_req_connecting": {
            "max": 10.183,
            "p(90)": 0,
            "p(95)": 0,
            "avg": 0.03097866666666666,
            "min": 0,
            "med": 0
        },
        "vus": {
            "value": 10,
            "min": 10,
            "max": 10
        },
        "http_req_tls_handshaking": {
            "p(90)": 0,
            "p(95)": 0,
            "avg": 0.1639462857142857,
            "min": 0,
            "med": 0,
            "max": 62.795
        },
        "http_req_duration": {
            "avg": 147.9088750476193,
            "min": 7.42,
            "med": 85.836,
            "max": 2956.458,
            "p(90)": 333.0684000000001,
            "p(95)": 448.57099999999997,
            "thresholds": {
                "p(95)<800": false,
                "p(99)<2000": false,
                "p(100)<5000": false
            }
        }
    },
    "root_group": {
        "name": "",
        "path": "",
        "id": "d41d8cd98f00b204e9800998ecf8427e",
        "groups": {},
        "checks": {
                "200": {
                    "name": "200",
                    "path": "::200",
                    "id": "4230b0c1b1cb609da348fcf04ffd96f4",
                    "passes": 2625,
                    "fails": 0
                }
            }
    }
}