service,protocol,p50,p95,p99,max,rps
auth,http2,25.4185,86.96495,,5104.622,108.90502868886736
