service,protocol,p50,p95,p99,max,rps
auth,http2,74.9,293.43229999999994,,1473.992,189.84850929628024
