service,protocol,p50,p95,p99,max,rps
listings,http3,331.00149999999996,1071.38825,,5208.898,117.41732528477061
