service,protocol,p50,p95,p99,max,rps
gateway,http1.1,24.621,108.34545,,640.713,114.63602454389925
