service,protocol,p50,p95,p99,max,rps
auth,http3,124.363,410.26289999999983,,4165.468,172.72761698914613
