{
    "metrics": {
        "checks": {
            "passes": 28456,
            "fails": 0,
            "value": 1
        },
        "http_req_blocked": {
            "p(95)": 0.006,
            "avg": 0.03743449536125248,
            "min": 0.001,
            "med": 0.003,
            "max": 46.756,
            "p(90)": 0.005
        },
        "http_req_connecting": {
            "avg": 0.005262756536407086,
            "min": 0,
            "med": 0,
            "max": 5.787,
            "p(90)": 0,
            "p(95)": 0
        },
        "iterations": {
            "count": 28456,
            "rate": 473.5470487864292
        },
        "http_reqs": {
            "count": 28456,
            "rate": 473.5470487864292
        },
        "http_req_tls_handshaking": {
            "avg": 0.02413431262299691,
            "min": 0,
            "med": 0,
            "max": 37.706,
            "p(90)": 0,
            "p(95)": 0
        },
        "http_req_receiving": {
            "min": 0.012,
            "med": 0.036,
            "max": 3.786,
            "p(90)": 0.063,
            "p(95)": 0.075,
            "avg": 0.04308409474275989
        },
        "vus_max": {
            "value": 30,
            "min": 30,
            "max": 30
        },
        "http_req_failed": {
            "passes": 0,
            "fails": 28456,
            "thresholds": {
                "rate<0.05": false
            },
            "value": 0
        },
        "http_req_sending": {
            "avg": 0.013900688782681313,
            "min": 0.003,
            "med": 0.012,
            "max": 4.164,
            "p(90)": 0.02,
            "p(95)": 0.023
        },
        "data_sent": {
            "rate": 72293.90643664866,
            "count": 4344226
        },
        "http_req_waiting": {
            "avg": 12.92165465982575,
            "min": 1.037,
            "med": 4.2995,
            "max": 284.583,
            "p(90)": 36.081,
            "p(95)": 53.486499999999985
        },
        "data_received": {
            "count": 27891678,
            "rate": 464155.9531417407
        },
        "vus": {
            "value": 30,
            "min": 30,
            "max": 30
        },
        "iteration_duration": {
            "med": 54.623166999999995,
            "max": 334.824709,
            "p(90)": 86.5416875,
            "p(95)": 104.08813499999994,
            "avg": 63.30161405664906,
            "min": 51.245083
        },
        "http_req_duration{expected_response:true}": {
            "p(90)": 36.144000000000005,
            "p(95)": 53.555249999999994,
            "avg": 12.978639443351149,
            "min": 1.071,
            "med": 4.3535,
            "max": 284.636
        },
        "http_req_duration": {
            "p(95)": 53.555249999999994,
            "avg": 12.978639443351149,
            "min": 1.071,
            "med": 4.3535,
            "max": 284.636,
            "p(90)": 36.144000000000005,
            "thresholds": {
                "p(50)<250": false,
                "p(95)<500": false,
                "p(99)<1000": false,
                "p(100)<4000": false
            }
        }
    },
    "root_group": {
        "checks": {
            "200": {
                "name": "200",
                "path": "::200",
                "id": "4230b0c1b1cb609da348fcf04ffd96f4",
                "passes": 28456,
                "fails": 0
            }
        },
        "name": "",
        "path": "",
        "id": "d41d8cd98f00b204e9800998ecf8427e",
        "groups": {}
    }
}