{
  "root_group": {
    "path": "",
    "id": "d41d8cd98f00b204e9800998ecf8427e",
    "groups": {},
    "checks": {
      "200": {
        "name": "200",
        "path": "::200",
        "id": "4230b0c1b1cb609da348fcf04ffd96f4",
        "passes": 21110,
        "fails": 0
      }
    },
    "name": ""
  },
  "metrics": {
    "data_received": {
      "count": 20748430,
      "rate": 345044.92791640654
    },
    "http_req_receiving": {
      "avg": 0.04931449549976255,
      "min": 0.01,
      "med": 0.039,
      "max": 4.38,
      "p(90)": 0.074,
      "p(95)": 0.091
    },
    "http_req_tls_handshaking": {
      "min": 0,
      "med": 0,
      "max": 57.31,
      "p(90)": 0,
      "p(95)": 0,
      "avg": 0.08582340123164375
    },
    "data_sent": {
      "count": 3266560,
      "rate": 54322.66247299757
    },
    "http_req_duration": {
      "avg": 91.80643140691564,
      "min": 1.413,
      "med": 43.961,
      "max": 11361.396,
      "p(90)": 151.64400000000006,
      "p(95)": 209.98269999999997,
      "thresholds": {
        "p(50)<250": false,
        "p(95)<500": false,
        "p(99)<1000": false,
        "p(100)<4000": true
      }
    },
    "http_reqs": {
      "count": 21110,
      "rate": 351.0578115219003
    },
    "iteration_duration": {
      "max": 11411.4605,
      "p(90)": 202.4730542,
      "p(95)": 260.37426425,
      "avg": 142.24357821719548,
      "min": 51.5825,
      "med": 94.395104
    },
    "http_req_connecting": {
      "min": 0,
      "med": 0,
      "max": 7.506,
      "p(90)": 0,
      "p(95)": 0,
      "avg": 0.0123915206063477
    },
    "http_req_waiting": {
      "med": 43.8925,
      "max": 11361.335,
      "p(90)": 151.44580000000002,
      "p(95)": 209.89954999999998,
      "avg": 91.74164504974036,
      "min": 1.376
    },
    "vus": {
      "value": 50,
      "min": 50,
      "max": 50
    },
    "http_req_duration{expected_response:true}": {
      "avg": 91.80643140691564,
      "min": 1.413,
      "med": 43.961,
      "max": 11361.396,
      "p(90)": 151.64400000000006,
      "p(95)": 209.98269999999997
    },
    "http_req_failed": {
      "passes": 0,
      "fails": 21110,
      "thresholds": {
        "rate<0.05": false
      },
      "value": 0
    },
    "vus_max": {
      "max": 50,
      "value": 50,
      "min": 50
    },
    "http_req_sending": {
      "med": 0.012,
      "max": 4.857,
      "p(90)": 0.021,
      "p(95)": 0.025,
      "avg": 0.015471861676929731,
      "min": 0.002
    },
    "iterations": {
      "rate": 351.0578115219003,
      "count": 21110
    },
    "http_req_blocked": {
      "p(90)": 0.006,
      "p(95)": 0.007,
      "avg": 0.10848469919472781,
      "min": 0,
      "med": 0.003,
      "max": 65.329
    },
    "checks": {
      "passes": 21110,
      "fails": 0,
      "value": 1
    }
  },
  "k6_matrix_warning": "k6 thresholds crossed; metrics preserved (exit 99)",
  "k6_matrix_status": "thresholds_crossed_with_metrics",
  "k6_matrix_exit_code": 99
}
