{
    "root_group": {
        "name": "",
        "path": "",
        "id": "d41d8cd98f00b204e9800998ecf8427e",
        "groups": {},
        "checks": {
                "200": {
                    "name": "200",
                    "path": "::200",
                    "id": "4230b0c1b1cb609da348fcf04ffd96f4",
                    "passes": 10239,
                    "fails": 0
                }
            }
    },
    "metrics": {
        "http_req_connecting": {
            "med": 0,
            "max": 1.587,
            "p(90)": 0,
            "p(95)": 0,
            "avg": 0.001309112217990038,
            "min": 0
        },
        "data_received": {
            "count": 10034312,
            "rate": 167092.14390605723
        },
        "iteration_duration": {
            "avg": 58.60791019406192,
            "min": 51.499583,
            "med": 54.672709,
            "max": 375.673583,
            "p(90)": 66.07273320000002,
            "p(95)": 79.19808719999999
        },
        "http_req_tls_handshaking": {
            "max": 26.725,
            "p(90)": 0,
            "p(95)": 0,
            "avg": 0.01991610508838754,
            "min": 0,
            "med": 0
        },
        "http_req_duration{expected_response:true}": {
            "med": 4.125,
            "max": 325.282,
            "p(90)": 15.5852,
            "p(95)": 27.856299999999994,
            "avg": 8.095086727219428,
            "min": 1.262
        },
        "http_req_waiting": {
            "avg": 8.017022560796933,
            "min": 1.209,
            "med": 4.047,
            "max": 325.185,
            "p(90)": 15.461600000000002,
            "p(95)": 27.744199999999992
        },
        "http_reqs": {
            "count": 10239,
            "rate": 170.50062440296057
        },
        "checks": {
            "passes": 10239,
            "fails": 0,
            "value": 1
        },
        "http_req_duration": {
            "p(90)": 15.5852,
            "p(95)": 27.856299999999994,
            "avg": 8.095086727219428,
            "min": 1.262,
            "med": 4.125,
            "max": 325.282,
            "thresholds": {
                "p(50)<250": false,
                "p(95)<500": false,
                "p(99)<1000": false,
                "p(100)<4000": false
            }
        },
        "http_req_receiving": {
            "max": 4.89,
            "p(90)": 0.086,
            "p(95)": 0.1,
            "avg": 0.05849868151186608,
            "min": 0.013,
            "med": 0.051
        },
        "http_req_sending": {
            "avg": 0.019565484910635474,
            "min": 0.004,
            "med": 0.015,
            "max": 2.363,
            "p(90)": 0.027,
            "p(95)": 0.032
        },
        "iterations": {
            "count": 10239,
            "rate": 170.50062440296057
        },
        "vus_max": {
            "value": 10,
            "min": 10,
            "max": 10
        },
        "vus": {
            "value": 10,
            "min": 10,
            "max": 10
        },
        "http_req_blocked": {
            "med": 0.004,
            "max": 30.071,
            "p(90)": 0.007,
            "p(95)": 0.009,
            "avg": 0.028875378454924723,
            "min": 0.001
        },
        "http_req_failed": {
            "passes": 0,
            "fails": 10239,
            "thresholds": {
                "rate<0.05": false
            },
            "value": 0
        },
        "data_sent": {
            "count": 1561879,
            "rate": 26008.530593014126
        }
    }
}