{
    "metrics": {
        "vus": {
            "value": 1,
            "min": 1,
            "max": 9
        },
        "vus_max": {
            "value": 11,
            "min": 10,
            "max": 11
        },
        "http_req_receiving": {
            "p(90)": 0.192,
            "p(95)": 0.27969999999999945,
            "avg": 0.1352188888888889,
            "min": 0.031,
            "med": 0.074,
            "max": 16.085
        },
        "checks": {
            "passes": 900,
            "fails": 0,
            "value": 1
        },
        "http_req_duration{expected_response:true}": {
            "max": 615.636,
            "p(90)": 53.1345,
            "p(95)": 95.53324999999994,
            "avg": 33.03149888888889,
            "min": 7.916,
            "med": 15.777999999999999
        },
        "http_req_sending": {
            "med": 0.098,
            "max": 2.659,
            "p(90)": 0.214,
            "p(95)": 0.2940999999999999,
            "avg": 0.14224999999999993,
            "min": 0.062
        },
        "http_req_waiting": {
            "p(95)": 95.22994999999995,
            "avg": 32.75402999999997,
            "min": 7.801,
            "med": 15.5995,
            "max": 615.075,
            "p(90)": 52.948600000000006
        },
        "http_req_duration": {
            "min": 7.916,
            "med": 15.777999999999999,
            "max": 615.636,
            "p(90)": 53.1345,
            "p(95)": 95.53324999999994,
            "avg": 33.03149888888889,
            "thresholds": {
                "p(95)<600": false,
                "p(99)<2500": false,
                "p(100)<10000": false
            }
        },
        "http_req_connecting": {
            "p(90)": 0,
            "p(95)": 0,
            "avg": 0.011373333333333334,
            "min": 0,
            "med": 0,
            "max": 2.18
        },
        "data_sent": {
            "count": 53175,
            "rate": 884.4616921635862
        },
        "http_req_failed": {
            "fails": 900,
            "passes": 0,
            "thresholds": {
                "rate<0.05": false
            },
            "value": 0
        },
        "iteration_duration": {
            "max": 716.664083,
            "p(90)": 154.7333878,
            "p(95)": 196.70136669999988,
            "avg": 134.192931071111,
            "min": 108.707125,
            "med": 116.8898545
        },
        "dropped_iterations": {
            "rate": 0.016633036053852114,
            "count": 1
        },
        "http_req_tls_handshaking": {
            "max": 22.019,
            "p(90)": 0,
            "p(95)": 0,
            "avg": 0.07910222222222223,
            "min": 0,
            "med": 0
        },
        "errors": {
            "passes": 0,
            "fails": 900,
            "thresholds": {
                "rate<0.05": false
            },
            "value": 0
        },
        "http_req_blocked": {
            "p(90)": 0.001,
            "p(95)": 0.001,
            "avg": 0.09533111111111078,
            "min": 0,
            "med": 0,
            "max": 24.553
        },
        "data_received": {
            "count": 172086,
            "rate": 2862.312642363195
        },
        "iterations": {
            "count": 900,
            "rate": 14.969732448466903
        },
        "http_reqs": {
            "count": 900,
            "rate": 14.969732448466903
        }
    },
    "root_group": {
        "checks": {
            "media health": {
                "name": "media health",
                "path": "::media health",
                "id": "841f137838968c18a16538aa00c03cc0",
                "passes": 900,
                "fails": 0
            }
        },
        "name": "",
        "path": "",
        "id": "d41d8cd98f00b204e9800998ecf8427e",
        "groups": {}
    }
}