{
  "root_group": {
    "groups": {},
    "checks": {
      "media health": {
        "passes": 737,
        "fails": 0,
        "name": "media health",
        "path": "::media health",
        "id": "841f137838968c18a16538aa00c03cc0"
      }
    },
    "name": "",
    "path": "",
    "id": "d41d8cd98f00b204e9800998ecf8427e"
  },
  "metrics": {
    "errors": {
      "passes": 0,
      "fails": 737,
      "thresholds": {
        "rate<0.05": false
      },
      "value": 0
    },
    "data_sent": {
      "count": 178869,
      "rate": 2979.3403982977475
    },
    "iterations": {
      "count": 737,
      "rate": 12.275877170138145
    },
    "checks": {
      "passes": 737,
      "fails": 0,
      "value": 1
    },
    "http_req_failed": {
      "passes": 0,
      "fails": 737,
      "thresholds": {
        "rate<0.05": false
      },
      "value": 0
    },
    "http_req_tls_handshaking": {
      "med": 0,
      "max": 17.924,
      "p(90)": 0,
      "p(95)": 4.1739999999999995,
      "avg": 0.40509633649932153,
      "min": 0
    },
    "vus_max": {
      "value": 40,
      "min": 10,
      "max": 40
    },
    "dropped_iterations": {
      "count": 163,
      "rate": 2.7150176102205124
    },
    "http_reqs": {
      "count": 737,
      "rate": 12.275877170138145
    },
    "http_req_connecting": {
      "max": 6.679,
      "p(90)": 0,
      "p(95)": 0.5465999999999986,
      "avg": 0.0599796472184532,
      "min": 0,
      "med": 0
    },
    "data_received": {
      "count": 577209,
      "rate": 9614.31042808449
    },
    "http_req_sending": {
      "avg": 0.05032157394843956,
      "min": 0.012,
      "med": 0.028,
      "max": 8.183,
      "p(90)": 0.051800000000000034,
      "p(95)": 0.07019999999999997
    },
    "http_req_blocked": {
      "avg": 0.5023215739484395,
      "min": 0.003,
      "med": 0.009,
      "max": 39.103,
      "p(90)": 0.027400000000000018,
      "p(95)": 4.714999999999996
    },
    "http_req_waiting": {
      "med": 9.773,
      "max": 14057.097,
      "p(90)": 27.16380000000001,
      "p(95)": 9693.190799999998,
      "avg": 649.5363948439616,
      "min": 0.602
    },
    "http_req_duration{expected_response:true}": {
      "med": 9.842,
      "max": 14057.223,
      "p(90)": 27.9368,
      "p(95)": 9693.357,
      "avg": 649.6734056987789,
      "min": 0.659
    },
    "vus": {
      "value": 1,
      "min": 1,
      "max": 40
    },
    "http_req_duration": {
      "p(90)": 27.9368,
      "p(95)": 9693.357,
      "avg": 649.6734056987789,
      "min": 0.659,
      "med": 9.842,
      "max": 14057.223,
      "thresholds": {
        "p(95)<600": true,
        "p(99)<2500": true,
        "p(100)<10000": true
      }
    },
    "http_req_receiving": {
      "p(95)": 0.15019999999999997,
      "avg": 0.0866892808683852,
      "min": 0.026,
      "med": 0.076,
      "max": 1.908,
      "p(90)": 0.1184
    },
    "iteration_duration": {
      "avg": 751.2889237367696,
      "min": 101.194333,
      "med": 111.080083,
      "max": 14157.839208,
      "p(90)": 129.3352748,
      "p(95)": 9813.30705
    }
  },
  "k6_matrix_warning": "k6 thresholds crossed; metrics preserved (exit 99)",
  "k6_matrix_status": "thresholds_crossed_with_metrics",
  "k6_matrix_exit_code": 99
}
