service,protocol,p50,p95,p99,max,rps
messaging,http2,10.2945,24.03529999999999,,58.433,19.91520503998077
