{
  "root_group": {
    "name": "",
    "path": "",
    "id": "d41d8cd98f00b204e9800998ecf8427e",
    "groups": {},
    "checks": {
      "200": {
        "name": "200",
        "path": "::200",
        "id": "4230b0c1b1cb609da348fcf04ffd96f4",
        "passes": 1942,
        "fails": 4147
      }
    }
  },
  "metrics": {
    "data_received": {
      "rate": 11488.427301679261,
      "count": 690088
    },
    "http_req_connecting": {
      "min": 0,
      "med": 0,
      "max": 1.318,
      "p(90)": 0,
      "p(95)": 0,
      "avg": 0.0018741993759237969
    },
    "http_req_receiving": {
      "min": 0.004,
      "med": 0.029,
      "max": 2.955,
      "p(90)": 0.093,
      "p(95)": 0.137,
      "avg": 0.05056807357529989
    },
    "http_reqs": {
      "count": 6089,
      "rate": 101.36828033515293
    },
    "http_req_blocked": {
      "p(90)": 0.001,
      "p(95)": 0.001,
      "avg": 0.028284283133521257,
      "min": 0,
      "med": 0,
      "max": 26.358
    },
    "http_req_sending": {
      "avg": 0.07406897684348812,
      "min": 0.011,
      "med": 0.058,
      "max": 3.553,
      "p(90)": 0.125,
      "p(95)": 0.154
    },
    "data_sent": {
      "count": 245813,
      "rate": 4092.2386424741253
    },
    "http_req_duration": {
      "avg": 47.88716291673521,
      "min": 0.296,
      "med": 1.59,
      "max": 10880.215,
      "p(90)": 78.61440000000002,
      "p(95)": 125.8887999999999,
      "thresholds": {
        "p(95)<800": false,
        "p(99)<3000": false,
        "p(100)<8000": true
      }
    },
    "iteration_duration": {
      "min": 50.416125,
      "med": 52.4115,
      "max": 10931.535042,
      "p(90)": 129.1520922,
      "p(95)": 176.52908379999985,
      "avg": 98.57685642043042
    },
    "http_req_failed": {
      "passes": 4147,
      "fails": 1942,
      "thresholds": {
        "rate<0.08": true
      },
      "value": 0.681064214156676
    },
    "http_req_tls_handshaking": {
      "avg": 0.021950730826079817,
      "min": 0,
      "med": 0,
      "max": 22.806,
      "p(90)": 0,
      "p(95)": 0
    },
    "checks": {
      "passes": 1942,
      "fails": 4147,
      "value": 0.31893578584332405
    },
    "iterations": {
      "count": 6089,
      "rate": 101.36828033515293
    },
    "vus": {
      "value": 10,
      "min": 10,
      "max": 10
    },
    "vus_max": {
      "value": 10,
      "min": 10,
      "max": 10
    },
    "http_req_duration{expected_response:true}": {
      "p(95)": 241.8479,
      "avg": 139.64440988671504,
      "min": 9.846,
      "med": 47.679500000000004,
      "max": 10880.215,
      "p(90)": 165.80450000000002
    },
    "http_req_waiting": {
      "p(95)": 125.7871999999999,
      "avg": 47.76252586631625,
      "min": 0,
      "med": 1.482,
      "max": 10880.023,
      "p(90)": 78.44440000000003
    }
  },
  "k6_matrix_warning": "k6 thresholds crossed; metrics preserved (exit 99)",
  "k6_matrix_status": "thresholds_crossed_with_metrics",
  "k6_matrix_exit_code": 99
}
