{
  "root_group": {
    "name": "",
    "path": "",
    "id": "d41d8cd98f00b204e9800998ecf8427e",
    "groups": {},
    "checks": {
      "200": {
        "path": "::200",
        "id": "4230b0c1b1cb609da348fcf04ffd96f4",
        "passes": 9988,
        "fails": 0,
        "name": "200"
      }
    }
  },
  "metrics": {
    "vus": {
      "value": 30,
      "min": 30,
      "max": 30
    },
    "http_req_receiving": {
      "avg": 0.07080837004405213,
      "min": 0.011,
      "med": 0.05,
      "max": 7.189,
      "p(90)": 0.104,
      "p(95)": 0.15764999999999957
    },
    "http_req_tls_handshaking": {
      "max": 48.346,
      "p(90)": 0,
      "p(95)": 0,
      "avg": 0.09841139367240688,
      "min": 0,
      "med": 0
    },
    "http_req_connecting": {
      "max": 9.563,
      "p(90)": 0,
      "p(95)": 0,
      "avg": 0.02262805366439728,
      "min": 0,
      "med": 0
    },
    "data_received": {
      "count": 1081910,
      "rate": 16674.597263418567
    },
    "vus_max": {
      "value": 30,
      "min": 30,
      "max": 30
    },
    "http_req_failed": {
      "passes": 0,
      "fails": 9988,
      "thresholds": {
        "rate<0.05": false
      },
      "value": 0
    },
    "http_req_blocked": {
      "min": 0,
      "med": 0.001,
      "max": 62.832,
      "p(90)": 0.001,
      "p(95)": 0.001,
      "avg": 0.1442951541850091
    },
    "data_sent": {
      "count": 422746,
      "rate": 6515.439634277477
    },
    "http_req_sending": {
      "p(90)": 0.114,
      "p(95)": 0.131,
      "avg": 0.06992931517821405,
      "min": 0.014,
      "med": 0.058,
      "max": 3.705
    },
    "checks": {
      "fails": 0,
      "passes": 9988,
      "value": 1
    },
    "http_req_duration": {
      "p(95)": 301.21779999999984,
      "avg": 143.5157870444535,
      "min": 1.792,
      "med": 108.0415,
      "max": 5817.403,
      "p(90)": 234.9532,
      "thresholds": {
        "p(50)<250": false,
        "p(95)<500": false,
        "p(99)<1000": false,
        "p(100)<4000": true
      }
    },
    "iteration_duration": {
      "p(95)": 353.23729154999995,
      "avg": 194.15742474779796,
      "min": 52.03525,
      "med": 158.6015625,
      "max": 5868.230958,
      "p(90)": 286.10707890000003
    },
    "iterations": {
      "count": 9988,
      "rate": 153.93690553467908
    },
    "http_reqs": {
      "rate": 153.93690553467908,
      "count": 9988
    },
    "http_req_waiting": {
      "avg": 143.37504935923158,
      "min": 1.741,
      "med": 107.9175,
      "max": 5817.258,
      "p(90)": 234.81040000000002,
      "p(95)": 301.04454999999984
    },
    "http_req_duration{expected_response:true}": {
      "p(95)": 301.21779999999984,
      "avg": 143.5157870444535,
      "min": 1.792,
      "med": 108.0415,
      "max": 5817.403,
      "p(90)": 234.9532
    }
  },
  "k6_matrix_warning": "k6 thresholds crossed; metrics preserved (exit 99)",
  "k6_matrix_status": "thresholds_crossed_with_metrics",
  "k6_matrix_exit_code": 99
}
