service,protocol,p50,p95,p99,max,rps
listings,http1.1,59.117000000000004,503.68079999999935,,5040.787,50.24715986403092
