{
    "root_group": {
        "name": "",
        "path": "",
        "id": "d41d8cd98f00b204e9800998ecf8427e",
        "groups": {},
        "checks": {
                "media health": {
                    "name": "media health",
                    "path": "::media health",
                    "id": "841f137838968c18a16538aa00c03cc0",
                    "passes": 901,
                    "fails": 0
                }
            }
    },
    "metrics": {
        "http_req_sending": {
            "min": 0.01,
            "med": 0.026,
            "max": 2.507,
            "p(90)": 0.069,
            "p(95)": 0.107,
            "avg": 0.04429189789123201
        },
        "vus": {
            "value": 3,
            "min": 1,
            "max": 11
        },
        "http_req_connecting": {
            "med": 0,
            "max": 1.706,
            "p(90)": 0,
            "p(95)": 0,
            "avg": 0.02591786903440622,
            "min": 0
        },
        "vus_max": {
            "value": 30,
            "min": 30,
            "max": 30
        },
        "http_req_tls_handshaking": {
            "p(90)": 0,
            "p(95)": 0,
            "avg": 0.20087347391786908,
            "min": 0,
            "med": 0,
            "max": 10.055
        },
        "http_req_receiving": {
            "avg": 0.09061598224195334,
            "min": 0.03,
            "med": 0.074,
            "max": 1.557,
            "p(90)": 0.127,
            "p(95)": 0.147
        },
        "http_req_failed": {
            "passes": 0,
            "fails": 901,
            "thresholds": {
                "rate<0.05": false
            },
            "value": 0
        },
        "http_req_blocked": {
            "med": 0.008,
            "max": 12.76,
            "p(90)": 0.031,
            "p(95)": 0.09,
            "avg": 0.24733851276359414,
            "min": 0.003
        },
        "checks": {
            "passes": 901,
            "fails": 0,
            "value": 1
        },
        "errors": {
            "fails": 901,
            "passes": 0,
            "thresholds": {
                "rate<0.05": false
            },
            "value": 0
        },
        "http_req_duration{expected_response:true}": {
            "avg": 117.56770921198674,
            "min": 7.061,
            "med": 70.954,
            "max": 1296.914,
            "p(90)": 248.865,
            "p(95)": 404.425
        },
        "iterations": {
            "count": 901,
            "rate": 14.963025715778173
        },
        "http_req_duration": {
            "med": 70.954,
            "max": 1296.914,
            "p(90)": 248.865,
            "p(95)": 404.425,
            "avg": 117.56770921198674,
            "min": 7.061,
            "thresholds": {
                "p(95)<600": false,
                "p(99)<2500": false,
                "p(100)<10000": false
            }
        },
        "http_req_waiting": {
            "avg": 117.43280133185344,
            "min": 6.934,
            "med": 70.798,
            "max": 1296.68,
            "p(90)": 248.717,
            "p(95)": 404.256
        },
        "iteration_duration": {
            "med": 172.638166,
            "max": 1397.592959,
            "p(90)": 350.334042,
            "p(95)": 505.232917,
            "avg": 218.69627763485036,
            "min": 107.4305
        },
        "data_sent": {
            "count": 188827,
            "rate": 3135.874868849329
        },
        "data_received": {
            "count": 931175,
            "rate": 15464.145916636782
        },
        "http_reqs": {
            "count": 901,
            "rate": 14.963025715778173
        }
    }
}