{
    "root_group": {
        "checks": {
            "200": {
                "id": "4230b0c1b1cb609da348fcf04ffd96f4",
                "passes": 6942,
                "fails": 0,
                "name": "200",
                "path": "::200"
            }
        },
        "name": "",
        "path": "",
        "id": "d41d8cd98f00b204e9800998ecf8427e",
        "groups": {}
    },
    "metrics": {
        "data_received": {
            "count": 7898716,
            "rate": 131013.1565723888
        },
        "http_req_duration": {
            "max": 3895.043,
            "p(90)": 719.8506,
            "p(95)": 967.3176999999998,
            "avg": 352.58186055891775,
            "min": 24.304,
            "med": 224.59449999999998,
            "thresholds": {
                "p(95)<1200": false,
                "p(99)<4000": false,
                "p(100)<8000": false
            }
        },
        "http_req_waiting": {
            "p(90)": 719.7942,
            "p(95)": 967.1917499999998,
            "avg": 352.49634485738903,
            "min": 24.241,
            "med": 224.52249999999998,
            "max": 3894.977
        },
        "http_req_receiving": {
            "min": 0.016,
            "med": 0.055,
            "max": 1.351,
            "p(90)": 0.102,
            "p(95)": 0.122,
            "avg": 0.06542019590895991
        },
        "iteration_duration": {
            "avg": 433.4755867530977,
            "min": 104.876667,
            "med": 306.412375,
            "max": 3975.249,
            "p(90)": 800.4514500000001,
            "p(95)": 1048.1353830499995
        },
        "http_req_duration{expected_response:true}": {
            "p(90)": 719.8506,
            "p(95)": 967.3176999999998,
            "avg": 352.58186055891775,
            "min": 24.304,
            "med": 224.59449999999998,
            "max": 3895.043
        },
        "vus_max": {
            "value": 50,
            "min": 50,
            "max": 50
        },
        "http_req_tls_handshaking": {
            "p(95)": 0,
            "avg": 0.355578939786805,
            "min": 0,
            "med": 0,
            "max": 75.681,
            "p(90)": 0
        },
        "data_sent": {
            "count": 1349336,
            "rate": 22380.950098314817
        },
        "http_reqs": {
            "count": 6942,
            "rate": 115.14445296242113
        },
        "iterations": {
            "count": 6942,
            "rate": 115.14445296242113
        },
        "http_req_connecting": {
            "avg": 0.04979688850475368,
            "min": 0,
            "med": 0,
            "max": 7.615,
            "p(90)": 0,
            "p(95)": 0
        },
        "http_req_failed": {
            "passes": 0,
            "fails": 6942,
            "thresholds": {
                "rate<0.05": false
            },
            "value": 0
        },
        "http_req_sending": {
            "min": 0.004,
            "med": 0.017,
            "max": 0.372,
            "p(90)": 0.029900000000000152,
            "p(95)": 0.037,
            "avg": 0.02009550561797774
        },
        "checks": {
            "passes": 6942,
            "fails": 0,
            "value": 1
        },
        "vus": {
            "value": 50,
            "min": 50,
            "max": 50
        },
        "http_req_blocked": {
            "avg": 0.4323014981273492,
            "min": 0.001,
            "med": 0.005,
            "max": 85.951,
            "p(90)": 0.008,
            "p(95)": 0.011
        }
    }
}