{
  "root_group": {
    "name": "",
    "path": "",
    "id": "d41d8cd98f00b204e9800998ecf8427e",
    "groups": {},
    "checks": {
      "200": {
        "fails": 5,
        "name": "200",
        "path": "::200",
        "id": "4230b0c1b1cb609da348fcf04ffd96f4",
        "passes": 6724
      }
    }
  },
  "metrics": {
    "http_req_blocked": {
      "p(95)": 0.001,
      "avg": 0.2804340912468289,
      "min": 0,
      "med": 0.001,
      "max": 97.077,
      "p(90)": 0.001
    },
    "data_sent": {
      "count": 309788,
      "rate": 4291.643399161446
    },
    "data_received": {
      "count": 1586954,
      "rate": 21984.843373122436
    },
    "http_req_connecting": {
      "min": 0,
      "med": 0,
      "max": 8.29,
      "p(90)": 0,
      "p(95)": 0,
      "avg": 0.033715410908010106
    },
    "http_req_sending": {
      "p(95)": 0.149,
      "avg": 0.08061272105810652,
      "min": 0.016,
      "med": 0.07,
      "max": 2.888,
      "p(90)": 0.127
    },
    "vus": {
      "max": 30,
      "value": 1,
      "min": 1
    },
    "http_req_failed": {
      "passes": 5,
      "fails": 6724,
      "thresholds": {
        "rate<0.05": false
      },
      "value": 0.000743052459503641
    },
    "http_req_waiting": {
      "avg": 233.6538910685097,
      "min": 6.751,
      "med": 102.482,
      "max": 13888.145,
      "p(90)": 380.78860000000003,
      "p(95)": 551.6482
    },
    "checks": {
      "passes": 6724,
      "fails": 5,
      "value": 0.9992569475404963
    },
    "vus_max": {
      "value": 30,
      "min": 30,
      "max": 30
    },
    "http_req_receiving": {
      "avg": 0.07590013374944271,
      "min": 0.015,
      "med": 0.053,
      "max": 3.67,
      "p(90)": 0.123,
      "p(95)": 0.1875999999999997
    },
    "iterations": {
      "count": 6729,
      "rate": 93.2201003039413
    },
    "http_req_duration": {
      "p(95)": 551.8395999999999,
      "avg": 233.81040392331678,
      "min": 6.866,
      "med": 102.611,
      "max": 13888.385,
      "p(90)": 380.97180000000003,
      "thresholds": {
        "p(99)<4000": false,
        "p(100)<8000": true,
        "p(95)<1200": false
      }
    },
    "http_req_tls_handshaking": {
      "max": 84.656,
      "p(90)": 0,
      "p(95)": 0,
      "avg": 0.22566414028830437,
      "min": 0,
      "med": 0
    },
    "http_reqs": {
      "count": 6729,
      "rate": 93.2201003039413
    },
    "iteration_duration": {
      "min": 87.144458,
      "med": 183.108458,
      "max": 13969.002416,
      "p(90)": 461.4783754000001,
      "p(95)": 632.6328077999999,
      "avg": 314.56536017937276
    },
    "http_req_duration{expected_response:true}": {
      "avg": 225.5699152290301,
      "min": 6.866,
      "med": 102.5495,
      "max": 13888.385,
      "p(90)": 379.1491000000001,
      "p(95)": 545.69855
    }
  },
  "k6_matrix_warning": "k6 thresholds crossed; metrics preserved (exit 99)",
  "k6_matrix_status": "thresholds_crossed_with_metrics",
  "k6_matrix_exit_code": 99
}
