service,protocol,p50,p95,p99,max,rps
gateway,http2,88.013,280.8863999999999,,2299.942,121.44303122870215
