service,protocol,p50,p95,p99,max,rps
trust,http3,20.2185,126.25009999999996,,1584.868,71.57753032865884
