{
    "root_group": {
        "name": "",
        "path": "",
        "id": "d41d8cd98f00b204e9800998ecf8427e",
        "groups": {},
        "checks": {
                "200": {
                    "passes": 3158,
                    "fails": 1,
                    "name": "200",
                    "path": "::200",
                    "id": "4230b0c1b1cb609da348fcf04ffd96f4"
                }
            }
    },
    "metrics": {
        "http_req_connecting": {
            "p(90)": 0,
            "p(95)": 0,
            "avg": 0.012805318138651472,
            "min": 0,
            "med": 0,
            "max": 2.666
        },
        "http_reqs": {
            "count": 3159,
            "rate": 52.37872708053477
        },
        "http_req_sending": {
            "min": 0.016,
            "med": 0.065,
            "max": 1.418,
            "p(90)": 0.127,
            "p(95)": 0.15809999999999985,
            "avg": 0.0812975625197847
        },
        "data_received": {
            "count": 449219,
            "rate": 7448.407534153451
        },
        "iterations": {
            "count": 3159,
            "rate": 52.37872708053477
        },
        "checks": {
            "passes": 3158,
            "fails": 1,
            "value": 0.9996834441278886
        },
        "vus_max": {
            "max": 20,
            "value": 20,
            "min": 20
        },
        "http_req_receiving": {
            "p(95)": 0.208,
            "avg": 0.09164767331433993,
            "min": 0.014,
            "med": 0.066,
            "max": 10.339,
            "p(90)": 0.14720000000000005
        },
        "data_sent": {
            "count": 153123,
            "rate": 2538.900863169587
        },
        "iteration_duration": {
            "avg": 380.7816598452036,
            "min": 88.731792,
            "med": 308.906541,
            "max": 1993.427417,
            "p(90)": 642.4086918,
            "p(95)": 846.9063371999996
        },
        "http_req_duration": {
            "min": 38.396,
            "med": 258.461,
            "max": 1941.019,
            "p(90)": 591.922,
            "p(95)": 795.7529999999996,
            "avg": 329.87868819246637,
            "thresholds": {
                "p(95)<800": false,
                "p(99)<3000": false,
                "p(100)<8000": false
            }
        },
        "http_req_blocked": {
            "avg": 0.2615090218423421,
            "min": 0,
            "med": 0.001,
            "max": 54.836,
            "p(90)": 0.001,
            "p(95)": 0.001
        },
        "vus": {
            "min": 20,
            "max": 20,
            "value": 20
        },
        "http_req_failed": {
            "passes": 1,
            "fails": 3158,
            "thresholds": {
                "rate<0.08": false
            },
            "value": 0.00031655587211142766
        },
        "http_req_duration{expected_response:true}": {
            "avg": 329.85360956301497,
            "min": 38.396,
            "med": 258.428,
            "max": 1941.019,
            "p(90)": 591.9555,
            "p(95)": 795.9209999999996
        },
        "http_req_waiting": {
            "p(90)": 591.7788,
            "p(95)": 795.4845999999994,
            "avg": 329.7057429566318,
            "min": 38.254,
            "med": 258.372,
            "max": 1940.598
        },
        "http_req_tls_handshaking": {
            "avg": 0.21142893320671102,
            "min": 0,
            "med": 0,
            "max": 47.162,
            "p(90)": 0,
            "p(95)": 0
        }
    }
}