{
    "metrics": {
        "http_reqs": {
            "count": 7667,
            "rate": 127.40286379105093
        },
        "http_req_connecting": {
            "max": 2.302,
            "p(90)": 0,
            "p(95)": 0,
            "avg": 0.004760140863440721,
            "min": 0,
            "med": 0
        },
        "http_req_duration{expected_response:true}": {
            "avg": 106.32819316551459,
            "min": 9.879,
            "med": 73.463,
            "max": 1535.503,
            "p(90)": 212.8204,
            "p(95)": 281.78739999999976
        },
        "iterations": {
            "count": 7667,
            "rate": 127.40286379105093
        },
        "data_sent": {
            "count": 329974,
            "rate": 5483.191936427317
        },
        "http_req_duration": {
            "max": 1535.503,
            "p(90)": 212.8204,
            "p(95)": 281.78739999999976,
            "avg": 106.32819316551459,
            "min": 9.879,
            "med": 73.463,
            "thresholds": {
                "p(100)<8000": false,
                "p(95)<800": false,
                "p(99)<3000": false
            }
        },
        "http_req_waiting": {
            "avg": 106.17678518325307,
            "min": 9.748,
            "med": 73.29,
            "max": 1535.288,
            "p(90)": 212.64400000000006,
            "p(95)": 281.53489999999977
        },
        "http_req_failed": {
            "passes": 0,
            "fails": 7667,
            "thresholds": {
                "rate<0.08": false
            },
            "value": 0
        },
        "http_req_sending": {
            "max": 5.542,
            "p(90)": 0.117,
            "p(95)": 0.135,
            "avg": 0.06909116994913266,
            "min": 0.016,
            "med": 0.056
        },
        "data_received": {
            "count": 2051335,
            "rate": 34087.12059408054
        },
        "http_req_receiving": {
            "p(90)": 0.143,
            "p(95)": 0.214,
            "avg": 0.08231681231250802,
            "min": 0.013,
            "med": 0.054,
            "max": 5.148
        },
        "vus_max": {
            "value": 20,
            "min": 20,
            "max": 20
        },
        "http_req_blocked": {
            "min": 0,
            "med": 0,
            "max": 50.73,
            "p(90)": 0.001,
            "p(95)": 0.001,
            "avg": 0.08528355288899477
        },
        "http_req_tls_handshaking": {
            "avg": 0.07194169818703534,
            "min": 0,
            "med": 0,
            "max": 45.724,
            "p(90)": 0,
            "p(95)": 0
        },
        "checks": {
            "passes": 7667,
            "fails": 0,
            "value": 1
        },
        "vus": {
            "value": 20,
            "min": 20,
            "max": 20
        },
        "iteration_duration": {
            "med": 123.921584,
            "max": 1586.632958,
            "p(90)": 264.36025040000004,
            "p(95)": 332.4279499,
            "avg": 156.8786873702881,
            "min": 60.423625
        }
    },
    "root_group": {
        "name": "",
        "path": "",
        "id": "d41d8cd98f00b204e9800998ecf8427e",
        "groups": {},
        "checks": {
                "200": {
                    "name": "200",
                    "path": "::200",
                    "id": "4230b0c1b1cb609da348fcf04ffd96f4",
                    "passes": 7667,
                    "fails": 0
                }
            }
    }
}