service,protocol,p50,p95,p99,max,rps
messaging,http3,24.482,425.3091999999999,,599.818,19.535915888857897
