service,protocol,p50,p95,p99,max,rps
messaging,http2,10.041,57.85189999999997,,456.473,19.976688203700693
