service,protocol,p50,p95,p99,max,rps
trust,http3,158.5,795.7964999999979,,4851.207,83.36165929056138
