service,protocol,p50,p95,p99,max,rps
booking,http1.1,54.832499999999996,234.95924999999977,,847.175,74.0117873404831
