{
  "metrics": {
    "http_req_blocked": {
      "p(90)": 0.01,
      "p(95)": 0.015,
      "avg": 1.8286420310296243,
      "min": 0.001,
      "med": 0.005,
      "max": 585.49
    },
    "http_req_waiting": {
      "max": 462349.158,
      "p(90)": 294.5256,
      "p(95)": 2316.0112,
      "avg": 2996.8387094499303,
      "min": 10.329,
      "med": 66.882
    },
    "data_received": {
      "count": 4163564,
      "rate": 6371.942426771063
    },
    "http_req_duration{expected_response:true}": {
      "min": 10.429,
      "med": 66.92949999999999,
      "max": 462349.396,
      "p(90)": 294.60190000000006,
      "p(95)": 2315.86525,
      "avg": 2998.596605872388
    },
    "http_reqs": {
      "rate": 5.425288503528088,
      "count": 3545
    },
    "vus_max": {
      "min": 20,
      "max": 20,
      "value": 20
    },
    "iteration_duration": {
      "min": 61.149917,
      "med": 117.596875,
      "max": 7264.6475,
      "p(90)": 340.9387414000001,
      "p(95)": 2086.1126672,
      "avg": 347.56027097912624
    },
    "http_req_duration": {
      "max": 462349.396,
      "p(90)": 294.6494,
      "p(95)": 2316.3174,
      "avg": 2996.950390126939,
      "min": 10.429,
      "med": 67.117,
      "thresholds": {
        "p(95)<800": true,
        "p(99)<3000": true,
        "p(100)<8000": true
      }
    },
    "checks": {
      "passes": 3542,
      "fails": 3,
      "value": 0.9991537376586742
    },
    "vus": {
      "value": 10,
      "min": 10,
      "max": 20
    },
    "iterations": {
      "count": 3545,
      "rate": 5.425288503528088
    },
    "http_req_connecting": {
      "p(95)": 0,
      "avg": 0.4603779971791255,
      "min": 0,
      "med": 0,
      "max": 82.159,
      "p(90)": 0
    },
    "http_req_receiving": {
      "min": 0.017,
      "med": 0.068,
      "max": 2.686,
      "p(90)": 0.122,
      "p(95)": 0.19279999999999986,
      "avg": 0.08576417489421705
    },
    "data_sent": {
      "count": 570420,
      "rate": 872.974067188291
    },
    "http_req_failed": {
      "passes": 3,
      "fails": 3542,
      "thresholds": {
        "rate<0.08": false
      },
      "value": 0.000846262341325811
    },
    "http_req_tls_handshaking": {
      "min": 0,
      "med": 0,
      "max": 470.244,
      "p(90)": 0,
      "p(95)": 0,
      "avg": 1.2430629055007054
    },
    "http_req_sending": {
      "p(90)": 0.032,
      "p(95)": 0.049,
      "avg": 0.025916502115656253,
      "min": 0.004,
      "med": 0.019,
      "max": 6.941
    }
  },
  "root_group": {
    "id": "d41d8cd98f00b204e9800998ecf8427e",
    "groups": {},
    "checks": {
      "200": {
        "path": "::200",
        "id": "4230b0c1b1cb609da348fcf04ffd96f4",
        "passes": 3542,
        "fails": 3,
        "name": "200"
      }
    },
    "name": "",
    "path": ""
  },
  "k6_matrix_warning": "k6 thresholds crossed; metrics preserved (exit 99)",
  "k6_matrix_status": "thresholds_crossed_with_metrics",
  "k6_matrix_exit_code": 99
}
