service,protocol,p50,p95,p99,max,rps
booking,http3,470.7265,1233.1765499999997,,4944.706,80.74394025001368
