service,protocol,p50,p95,p99,max,rps
trust,http2,37.182,373.89799999999974,,2919.399,111.95601262239158
