service,protocol,p50,p95,p99,max,rps
booking,http3,126.67750000000001,356.93924999999996,,4116.837,94.51688161498303
