service,protocol,p50,p95,p99,max,rps
trust,http1.1,34.707,261.08449999999993,,11771.055,96.8065952120469
