service,protocol,p50,p95,p99,max,rps
trust,http3,354.557,1204.965199999999,,3113.384,92.2234921612268
