{
    "metrics": {
        "http_reqs": {
            "count": 2905,
            "rate": 47.98052449864935
        },
        "iteration_duration": {
            "avg": 207.76974397969067,
            "min": 58.179,
            "med": 124.446791,
            "max": 5097.433583,
            "p(90)": 315.78821700000003,
            "p(95)": 482.19530839999936
        },
        "http_req_waiting": {
            "p(95)": 430.9931999999995,
            "avg": 156.89657728055099,
            "min": 6.991,
            "med": 73.701,
            "max": 5046.546,
            "p(90)": 264.10880000000003
        },
        "http_req_duration": {
            "max": 5046.973,
            "p(90)": 264.585,
            "p(95)": 431.20999999999947,
            "avg": 157.06660791738383,
            "min": 7.149,
            "med": 73.868,
            "thresholds": {
                "p(95)<800": false,
                "p(99)<3000": false,
                "p(100)<8000": false
            }
        },
        "http_req_duration{expected_response:true}": {
            "avg": 153.69973062349288,
            "min": 7.149,
            "med": 73.823,
            "max": 4873.23,
            "p(90)": 264.023,
            "p(95)": 426.0073999999995
        },
        "checks": {
            "passes": 2903,
            "fails": 2,
            "value": 0.9993115318416523
        },
        "http_req_failed": {
            "fails": 2903,
            "passes": 2,
            "thresholds": {
                "rate<0.08": false
            },
            "value": 0.0006884681583476765
        },
        "http_req_tls_handshaking": {
            "p(95)": 0,
            "avg": 0.07850258175559381,
            "min": 0,
            "med": 0,
            "max": 30.76,
            "p(90)": 0
        },
        "data_received": {
            "count": 371967,
            "rate": 6143.6047353490885
        },
        "iterations": {
            "count": 2905,
            "rate": 47.98052449864935
        },
        "http_req_blocked": {
            "avg": 0.12386678141135052,
            "min": 0,
            "med": 0,
            "max": 43.984,
            "p(90)": 0.001,
            "p(95)": 0.001
        },
        "http_req_connecting": {
            "avg": 0.02367641996557659,
            "min": 0,
            "med": 0,
            "max": 7.145,
            "p(90)": 0,
            "p(95)": 0
        },
        "http_req_sending": {
            "med": 0.065,
            "max": 8.562,
            "p(90)": 0.126,
            "p(95)": 0.15,
            "avg": 0.08771944922547316,
            "min": 0.018
        },
        "vus": {
            "value": 10,
            "min": 10,
            "max": 10
        },
        "http_req_receiving": {
            "p(90)": 0.13860000000000008,
            "p(95)": 0.207,
            "avg": 0.0823111876075732,
            "min": 0.012,
            "med": 0.058,
            "max": 5.274
        },
        "data_sent": {
            "rate": 2074.5589602935806,
            "count": 125605
        },
        "vus_max": {
            "value": 10,
            "min": 10,
            "max": 10
        }
    },
    "root_group": {
        "groups": {},
        "checks": {
                "200": {
                    "name": "200",
                    "path": "::200",
                    "id": "4230b0c1b1cb609da348fcf04ffd96f4",
                    "passes": 2903,
                    "fails": 2
                }
            },
        "name": "",
        "path": "",
        "id": "d41d8cd98f00b204e9800998ecf8427e"
    }
}