service,protocol,p50,p95,p99,max,rps
event-layer,http2,170.028,447.9277999999999,,1593.338,225.80783021164598
