service,protocol,p50,p95,p99,max,rps
trust,http3,34.22,308.46499999999986,,1459.62,55.978597876807534
