service,protocol,p50,p95,p99,max,rps
booking,http1.1,160.792,365.76104999999995,,441.217,44.559697677173624
