service,protocol,p50,p95,p99,max,rps
listings,http2,149.576,489.00399999999945,,1578.86,80.26637369412657
