service,protocol,p50,p95,p99,max,rps
event-layer,http3,165.743,572.3548999999999,,8696.407,33.183753543089495
