service,protocol,p50,p95,p99,max,rps
auth,http3,91.775,311.90829999999994,,1207.491,168.4260559284649
