{
  "source_csv": "/Users/tom/Off-Campus-Housing-Tracker/bench_logs/protocol-comparison.csv",
  "generated_at": "2026-03-26T15:44:23.173Z",
  "model_assumptions": {
    "little_law": "L = lambda * W",
    "mu_estimated_from_avg_waiting": "mu ~= 1 / W_avg",
    "target_utilization_for_safe_rps": 0.8,
    "pool_sizes": [
      10,
      20,
      30
    ]
  },
  "services": [
    {
      "service": "analytics",
      "best_protocol": "http2",
      "protocols": [
        {
          "protocol": "http2",
          "rps": 57.50819441806779,
          "fail_rate": 0,
          "p50_ms": 16.139,
          "p95_ms": 40.869999999999806,
          "max_ms": 634.528,
          "avg_waiting_ms": 23.62841876629018,
          "w_avg_sec": 0.023628418766290182,
          "l_estimated": 1.3588277002033373,
          "mu_estimated_rps_per_slot": 42.32191793666126,
          "utilization_by_pool": {
            "10": 0.13588277002033372,
            "20": 0.06794138501016686,
            "30": 0.04529425667344458
          },
          "predicted_safe_rps_by_pool": {
            "10": 338.57534349329006,
            "20": 677.1506869865801,
            "30": 1015.7260304798701
          },
          "tail_ratio_p95_over_p50": 2.5323749922547747,
          "max_ratio_over_p95": 15.525519941277295,
          "tail_amplification": "high"
        },
        {
          "protocol": "http1.1",
          "rps": 57.19282147672864,
          "fail_rate": 0,
          "p50_ms": 16.787,
          "p95_ms": 60.10739999999999,
          "max_ms": 511.487,
          "avg_waiting_ms": 24.194141484716145,
          "w_avg_sec": 0.024194141484716145,
          "l_estimated": 1.383731214718085,
          "mu_estimated_rps_per_slot": 41.33232008384002,
          "utilization_by_pool": {
            "10": 0.13837312147180847,
            "20": 0.06918656073590423,
            "30": 0.046124373823936166
          },
          "predicted_safe_rps_by_pool": {
            "10": 330.65856067072014,
            "20": 661.3171213414403,
            "30": 991.9756820121604
          },
          "tail_ratio_p95_over_p50": 3.580592124858521,
          "max_ratio_over_p95": 8.509551236619785,
          "tail_amplification": "high"
        }
      ]
    },
    {
      "service": "auth",
      "best_protocol": "http2",
      "protocols": [
        {
          "protocol": "http2",
          "rps": 83.75094213582142,
          "fail_rate": 0,
          "p50_ms": 19.511,
          "p95_ms": 32.276,
          "max_ms": 87.381,
          "avg_waiting_ms": 20.85220820939917,
          "w_avg_sec": 0.02085220820939917,
          "l_estimated": 1.7463920831494901,
          "mu_estimated_rps_per_slot": 47.95655164949141,
          "utilization_by_pool": {
            "10": 0.174639208314949,
            "20": 0.0873196041574745,
            "30": 0.05821306943831634
          },
          "predicted_safe_rps_by_pool": {
            "10": 383.6524131959313,
            "20": 767.3048263918625,
            "30": 1150.9572395877938
          },
          "tail_ratio_p95_over_p50": 1.6542463225872588,
          "max_ratio_over_p95": 2.7073057380096666,
          "tail_amplification": "low"
        },
        {
          "protocol": "http1.1",
          "rps": 81.60475170244482,
          "fail_rate": 0,
          "p50_ms": 21.379,
          "p95_ms": 33.1898,
          "max_ms": 127.785,
          "avg_waiting_ms": 22.80877247706426,
          "w_avg_sec": 0.02280877247706426,
          "l_estimated": 1.8613042146283862,
          "mu_estimated_rps_per_slot": 43.84278027261514,
          "utilization_by_pool": {
            "10": 0.18613042146283862,
            "20": 0.09306521073141931,
            "30": 0.06204347382094621
          },
          "predicted_safe_rps_by_pool": {
            "10": 350.7422421809211,
            "20": 701.4844843618422,
            "30": 1052.2267265427633
          },
          "tail_ratio_p95_over_p50": 1.552448664577389,
          "max_ratio_over_p95": 3.8501286539840556,
          "tail_amplification": "low"
        }
      ]
    },
    {
      "service": "booking",
      "best_protocol": "http1.1",
      "protocols": [
        {
          "protocol": "http1.1",
          "rps": 81.83090607445602,
          "fail_rate": 0,
          "p50_ms": 14.1415,
          "p95_ms": 71.89279999999997,
          "max_ms": 396.516,
          "avg_waiting_ms": 22.666636752136807,
          "w_avg_sec": 0.022666636752136808,
          "l_estimated": 1.8548314230879202,
          "mu_estimated_rps_per_slot": 44.117705283547586,
          "utilization_by_pool": {
            "10": 0.185483142308792,
            "20": 0.092741571154396,
            "30": 0.06182771410293067
          },
          "predicted_safe_rps_by_pool": {
            "10": 352.9416422683807,
            "20": 705.8832845367614,
            "30": 1058.824926805142
          },
          "tail_ratio_p95_over_p50": 5.083817133967398,
          "max_ratio_over_p95": 5.515378452362409,
          "tail_amplification": "high"
        },
        {
          "protocol": "http2",
          "rps": 82.1925063418139,
          "fail_rate": 0,
          "p50_ms": 13.65,
          "p95_ms": 83.81079999999992,
          "max_ms": 545.181,
          "avg_waiting_ms": 22.3488990881459,
          "w_avg_sec": 0.0223488990881459,
          "l_estimated": 1.8369120300349906,
          "mu_estimated_rps_per_slot": 44.744933343513594,
          "utilization_by_pool": {
            "10": 0.18369120300349906,
            "20": 0.09184560150174953,
            "30": 0.061230401001166355
          },
          "predicted_safe_rps_by_pool": {
            "10": 357.95946674810875,
            "20": 715.9189334962175,
            "30": 1073.8784002443263
          },
          "tail_ratio_p95_over_p50": 6.139985347985341,
          "max_ratio_over_p95": 6.504901516272373,
          "tail_amplification": "high"
        }
      ]
    },
    {
      "service": "event-layer",
      "best_protocol": "http1.1",
      "protocols": [
        {
          "protocol": "http1.1",
          "rps": 83.2281380563206,
          "fail_rate": 0,
          "p50_ms": 7.1025,
          "p95_ms": 17.456,
          "max_ms": 586.451,
          "avg_waiting_ms": 10.925067146282968,
          "w_avg_sec": 0.010925067146282968,
          "l_estimated": 0.9092729967254115,
          "mu_estimated_rps_per_slot": 91.53261820823039,
          "utilization_by_pool": {
            "10": 0.09092729967254115,
            "20": 0.045463649836270575,
            "30": 0.030309099890847048
          },
          "predicted_safe_rps_by_pool": {
            "10": 732.2609456658431,
            "20": 1464.5218913316862,
            "30": 2196.7828369975296
          },
          "tail_ratio_p95_over_p50": 2.4577261527631116,
          "max_ratio_over_p95": 33.59595554537122,
          "tail_amplification": "high"
        },
        {
          "protocol": "http2",
          "rps": 83.90098448967065,
          "fail_rate": 0,
          "p50_ms": 7.148,
          "p95_ms": 17.673799999999993,
          "max_ms": 177.367,
          "avg_waiting_ms": 9.414562611275969,
          "w_avg_sec": 0.009414562611275969,
          "l_estimated": 0.7898910716256983,
          "mu_estimated_rps_per_slot": 106.21842365807673,
          "utilization_by_pool": {
            "10": 0.07898910716256984,
            "20": 0.03949455358128492,
            "30": 0.026329702387523274
          },
          "predicted_safe_rps_by_pool": {
            "10": 849.7473892646138,
            "20": 1699.4947785292277,
            "30": 2549.2421677938414
          },
          "tail_ratio_p95_over_p50": 2.472551762730833,
          "max_ratio_over_p95": 10.035589403523863,
          "tail_amplification": "high"
        }
      ]
    },
    {
      "service": "gateway",
      "best_protocol": "http2",
      "protocols": [
        {
          "protocol": "http2",
          "rps": 108.90210374032354,