{
    "root_group": {
        "path": "",
        "id": "d41d8cd98f00b204e9800998ecf8427e",
        "groups": {},
        "checks": {
                "200": {
                    "name": "200",
                    "path": "::200",
                    "id": "4230b0c1b1cb609da348fcf04ffd96f4",
                    "passes": 19411,
                    "fails": 0
                }
            },
        "name": ""
    },
    "metrics": {
        "http_req_sending": {
            "avg": 0.06547643088970143,
            "min": 0.011,
            "med": 0.055,
            "max": 8.4,
            "p(90)": 0.107,
            "p(95)": 0.123
        },
        "http_req_receiving": {
            "avg": 0.05422245118747062,
            "min": 0.009,
            "med": 0.038,
            "max": 11.449,
            "p(90)": 0.086,
            "p(95)": 0.132
        },
        "iteration_duration": {
            "avg": 61.82923613286259,
            "min": 51.386083,
            "med": 54.508416,
            "max": 655.040708,
            "p(90)": 79.072041,
            "p(95)": 96.09243699999999
        },
        "http_req_tls_handshaking": {
            "min": 0,
            "med": 0,
            "max": 37.676,
            "p(90)": 0,
            "p(95)": 0,
            "avg": 0.027721858739889756
        },
        "http_req_waiting": {
            "med": 4.016,
            "max": 604.72,
            "p(90)": 28.342,
            "p(95)": 45.18699999999996,
            "avg": 11.25892313636604,
            "min": 0.071
        },
        "data_sent": {
            "count": 755067,
            "rate": 12571.407165066244
        },
        "http_reqs": {
            "count": 19411,
            "rate": 323.1813659994423
        },
        "http_req_blocked": {
            "p(95)": 0.001,
            "avg": 0.08576796661685522,
            "min": 0,
            "med": 0,
            "max": 93.508,
            "p(90)": 0.001
        },
        "http_req_failed": {
            "passes": 0,
            "fails": 19411,
            "thresholds": {
                "rate<0.05": false
            },
            "value": 0
        },
        "vus": {
            "value": 20,
            "min": 20,
            "max": 20
        },
        "http_req_duration": {
            "p(95)": 45.329999999999956,
            "avg": 11.378622018443197,
            "min": 1.183,
            "med": 4.133,
            "max": 604.831,
            "p(90)": 28.504,
            "thresholds": {
                "p(100)<4000": false,
                "p(50)<250": false,
                "p(95)<500": false,
                "p(99)<1000": false
            }
        },
        "http_req_duration{expected_response:true}": {
            "min": 1.183,
            "med": 4.133,
            "max": 604.831,
            "p(90)": 28.504,
            "p(95)": 45.329999999999956,
            "avg": 11.378622018443197
        },
        "http_req_connecting": {
            "avg": 0.002419452887537994,
            "min": 0,
            "med": 0,
            "max": 3.586,
            "p(90)": 0,
            "p(95)": 0
        },
        "iterations": {
            "count": 19411,
            "rate": 323.1813659994423
        },
        "checks": {
            "passes": 19411,
            "fails": 0,
            "value": 1
        },
        "data_received": {
            "count": 1919736,
            "rate": 31962.438969569073
        },
        "vus_max": {
            "min": 20,
            "max": 20,
            "value": 20
        }
    }
}