service,protocol,p50,p95,p99,max,rps
event-layer,http2,49.419,214.6743999999997,,1231.258,148.2866179506337
