service,protocol,p50,p95,p99,max,rps
trust,http3,53.4995,561.0923499999997,,4756.945,88.17452353357204
