service,protocol,p50,p95,p99,max,rps
analytics,http3,101.67099999999999,365.9694999999998,,2150.554,45.49080009255781
