{
    "metrics": {
        "http_req_receiving": {
            "p(95)": 0.196,
            "avg": 0.07585230540866437,
            "min": 0.013,
            "med": 0.049,
            "max": 5.945,
            "p(90)": 0.12620000000000023
        },
        "http_req_waiting": {
            "min": 1.532,
            "med": 72.906,
            "max": 949.393,
            "p(90)": 233.0468,
            "p(95)": 309.27219999999994,
            "avg": 106.62078328230804
        },
        "checks": {
            "passes": 10779,
            "fails": 0,
            "value": 1
        },
        "vus": {
            "value": 30,
            "min": 30,
            "max": 30
        },
        "event_layer_adversarial_accepted": {
            "passes": 3569,
            "fails": 0,
            "thresholds": {
                "rate>0.70": false
            },
            "value": 1
        },
        "http_req_duration": {
            "p(95)": 309.47599999999994,
            "avg": 106.78091474162702,
            "min": 1.591,
            "med": 73.13,
            "max": 949.539,
            "p(90)": 233.1714,
            "thresholds": {
                "p(95)<2500": false,
                "p(99)<6000": false,
                "p(100)<15000": false
            }
        },
        "data_sent": {
            "count": 7032077,
            "rate": 116824.99586290869
        },
        "http_req_duration{expected_response:true}": {
            "avg": 106.78091474162702,
            "min": 1.591,
            "med": 73.13,
            "max": 949.539,
            "p(90)": 233.1714,
            "p(95)": 309.47599999999994
        },
        "http_req_tls_handshaking": {
            "avg": 0.07206902310047314,
            "min": 0,
            "med": 0,
            "max": 39.257,
            "p(90)": 0,
            "p(95)": 0
        },
        "data_received": {
            "count": 1332108,
            "rate": 22130.518705774633
        },
        "iterations": {
            "count": 10779,
            "rate": 179.07321413094493
        },
        "http_req_sending": {
            "p(95)": 0.173,
            "avg": 0.08427915391038085,
            "min": 0.016,
            "med": 0.066,
            "max": 3.271,
            "p(90)": 0.142
        },
        "http_req_blocked": {
            "p(90)": 0.001,
            "p(95)": 0.001,
            "avg": 0.09446878189070369,
            "min": 0,
            "med": 0,
            "max": 48.173
        },
        "vus_max": {
            "max": 30,
            "value": 30,
            "min": 30
        },
        "http_req_connecting": {
            "avg": 0.010933945635031079,
            "min": 0,
            "med": 0,
            "max": 5.077,
            "p(90)": 0,
            "p(95)": 0
        },
        "iteration_duration": {
            "p(95)": 370.55850799999996,
            "avg": 167.23509642425034,
            "min": 23.658083,
            "med": 137.519708,
            "max": 996.966875,
            "p(90)": 293.2425166
        },
        "http_req_failed": {
            "passes": 0,
            "fails": 10779,
            "thresholds": {
                "rate<0.15": false
            },
            "value": 0
        },
        "http_reqs": {
            "count": 10779,
            "rate": 179.07321413094493
        }
    },
    "root_group": {
        "path": "",
        "id": "d41d8cd98f00b204e9800998ecf8427e",
        "groups": {},
        "checks": {
                "gw": {
                    "name": "gw",
                    "path": "::gw",
                    "id": "4bed004c615ee0454c506a21f65ee38c",
                    "passes": 1810,
                    "fails": 0
                },
                "msg": {
                    "name": "msg",
                    "path": "::msg",
                    "id": "e4e5993c90ae2728fc677fea56e9a3e2",
                    "passes": 3605,
                    "fails": 0
                },
                "book": {
                    "passes": 1795,
                    "fails": 0,
                    "name": "book",
                    "path": "::book",
                    "id": "c32672b9a002ce46d620b0d99dc456c3"
                },
                "long_q": {
                    "name": "long_q",
                    "path": "::long_q",
                    "id": "3fc9e807932e8b458afd34be1f335357",
                    "passes": 1786,
                    "fails": 0
                },
                "bad_json": {
                    "name": "bad_json",
                    "path": "::bad_json",
                    "id": "922dc211d6d29f52a417f71333d4ff40",
                    "passes": 1783,
                    "fails": 0
                }
            },
        "name": ""
    }
}