service,protocol,p50,p95,p99,max,rps
gateway,http1.1,128.148,365.01959999999997,,7774.736,254.11813151540443
