service,protocol,p50,p95,p99,max,rps
event-layer,http2,29.3445,170.30944999999983,,1161.694,175.1995240562673
