service,protocol,p50,p95,p99,max,rps
trust,http1.1,224.23649999999998,977.2141499999993,,2917.541,122.46912157221536
