service,protocol,p50,p95,p99,max,rps
trust,http2,20.628,203.82249999999988,,1073.369,73.60300020351394
