service,protocol,p50,p95,p99,max,rps
event-layer,http1.1,158.04899999999998,510.01999999999987,,6719.182,139.36190102701272
