{
    "root_group": {
        "id": "d41d8cd98f00b204e9800998ecf8427e",
        "groups": {},
        "checks": {
                "200": {
                    "name": "200",
                    "path": "::200",
                    "id": "4230b0c1b1cb609da348fcf04ffd96f4",
                    "passes": 4861,
                    "fails": 0
                }
            },
        "name": "",
        "path": ""
    },
    "metrics": {
        "data_received": {
            "count": 5479473,
            "rate": 91196.46001209001
        },
        "http_req_duration{expected_response:true}": {
            "avg": 42.84410388808885,
            "min": 5.112,
            "med": 16.127,
            "max": 2283.713,
            "p(90)": 104.305,
            "p(95)": 132.284
        },
        "http_req_tls_handshaking": {
            "p(90)": 0,
            "p(95)": 0,
            "avg": 0.03953754371528492,
            "min": 0,
            "med": 0,
            "max": 26.675
        },
        "http_req_blocked": {
            "avg": 0.0532690804361198,
            "min": 0.001,
            "med": 0.005,
            "max": 30.595,
            "p(90)": 0.008,
            "p(95)": 0.009
        },
        "iterations": {
            "count": 4861,
            "rate": 80.9030343098268
        },
        "http_req_waiting": {
            "max": 2283.558,
            "p(90)": 104.187,
            "p(95)": 132.186,
            "avg": 42.76260625385728,
            "min": 5.064,
            "med": 16.031
        },
        "vus_max": {
            "value": 10,
            "min": 10,
            "max": 10
        },
        "http_req_duration": {
            "p(90)": 104.305,
            "p(95)": 132.284,
            "avg": 42.84410388808885,
            "min": 5.112,
            "med": 16.127,
            "max": 2283.713,
            "thresholds": {
                "p(99)<4000": false,
                "p(100)<8000": false,
                "p(95)<1200": false
            }
        },
        "http_req_sending": {
            "med": 0.017,
            "max": 2.282,
            "p(90)": 0.029,
            "p(95)": 0.035,
            "avg": 0.020555441267229458,
            "min": 0.004
        },
        "http_req_receiving": {
            "min": 0.016,
            "med": 0.052,
            "max": 2.133,
            "p(90)": 0.094,
            "p(95)": 0.11,
            "avg": 0.06094219296441056
        },
        "http_req_connecting": {
            "med": 0,
            "max": 0.968,
            "p(90)": 0,
            "p(95)": 0,
            "avg": 0.0017247479942398684,
            "min": 0
        },
        "vus": {
            "value": 10,
            "min": 10,
            "max": 10
        },
        "checks": {
            "passes": 4861,
            "fails": 0,
            "value": 1
        },
        "http_req_failed": {
            "passes": 0,
            "fails": 4861,
            "thresholds": {
                "rate<0.05": false
            },
            "value": 0
        },
        "http_reqs": {
            "count": 4861,
            "rate": 80.9030343098268
        },
        "iteration_duration": {
            "avg": 123.45210096338215,
            "min": 85.385708,
            "med": 96.709,
            "max": 2364.498542,
            "p(90)": 184.763917,
            "p(95)": 212.981875
        },
        "data_sent": {
            "count": 905353,
            "rate": 15068.052833059992
        }
    }
}