service,protocol,p50,p95,p99,max,rps
booking,http1.1,415.35,1365.8825999999992,,2293.521,34.19259857904171
