{
    "root_group": {
        "path": "",
        "id": "d41d8cd98f00b204e9800998ecf8427e",
        "groups": {},
        "checks": {
                "media health": {
                    "path": "::media health",
                    "id": "841f137838968c18a16538aa00c03cc0",
                    "passes": 900,
                    "fails": 1,
                    "name": "media health"
                }
            },
        "name": ""
    },
    "metrics": {
        "iterations": {
            "count": 901,
            "rate": 14.961216905862926
        },
        "http_req_connecting": {
            "avg": 0.0075338512763596,
            "min": 0,
            "med": 0,
            "max": 1.443,
            "p(90)": 0,
            "p(95)": 0
        },
        "http_req_duration{expected_response:true}": {
            "avg": 109.04130666666674,
            "min": 7.029,
            "med": 84.7485,
            "max": 711.812,
            "p(90)": 213.3163,
            "p(95)": 271.9954
        },
        "errors": {
            "passes": 1,
            "fails": 900,
            "thresholds": {
                "rate<0.05": false
            },
            "value": 0.0011098779134295228
        },
        "http_req_tls_handshaking": {
            "med": 0,
            "max": 21.474,
            "p(90)": 0,
            "p(95)": 0,
            "avg": 0.07161709211986682,
            "min": 0
        },
        "http_req_sending": {
            "p(95)": 0.173,
            "avg": 0.0990532741398446,
            "min": 0.033,
            "med": 0.081,
            "max": 2.58,
            "p(90)": 0.146
        },
        "data_sent": {
            "count": 51437,
            "rate": 854.1177735703345
        },
        "iteration_duration": {
            "avg": 210.68480669256382,
            "min": 108.159625,
            "med": 185.92625,
            "max": 813.48175,
            "p(90)": 314.973583,
            "p(95)": 373.766417
        },
        "vus": {
            "value": 2,
            "min": 1,
            "max": 9
        },
        "http_req_receiving": {
            "min": 0.027,
            "med": 0.069,
            "max": 1.59,
            "p(90)": 0.132,
            "p(95)": 0.197,
            "avg": 0.08644173140954477
        },
        "http_req_waiting": {
            "max": 711.559,
            "p(90)": 213.161,
            "p(95)": 271.972,
            "avg": 109.25593562708097,
            "min": 6.854,
            "med": 84.615
        },
        "checks": {
            "passes": 900,
            "fails": 1,
            "value": 0.9988901220865705
        },
        "data_received": {
            "count": 169298,
            "rate": 2811.214317124064
        },
        "vus_max": {
            "value": 10,
            "min": 10,
            "max": 10
        },
        "http_reqs": {
            "count": 901,
            "rate": 14.961216905862926
        },
        "http_req_blocked": {
            "med": 0.001,
            "max": 31.812,
            "p(90)": 0.001,
            "p(95)": 0.001,
            "avg": 0.09126526082131206,
            "min": 0
        },
        "http_req_duration": {
            "p(90)": 213.319,
            "p(95)": 272.136,
            "avg": 109.4414306326305,
            "min": 7.029,
            "med": 84.778,
            "max": 711.812,
            "thresholds": {
                "p(95)<600": false,
                "p(99)<2500": false,
                "p(100)<10000": false
            }
        },
        "http_req_failed": {
            "passes": 1,
            "fails": 900,
            "thresholds": {
                "rate<0.05": false
            },
            "value": 0.0011098779134295228
        }
    }
}