{
    "root_group": {
        "groups": {},
        "checks": {
                "messaging health": {
                    "passes": 1193,
                    "fails": 0,
                    "name": "messaging health",
                    "path": "::messaging health",
                    "id": "5283f4bcb8950a4997d5f15646378010"
                }
            },
        "name": "",
        "path": "",
        "id": "d41d8cd98f00b204e9800998ecf8427e"
    },
    "metrics": {
        "errors": {
            "passes": 0,
            "fails": 1193,
            "thresholds": {
                "rate<0.02": false
            },
            "value": 0
        },
        "http_reqs": {
            "count": 1193,
            "rate": 19.784963812256382
        },
        "vus": {
            "value": 8,
            "min": 2,
            "max": 16
        },
        "http_req_duration": {
            "avg": 41.515781223805625,
            "min": 6.802,
            "med": 16.738,
            "max": 1552.5,
            "p(90)": 68.35920000000002,
            "p(95)": 123.01439999999994,
            "thresholds": {
                "p(95)<500": false,
                "p(99)<2000": false,
                "p(100)<8000": false
            }
        },
        "http_req_receiving": {
            "avg": 0.13682648784576706,
            "min": 0.026,
            "med": 0.08,
            "max": 15.214,
            "p(90)": 0.19980000000000003,
            "p(95)": 0.34519999999999934
        },
        "data_received": {
            "count": 186250,
            "rate": 3088.8093126846197
        },
        "http_req_tls_handshaking": {
            "max": 53.046,
            "p(90)": 0,
            "p(95)": 0,
            "avg": 0.17414585079631179,
            "min": 0,
            "med": 0
        },
        "http_req_blocked": {
            "med": 0,
            "max": 67.427,
            "p(90)": 0.001,
            "p(95)": 0.001,
            "avg": 0.22066219614416893,
            "min": 0
        },
        "iteration_duration": {
            "p(90)": 171.6872836000001,
            "p(95)": 223.75415779999994,
            "avg": 142.76938295138316,
            "min": 107.554916,
            "med": 117.656291,
            "max": 1653.370083
        },
        "vus_max": {
            "value": 17,
            "min": 10,
            "max": 17
        },
        "dropped_iterations": {
            "count": 7,
            "rate": 0.11608947752371725
        },
        "iterations": {
            "count": 1193,
            "rate": 19.784963812256382
        },
        "data_sent": {
            "count": 74367,
            "rate": 1233.3180250008973
        },
        "checks": {
            "passes": 1193,
            "fails": 0,
            "value": 1
        },
        "http_req_duration{expected_response:true}": {
            "p(90)": 68.35920000000002,
            "p(95)": 123.01439999999994,
            "avg": 41.515781223805625,
            "min": 6.802,
            "med": 16.738,
            "max": 1552.5
        },
        "http_req_failed": {
            "passes": 0,
            "fails": 1193,
            "thresholds": {
                "rate<0.02": false
            },
            "value": 0
        },
        "http_req_connecting": {
            "avg": 0.03600586756077117,
            "min": 0,
            "med": 0,
            "max": 12.779,
            "p(90)": 0,
            "p(95)": 0
        },
        "http_req_sending": {
            "max": 7.159,
            "p(90)": 0.21480000000000002,
            "p(95)": 0.318,
            "avg": 0.15738558256496216,
            "min": 0.056,
            "med": 0.108
        },
        "http_req_waiting": {
            "avg": 41.22156915339487,
            "min": 6.523,
            "med": 16.527,
            "max": 1552.196,
            "p(90)": 68.18540000000002,
            "p(95)": 122.71519999999997
        }
    }
}