service,protocol,p50,p95,p99,max,rps
auth,http1.1,247.632,486.9599999999998,,4882.635,144.40013725075997
