{
  "root_group": {
    "name": "",
    "path": "",
    "id": "d41d8cd98f00b204e9800998ecf8427e",
    "groups": {},
    "checks": {
      "200": {
        "fails": 10,
        "name": "200",
        "path": "::200",
        "id": "4230b0c1b1cb609da348fcf04ffd96f4",
        "passes": 108
      }
    }
  },
  "metrics": {
    "vus": {
      "min": 10,
      "max": 10,
      "value": 10
    },
    "http_req_failed": {
      "passes": 10,
      "fails": 108,
      "thresholds": {
        "rate<0.08": true
      },
      "value": 0.0847457627118644
    },
    "http_req_duration": {
      "max": 5135.487,
      "p(90)": 2908.1129,
      "p(95)": 5115.726549999999,
      "avg": 802.3104067796614,
      "min": 36.713,
      "med": 151.44150000000002,
      "thresholds": {
        "p(95)<800": true,
        "p(99)<3000": true,
        "p(100)<8000": false
      }
    },
    "checks": {
      "passes": 108,
      "fails": 10,
      "value": 0.9152542372881356
    },
    "iterations": {
      "rate": 11.579698551006805,
      "count": 118
    },
    "http_req_blocked": {
      "avg": 2.9109322033898213,
      "min": 0,
      "med": 0,
      "max": 38.26,
      "p(90)": 0.001,
      "p(95)": 33.793049999999994
    },
    "data_sent": {
      "count": 22156,
      "rate": 2174.2356025093795
    },
    "http_req_connecting": {
      "max": 1.241,
      "p(90)": 0,
      "p(95)": 1.1865,
      "avg": 0.10077118644067798,
      "min": 0,
      "med": 0
    },
    "http_reqs": {
      "count": 118,
      "rate": 11.579698551006805
    },
    "http_req_tls_handshaking": {
      "p(90)": 0,
      "p(95)": 26.732299999999995,
      "avg": 2.3086355932203393,
      "min": 0,
      "med": 0,
      "max": 31.156
    },
    "http_req_receiving": {
      "min": 0.022,
      "med": 0.065,
      "max": 1.326,
      "p(90)": 0.2453,
      "p(95)": 0.3630499999999993,
      "avg": 0.1219745762711865
    },
    "iteration_duration": {
      "max": 5217.022542,
      "p(90)": 2958.8701543,
      "p(95)": 5202.8789312,
      "avg": 855.884252135593,
      "min": 87.387417,
      "med": 201.73877099999999
    },
    "http_req_sending": {
      "med": 0.072,
      "max": 0.313,
      "p(90)": 0.114,
      "p(95)": 0.15339999999999993,
      "avg": 0.08090677966101702,
      "min": 0.03
    },
    "http_req_waiting": {
      "med": 151.318,
      "max": 5134.094,
      "p(90)": 2907.8629,
      "p(95)": 5115.500050000001,
      "avg": 802.107525423729,
      "min": 36.566
    },
    "data_received": {
      "count": 42775,
      "rate": 4197.640724739967
    },
    "vus_max": {
      "value": 10,
      "min": 10,
      "max": 10
    },
    "http_req_duration{expected_response:true}": {
      "avg": 402.54056481481496,
      "min": 36.713,
      "med": 142.1165,
      "max": 2919.461,
      "p(90)": 323.625,
      "p(95)": 2885.5019499999994
    }
  },
  "k6_matrix_warning": "k6 thresholds crossed; metrics preserved (exit 99)",
  "k6_matrix_status": "thresholds_crossed_with_metrics",
  "k6_matrix_exit_code": 99
}
