service,protocol,p50,p95,p99,max,rps
listings,http1.1,190.863,1027.6707999999996,,1351.731,30.441238361398383
