service,protocol,p50,p95,p99,max,rps
trust,http3,192.04,914.4199999999997,,3167.39,104.59204870390141
