service,protocol,p50,p95,p99,max,rps
auth,http1.1,1.214,5.874399999999988,,1298.783,152.19600576341543
