{
  "metrics": {
    "iterations": {
      "count": 11596,
      "rate": 193.1199180595985
    },
    "vus_max": {
      "max": 60,
      "value": 60,
      "min": 60
    },
    "http_req_sending": {
      "p(90)": 0.028,
      "p(95)": 0.043,
      "avg": 0.018005174197998113,
      "min": 0.002,
      "med": 0.01,
      "max": 2.312
    },
    "checks": {
      "fails": 7303,
      "passes": 4293,
      "value": 0.3702138668506382
    },
    "vus": {
      "value": 60,
      "min": 60,
      "max": 60
    },
    "http_req_blocked": {
      "avg": 0.4674906002070286,
      "min": 0,
      "med": 0.003,
      "max": 130.942,
      "p(90)": 0.007,
      "p(95)": 0.009249999999999484
    },
    "http_req_duration{expected_response:true}": {
      "min": 54.696,
      "med": 287.741,
      "max": 14003.577,
      "p(90)": 946.8038000000001,
      "p(95)": 1393.5392,
      "avg": 582.1206151875148
    },
    "http_reqs": {
      "count": 11596,
      "rate": 193.1199180595985
    },
    "http_req_tls_handshaking": {
      "avg": 0.3494700758882374,
      "min": 0,
      "med": 0,
      "max": 110.953,
      "p(90)": 0,
      "p(95)": 0
    },
    "http_req_duration": {
      "avg": 229.58365677819927,
      "min": 0.256,
      "med": 3.426,
      "max": 15001.442,
      "p(90)": 463.577,
      "p(95)": 819.5567499999995,
      "thresholds": {
        "p(95)<800": true,
        "p(99)<2000": false,
        "p(100)<5000": true
      }
    },
    "http_req_connecting": {
      "p(95)": 0,
      "avg": 0.09148620213866851,
      "min": 0,
      "med": 0,
      "max": 21.268,
      "p(90)": 0
    },
    "http_req_waiting": {
      "min": 0.232,
      "med": 3.3745000000000003,
      "max": 15001.429,
      "p(90)": 463.4465,
      "p(95)": 819.5022499999995,
      "avg": 229.5240852880298
    },
    "iteration_duration": {
      "avg": 310.5431988804772,
      "min": 80.349167,
      "med": 84.043,
      "max": 15082.425625,
      "p(90)": 545.4315415000001,
      "p(95)": 900.6428752499999
    },
    "data_sent": {
      "count": 2385564,
      "rate": 39729.21043514385
    },
    "data_received": {
      "count": 5850106,
      "rate": 97427.73295618882
    },
    "http_req_failed": {
      "passes": 7303,
      "fails": 4293,
      "thresholds": {
        "rate<0.05": true
      },
      "value": 0.6297861331493618
    },
    "http_req_receiving": {
      "p(90)": 0.084,
      "p(95)": 0.108,
      "avg": 0.04156631597102305,
      "min": 0,
      "med": 0.027,
      "max": 4.183
    }
  },
  "root_group": {
    "name": "",
    "path": "",
    "id": "d41d8cd98f00b204e9800998ecf8427e",
    "groups": {},
    "checks": {
      "200": {
        "fails": 7303,
        "name": "200",
        "path": "::200",
        "id": "4230b0c1b1cb609da348fcf04ffd96f4",
        "passes": 4293
      }
    }
  },
  "k6_matrix_warning": "k6 thresholds crossed; metrics preserved (exit 99)",
  "k6_matrix_status": "thresholds_crossed_with_metrics",
  "k6_matrix_exit_code": 99
}
