service,protocol,p50,p95,p99,max,rps
booking,http2,260.36,780.8930999999999,,1446.142,103.90842702326776
