service,protocol,p50,p95,p99,max,rps
analytics,http1.1,83.78800000000001,333.54955,,1492.988,99.38652119468965
