{
    "metrics": {
        "checks": {
            "passes": 8917,
            "fails": 3,
            "value": 0.9996636771300449
        },
        "iteration_duration": {
            "p(95)": 278.4899562499999,
            "avg": 134.6895100965245,
            "min": 23.615958,
            "med": 115.356813,
            "max": 1289.770583,
            "p(90)": 223.8432625
        },
        "event_layer_adversarial_accepted": {
            "passes": 2959,
            "fails": 0,
            "thresholds": {
                "rate>0.70": false
            },
            "value": 1
        },
        "http_req_tls_handshaking": {
            "min": 0,
            "med": 0,
            "max": 24.659,
            "p(90)": 0,
            "p(95)": 0,
            "avg": 0.03867937219730942
        },
        "http_req_failed": {
            "passes": 0,
            "fails": 8920,
            "thresholds": {
                "rate<0.15": false
            },
            "value": 0
        },
        "vus": {
            "value": 20,
            "min": 20,
            "max": 20
        },
        "http_reqs": {
            "count": 8920,
            "rate": 148.2866179506337
        },
        "data_received": {
            "count": 1079512,
            "rate": 17945.872591605887
        },
        "iterations": {
            "count": 8920,
            "rate": 148.2866179506337
        },
        "http_req_duration": {
            "med": 49.419,
            "max": 1231.258,
            "p(90)": 159.1061000000001,
            "p(95)": 214.6743999999997,
            "avg": 74.03624719730954,
            "min": 1.526,
            "thresholds": {
                "p(99)<6000": false,
                "p(100)<15000": false,
                "p(95)<2500": false
            }
        },
        "http_req_connecting": {
            "avg": 0.009086771300448432,
            "min": 0,
            "med": 0,
            "max": 5.953,
            "p(90)": 0,
            "p(95)": 0
        },
        "http_req_receiving": {
            "avg": 0.06895336322869876,
            "min": 0.013,
            "med": 0.049,
            "max": 22.576,
            "p(90)": 0.104,
            "p(95)": 0.1560499999999996
        },
        "http_req_duration{expected_response:true}": {
            "avg": 74.03624719730954,
            "min": 1.526,
            "med": 49.419,
            "max": 1231.258,
            "p(90)": 159.1061000000001,
            "p(95)": 214.6743999999997
        },
        "http_req_blocked": {
            "p(90)": 0.001,
            "p(95)": 0.001,
            "avg": 0.05514551569505513,
            "min": 0,
            "med": 0.001,
            "max": 32.477
        },
        "vus_max": {
            "value": 20,
            "min": 20,
            "max": 20
        },
        "http_req_sending": {
            "med": 0.075,
            "max": 4.645,
            "p(90)": 0.143,
            "p(95)": 0.169,
            "avg": 0.087577130044843,
            "min": 0.016
        },
        "http_req_waiting": {
            "p(95)": 214.5292499999997,
            "avg": 73.879716704036,
            "min": 1.446,
            "med": 49.236999999999995,
            "max": 1231.067,
            "p(90)": 158.97920000000008
        },
        "data_sent": {
            "count": 5812978,
            "rate": 96635.29684321064
        }
    },
    "root_group": {
        "name": "",
        "path": "",
        "id": "d41d8cd98f00b204e9800998ecf8427e",
        "groups": {},
        "checks": {
                "gw": {
                    "passes": 1494,
                    "fails": 0,
                    "name": "gw",
                    "path": "::gw",
                    "id": "4bed004c615ee0454c506a21f65ee38c"
                },
                "msg": {
                    "id": "e4e5993c90ae2728fc677fea56e9a3e2",
                    "passes": 2979,
                    "fails": 1,
                    "name": "msg",
                    "path": "::msg"
                },
                "book": {
                    "name": "book",
                    "path": "::book",
                    "id": "c32672b9a002ce46d620b0d99dc456c3",
                    "passes": 1485,
                    "fails": 2
                },
                "long_q": {
                    "name": "long_q",
                    "path": "::long_q",
                    "id": "3fc9e807932e8b458afd34be1f335357",
                    "passes": 1482,
                    "fails": 0
                },
                "bad_json": {
                    "path": "::bad_json",
                    "id": "922dc211d6d29f52a417f71333d4ff40",
                    "passes": 1477,
                    "fails": 0,
                    "name": "bad_json"
                }
            }
    }
}