service,protocol,p50,p95,p99,max,rps
event-layer,http2,11.354,93.88249999999988,,1160.65,113.78868515676206
