service,protocol,p50,p95,p99,max,rps
auth,http3,1.59,125.8887999999999,,10880.215,101.36828033515293
