service,protocol,p50,p95,p99,max,rps
messaging,http2,259.57899999999995,2774.7795,,9355.474,17.883521221415222
