service,protocol,p50,p95,p99,max,rps
event-layer,http1.1,236.3185,615.1427499999999,,2766.309,147.27885599874392
