service,protocol,p50,p95,p99,max,rps
auth,http2,1.517,6.6985499999999965,,41.82,187.95695169227886
