service,protocol,p50,p95,p99,max,rps
booking,http1.1,137.185,465.86079999999987,,1655.964,92.12492552375865
