service,protocol,p50,p95,p99,max,rps
auth,http3,107.358,218.70739999999998,,698.302,289.6516176378461
