{
    "metrics": {
        "http_req_duration": {
            "min": 7.521,
            "med": 14.5165,
            "max": 299.079,
            "p(90)": 34.024300000000004,
            "p(95)": 45.42559999999999,
            "avg": 20.036653333333355,
            "thresholds": {
                "p(95)<600": false,
                "p(99)<2500": false,
                "p(100)<10000": false
            }
        },
        "errors": {
            "passes": 0,
            "fails": 900,
            "thresholds": {
                "rate<0.05": false
            },
            "value": 0
        },
        "vus_max": {
            "value": 30,
            "min": 30,
            "max": 30
        },
        "http_req_blocked": {
            "avg": 0.24089333333333712,
            "min": 0,
            "med": 0.001,
            "max": 11.991,
            "p(90)": 0.001,
            "p(95)": 0.002
        },
        "http_req_waiting": {
            "p(90)": 33.6298,
            "p(95)": 45.14729999999999,
            "avg": 19.712559999999993,
            "min": 7.415,
            "med": 14.238,
            "max": 298.827
        },
        "http_req_receiving": {
            "med": 0.084,
            "max": 4.452,
            "p(90)": 0.144,
            "p(95)": 0.224,
            "avg": 0.1127222222222219,
            "min": 0.035
        },
        "data_received": {
            "count": 224944,
            "rate": 3746.21392476296
        },
        "http_req_failed": {
            "passes": 0,
            "fails": 900,
            "thresholds": {
                "rate<0.05": false
            },
            "value": 0
        },
        "checks": {
            "passes": 900,
            "fails": 0,
            "value": 1
        },
        "iteration_duration": {
            "max": 399.644708,
            "p(90)": 136.60192909999998,
            "p(95)": 147.0609931,
            "avg": 121.57043119222232,
            "min": 108.677334,
            "med": 116.0505205
        },
        "http_req_sending": {
            "avg": 0.2113711111111111,
            "min": 0.064,
            "med": 0.173,
            "max": 2.582,
            "p(90)": 0.313,
            "p(95)": 0.39904999999999996
        },
        "http_req_connecting": {
            "avg": 0.031892222222222225,
            "min": 0,
            "med": 0,
            "max": 2.217,
            "p(90)": 0,
            "p(95)": 0
        },
        "http_reqs": {
            "rate": 14.988586191615084,
            "count": 900
        },
        "iterations": {
            "count": 900,
            "rate": 14.988586191615084
        },
        "vus": {
            "value": 1,
            "min": 1,
            "max": 5
        },
        "http_req_duration{expected_response:true}": {
            "avg": 20.036653333333355,
            "min": 7.521,
            "med": 14.5165,
            "max": 299.079,
            "p(90)": 34.024300000000004,
            "p(95)": 45.42559999999999
        },
        "data_sent": {
            "count": 86550,
            "rate": 1441.4023720936507
        },
        "http_req_tls_handshaking": {
            "min": 0,
            "med": 0,
            "max": 10.5,
            "p(90)": 0,
            "p(95)": 0,
            "avg": 0.20072
        }
    },
    "root_group": {
        "name": "",
        "path": "",
        "id": "d41d8cd98f00b204e9800998ecf8427e",
        "groups": {},
        "checks": {
                "media health": {
                    "name": "media health",
                    "path": "::media health",
                    "id": "841f137838968c18a16538aa00c03cc0",
                    "passes": 900,
                    "fails": 0
                }
            }
    }
}