{
    "metrics": {
        "iteration_duration": {
            "max": 765.933583,
            "p(90)": 105.94341670000001,
            "p(95)": 133.11724585,
            "avg": 72.0119181522804,
            "min": 51.299042,
            "med": 59.288686999999996
        },
        "vus": {
            "max": 30,
            "value": 30,
            "min": 30
        },
        "http_req_receiving": {
            "avg": 0.05789771999999833,
            "min": 0.011,
            "med": 0.038,
            "max": 18.405,
            "p(90)": 0.088,
            "p(95)": 0.14
        },
        "checks": {
            "passes": 25000,
            "fails": 0,
            "value": 1
        },
        "http_req_blocked": {
            "avg": 0.10972956000009325,
            "min": 0,
            "med": 0,
            "max": 117.41,
            "p(90)": 0.001,
            "p(95)": 0.001
        },
        "http_req_failed": {
            "passes": 0,
            "fails": 25000,
            "thresholds": {
                "rate<0.05": false
            },
            "value": 0
        },
        "http_req_duration": {
            "avg": 21.573243599999966,
            "min": 1.179,
            "med": 8.9825,
            "max": 605.138,
            "p(90)": 55.5581,
            "p(95)": 82.67229999999999,
            "thresholds": {
                "p(50)<250": false,
                "p(95)<500": false,
                "p(99)<1000": false,
                "p(100)<4000": false
            }
        },
        "http_reqs": {
            "count": 25000,
            "rate": 416.29434687929603
        },
        "http_req_tls_handshaking": {
            "max": 93.641,
            "p(90)": 0,
            "p(95)": 0,
            "avg": 0.08112484,
            "min": 0,
            "med": 0
        },
        "iterations": {
            "count": 25000,
            "rate": 416.29434687929603
        },
        "vus_max": {
            "value": 30,
            "min": 30,
            "max": 30
        },
        "http_req_connecting": {
            "avg": 0.022410839999999998,
            "min": 0,
            "med": 0,
            "max": 19.734,
            "p(90)": 0,
            "p(95)": 0
        },
        "data_received": {
            "count": 2492642,
            "rate": 41506.91093575609
        },
        "http_req_duration{expected_response:true}": {
            "max": 605.138,
            "p(90)": 55.5581,
            "p(95)": 82.67229999999999,
            "avg": 21.573243599999966,
            "min": 1.179,
            "med": 8.9825
        },
        "http_req_sending": {
            "p(90)": 0.102,
            "p(95)": 0.118,
            "avg": 0.06358176000000036,
            "min": 0.013,
            "med": 0.053,
            "max": 7.05
        },
        "http_req_waiting": {
            "min": 1.092,
            "med": 8.873000000000001,
            "max": 605.004,
            "p(90)": 55.41290000000001,
            "p(95)": 82.53314999999999,
            "avg": 21.451764120000014
        },
        "data_sent": {
            "count": 980290,
            "rate": 16323.567412092205
        }
    },
    "root_group": {
        "name": "",
        "path": "",
        "id": "d41d8cd98f00b204e9800998ecf8427e",
        "groups": {},
        "checks": {
                "200": {
                    "name": "200",
                    "path": "::200",
                    "id": "4230b0c1b1cb609da348fcf04ffd96f4",
                    "passes": 25000,
                    "fails": 0
                }
            }
    }
}