service,protocol,p50,p95,p99,max,rps
booking,http3,30.408,150.81259999999997,,1068.225,98.77577270704779
