service,protocol,p50,p95,p99,max,rps
listings,http1.1,161.376,717.8862999999998,,2594.042,133.05572752389304
