service,protocol,p50,p95,p99,max,rps
gateway,http2,4.133,45.329999999999956,,604.831,323.1813659994423
