service,protocol,p50,p95,p99,max,rps
booking,http3,163.737,526.4483999999998,,1259.67,32.69546137516335
