service,protocol,p50,p95,p99,max,rps
trust,http1.1,3.426,819.5567499999995,,15001.442,193.1199180595985
