service,protocol,p50,p95,p99,max,rps
event-layer,http3,11.167,105.44674999999994,,1840.81,111.64292908692866
