service,protocol,p50,p95,p99,max,rps
analytics,http3,62.753,443.01939999999973,,2246.538,92.43355883591875
