{
    "root_group": {
        "name": "",
        "path": "",
        "id": "d41d8cd98f00b204e9800998ecf8427e",
        "groups": {},
        "checks": {
                "200": {
                    "path": "::200",
                    "id": "4230b0c1b1cb609da348fcf04ffd96f4",
                    "passes": 1720,
                    "fails": 0,
                    "name": "200"
                }
            }
    },
    "metrics": {
        "http_req_blocked": {
            "avg": 0.12919534883721143,
            "min": 0,
            "med": 0,
            "max": 26.651,
            "p(90)": 0.001,
            "p(95)": 0.001
        },
        "data_sent": {
            "count": 81370,
            "rate": 8111.888028231005
        },
        "data_received": {
            "count": 191842,
            "rate": 19124.994753740844
        },
        "vus": {
            "value": 10,
            "min": 10,
            "max": 10
        },
        "http_req_waiting": {
            "p(90)": 14.5978,
            "p(95)": 21.341,
            "avg": 7.450413372093031,
            "min": 1.275,
            "med": 4.3375,
            "max": 137.694
        },
        "iterations": {
            "rate": 171.46918285064922,
            "count": 1720
        },
        "http_req_sending": {
            "max": 2.849,
            "p(90)": 0.13,
            "p(95)": 0.162,
            "avg": 0.08406686046511648,
            "min": 0.017,
            "med": 0.062
        },
        "http_reqs": {
            "count": 1720,
            "rate": 171.46918285064922
        },
        "vus_max": {
            "min": 10,
            "max": 10,
            "value": 10
        },
        "http_req_connecting": {
            "avg": 0.008201162790697675,
            "min": 0,
            "med": 0,
            "max": 1.489,
            "p(90)": 0,
            "p(95)": 0
        },
        "checks": {
            "passes": 1720,
            "fails": 0,
            "value": 1
        },
        "http_req_receiving": {
            "min": 0.013,
            "med": 0.043,
            "max": 1.44,
            "p(90)": 0.11310000000000005,
            "p(95)": 0.17309999999999984,
            "avg": 0.06585872093023284
        },
        "iteration_duration": {
            "avg": 58.21428550930228,
            "min": 51.511875,
            "med": 55.0413745,
            "max": 188.035709,
            "p(90)": 65.85993780000001,
            "p(95)": 72.99119019999999
        },
        "http_req_failed": {
            "passes": 0,
            "fails": 1720,
            "thresholds": {
                "rate<0.05": false
            },
            "value": 0
        },
        "http_req_tls_handshaking": {
            "p(95)": 0,
            "avg": 0.10495058139534882,
            "min": 0,
            "med": 0,
            "max": 22.248,
            "p(90)": 0
        },
        "http_req_duration": {
            "avg": 7.60033895348838,
            "min": 1.335,
            "med": 4.4935,
            "max": 137.816,
            "p(90)": 14.8662,
            "p(95)": 21.63974999999999,
            "thresholds": {
                "p(50)<250": false,
                "p(95)<500": false,
                "p(99)<1000": false,
                "p(100)<4000": false
            }
        },
        "http_req_duration{expected_response:true}": {
            "med": 4.4935,
            "max": 137.816,
            "p(90)": 14.8662,
            "p(95)": 21.63974999999999,
            "avg": 7.60033895348838,
            "min": 1.335
        }
    }
}