service,protocol,p50,p95,p99,max,rps
gateway,http2,41.51,138.92999999999995,,2714.959,563.600365192936
