service,protocol,p50,p95,p99,max,rps
event-layer,http3,88.064,294.68039999999996,,5252.738,205.04998704592967
