service,protocol,p50,p95,p99,max,rps
gateway,http1.1,43.961,209.98269999999997,,11361.396,351.0578115219003
