{
    "root_group": {
        "groups": {},
        "checks": {
                "gw": {
                    "name": "gw",
                    "path": "::gw",
                    "id": "4bed004c615ee0454c506a21f65ee38c",
                    "passes": 2138,
                    "fails": 0
                },
                "msg": {
                    "passes": 4276,
                    "fails": 0,
                    "name": "msg",
                    "path": "::msg",
                    "id": "e4e5993c90ae2728fc677fea56e9a3e2"
                },
                "book": {
                    "name": "book",
                    "path": "::book",
                    "id": "c32672b9a002ce46d620b0d99dc456c3",
                    "passes": 2138,
                    "fails": 0
                },
                "long_q": {
                    "path": "::long_q",
                    "id": "3fc9e807932e8b458afd34be1f335357",
                    "passes": 2123,
                    "fails": 0,
                    "name": "long_q"
                },
                "bad_json": {
                    "id": "922dc211d6d29f52a417f71333d4ff40",
                    "passes": 2119,
                    "fails": 0,
                    "name": "bad_json",
                    "path": "::bad_json"
                }
            },
        "name": "",
        "path": "",
        "id": "d41d8cd98f00b204e9800998ecf8427e"
    },
    "metrics": {
        "http_req_connecting": {
            "p(95)": 0,
            "avg": 0.007022041581991558,
            "min": 0,
            "med": 0,
            "max": 4.958,
            "p(90)": 0
        },
        "http_req_failed": {
            "passes": 0,
            "fails": 12794,
            "thresholds": {
                "rate<0.15": false
            },
            "value": 0
        },
        "iterations": {
            "count": 12794,
            "rate": 211.9312559542512
        },
        "http_req_blocked": {
            "max": 60.738,
            "p(90)": 0.007,
            "p(95)": 0.008,
            "avg": 0.0664455213381316,
            "min": 0.001,
            "med": 0.004
        },
        "vus": {
            "value": 20,
            "min": 20,
            "max": 20
        },
        "http_req_tls_handshaking": {
            "med": 0,
            "max": 52.291,
            "p(90)": 0,
            "p(95)": 0,
            "avg": 0.04828880725340003,
            "min": 0
        },
        "iteration_duration": {
            "avg": 94.15258584586512,
            "min": 22.866167,
            "med": 85.81064599999999,
            "max": 980.337459,
            "p(90)": 142.15780420000002,
            "p(95)": 178.62732104999992
        },
        "http_reqs": {
            "count": 12794,
            "rate": 211.9312559542512
        },
        "vus_max": {
            "value": 20,
            "min": 20,
            "max": 20
        },
        "data_received": {
            "count": 12968622,
            "rate": 214823.8509032307
        },
        "event_layer_adversarial_accepted": {
            "passes": 4242,
            "fails": 0,
            "thresholds": {
                "rate>0.70": false
            },
            "value": 1
        },
        "checks": {
            "passes": 12794,
            "fails": 0,
            "value": 1
        },
        "data_sent": {
            "count": 10733751,
            "rate": 177803.44931453807
        },
        "http_req_duration": {
            "p(90)": 73.5999,
            "p(95)": 113.252,
            "avg": 33.645652415194505,
            "min": 1.406,
            "med": 17.5685,
            "max": 909.873,
            "thresholds": {
                "p(95)<2500": false,
                "p(99)<6000": false,
                "p(100)<15000": false
            }
        },
        "http_req_sending": {
            "min": 0.004,
            "med": 0.019,
            "max": 6.599,
            "p(90)": 0.072,
            "p(95)": 0.102,
            "avg": 0.03359637329998347
        },
        "http_req_receiving": {
            "min": 0.013,
            "med": 0.051,
            "max": 7.178,
            "p(90)": 0.088,
            "p(95)": 0.102,
            "avg": 0.06183187431608505
        },
        "http_req_waiting": {
            "min": 1.361,
            "med": 17.482,
            "max": 909.77,
            "p(90)": 73.50640000000001,
            "p(95)": 113.17024999999998,
            "avg": 33.55022416757856
        },
        "http_req_duration{expected_response:true}": {
            "avg": 33.645652415194505,
            "min": 1.406,
            "med": 17.5685,
            "max": 909.873,
            "p(90)": 73.5999,
            "p(95)": 113.252
        }
    }
}