{
    "root_group": {
        "name": "",
        "path": "",
        "id": "d41d8cd98f00b204e9800998ecf8427e",
        "groups": {},
        "checks": {
                "gw": {
                    "name": "gw",
                    "path": "::gw",
                    "id": "4bed004c615ee0454c506a21f65ee38c",
                    "passes": 2319,
                    "fails": 0
                },
                "msg": {
                    "name": "msg",
                    "path": "::msg",
                    "id": "e4e5993c90ae2728fc677fea56e9a3e2",
                    "passes": 4631,
                    "fails": 0
                },
                "book": {
                    "name": "book",
                    "path": "::book",
                    "id": "c32672b9a002ce46d620b0d99dc456c3",
                    "passes": 2307,
                    "fails": 1
                },
                "long_q": {
                    "name": "long_q",
                    "path": "::long_q",
                    "id": "3fc9e807932e8b458afd34be1f335357",
                    "passes": 2271,
                    "fails": 0
                },
                "bad_json": {
                    "name": "bad_json",
                    "path": "::bad_json",
                    "id": "922dc211d6d29f52a417f71333d4ff40",
                    "passes": 2271,
                    "fails": 0
                }
            }
    },
    "metrics": {
        "checks": {
            "fails": 1,
            "passes": 13799,
            "value": 0.999927536231884
        },
        "http_req_connecting": {
            "p(95)": 0,
            "avg": 0.012984999999999998,
            "min": 0,
            "med": 0,
            "max": 5.547,
            "p(90)": 0
        },
        "vus": {
            "value": 8,
            "min": 8,
            "max": 50
        },
        "iteration_duration": {
            "p(95)": 410.4107544999998,
            "avg": 219.7031679540576,
            "min": 27.273125,
            "med": 193.286771,
            "max": 2237.389209,
            "p(90)": 344.4398792
        },
        "event_layer_adversarial_accepted": {
            "passes": 4542,
            "fails": 0,
            "thresholds": {
                "rate>0.70": false
            },
            "value": 1
        },
        "http_req_tls_handshaking": {
            "avg": 0.14661405797101446,
            "min": 0,
            "med": 0,
            "max": 68.821,
            "p(90)": 0,
            "p(95)": 0
        },
        "http_req_duration{expected_response:true}": {
            "min": 2.042,
            "med": 131.224,
            "max": 2086.94,
            "p(90)": 279.1847,
            "p(95)": 352.07839999999993,
            "avg": 159.09180869565245
        },
        "vus_max": {
            "value": 50,
            "min": 50,
            "max": 50
        },
        "data_received": {
            "count": 14045647,
            "rate": 229466.26400092247
        },
        "http_req_waiting": {
            "p(90)": 279.117,
            "p(95)": 351.9981999999999,
            "avg": 158.99655253623152,
            "min": 1.938,
            "med": 131.0965,
            "max": 2086.803
        },
        "iterations": {
            "count": 13800,
            "rate": 225.45308473242494
        },
        "http_req_blocked": {
            "min": 0.001,
            "med": 0.004,
            "max": 78.93,
            "p(90)": 0.008,
            "p(95)": 0.009,
            "avg": 0.18329057971015505
        },
        "http_req_sending": {
            "max": 7.059,
            "p(90)": 0.071,
            "p(95)": 0.101,
            "avg": 0.033206956521738475,
            "min": 0.003,
            "med": 0.018
        },
        "http_req_duration": {
            "avg": 159.09180869565245,
            "min": 2.042,
            "med": 131.224,
            "max": 2086.94,
            "p(90)": 279.1847,
            "p(95)": 352.07839999999993,
            "thresholds": {
                "p(99)<6000": false,
                "p(100)<15000": false,
                "p(95)<2500": false
            }
        },
        "data_sent": {
            "count": 11545437,
            "rate": 188619.88306042564
        },
        "http_req_failed": {
            "passes": 0,
            "fails": 13800,
            "thresholds": {
                "rate<0.15": false
            },
            "value": 0
        },
        "http_reqs": {
            "count": 13800,
            "rate": 225.45308473242494
        },
        "http_req_receiving": {
            "max": 5.536,
            "p(90)": 0.092,
            "p(95)": 0.109,
            "avg": 0.06204920289855039,
            "min": 0.01,
            "med": 0.051
        }
    }
}