{
    "root_group": {
        "groups": {},
        "checks": {
                "messaging health": {
                    "fails": 0,
                    "name": "messaging health",
                    "path": "::messaging health",
                    "id": "5283f4bcb8950a4997d5f15646378010",
                    "passes": 1201
                }
            },
        "name": "",
        "path": "",
        "id": "d41d8cd98f00b204e9800998ecf8427e"
    },
    "metrics": {
        "http_req_tls_handshaking": {
            "avg": 0.1075129059117402,
            "min": 0,
            "med": 0,
            "max": 36.246,
            "p(90)": 0,
            "p(95)": 0
        },
        "http_req_receiving": {
            "avg": 0.10673022481265597,
            "min": 0.028,
            "med": 0.069,
            "max": 3.66,
            "p(90)": 0.161,
            "p(95)": 0.265
        },
        "checks": {
            "passes": 1201,
            "fails": 0,
            "value": 1
        },
        "data_received": {
            "count": 185705,
            "rate": 3089.309825178052
        },
        "vus_max": {
            "min": 15,
            "max": 15,
            "value": 15
        },
        "http_req_connecting": {
            "avg": 0.017845961698584514,
            "min": 0,
            "med": 0,
            "max": 4.372,
            "p(90)": 0,
            "p(95)": 0
        },
        "http_req_failed": {
            "passes": 0,
            "fails": 1201,
            "thresholds": {
                "rate<0.02": false
            },
            "value": 0
        },
        "http_reqs": {
            "count": 1201,
            "rate": 19.97932796660747
        },
        "http_req_waiting": {
            "med": 11.732,
            "max": 522.182,
            "p(90)": 31.844,
            "p(95)": 55.988,
            "avg": 20.145859283930072,
            "min": 6.194
        },
        "vus": {
            "value": 2,
            "min": 2,
            "max": 4
        },
        "http_req_sending": {
            "avg": 0.13182098251457117,
            "min": 0.053,
            "med": 0.113,
            "max": 2.221,
            "p(90)": 0.178,
            "p(95)": 0.228
        },
        "errors": {
            "fails": 1201,
            "passes": 0,
            "thresholds": {
                "rate<0.02": false
            },
            "value": 0
        },
        "iterations": {
            "count": 1201,
            "rate": 19.97932796660747
        },
        "http_req_blocked": {
            "p(90)": 0.001,
            "p(95)": 0.001,
            "avg": 0.1320183180682789,
            "min": 0,
            "med": 0.001,
            "max": 43.828
        },
        "data_sent": {
            "count": 71137,
            "rate": 1183.4050404334353
        },
        "http_req_duration{expected_response:true}": {
            "p(90)": 32.133,
            "p(95)": 56.188,
            "avg": 20.384410491257327,
            "min": 6.373,
            "med": 11.956,
            "max": 522.457
        },
        "http_req_duration": {
            "med": 11.956,
            "max": 522.457,
            "p(90)": 32.133,
            "p(95)": 56.188,
            "avg": 20.384410491257327,
            "min": 6.373,
            "thresholds": {
                "p(95)<500": false,
                "p(99)<2000": false,
                "p(100)<8000": false
            }
        },
        "iteration_duration": {
            "med": 112.82225,
            "max": 623.261833,
            "p(90)": 133.133375,
            "p(95)": 156.68575,
            "avg": 121.3642718093255,
            "min": 106.755833
        }
    }
}