service,protocol,p50,p95,p99,max,rps
analytics,http3,169.393,762.3527999999995,,2585.818,89.20969945190868
