{
    "root_group": {
        "name": "",
        "path": "",
        "id": "d41d8cd98f00b204e9800998ecf8427e",
        "groups": {},
        "checks": {
                "200": {
                    "fails": 0,
                    "name": "200",
                    "path": "::200",
                    "id": "4230b0c1b1cb609da348fcf04ffd96f4",
                    "passes": 7382
                }
            }
    },
    "metrics": {
        "http_req_tls_handshaking": {
            "max": 52.517,
            "p(90)": 0,
            "p(95)": 0,
            "avg": 0.1441242210782986,
            "min": 0,
            "med": 0
        },
        "data_sent": {
            "count": 327494,
            "rate": 5436.284696291038
        },
        "iterations": {
            "count": 7382,
            "rate": 122.53859193762463
        },
        "http_req_blocked": {
            "p(90)": 0.001,
            "p(95)": 0.001,
            "avg": 0.19087889460849555,
            "min": 0,
            "med": 0,
            "max": 63.278
        },
        "iteration_duration": {
            "med": 202.3539375,
            "max": 1259.257291,
            "p(90)": 390.3083452,
            "p(95)": 532.3344957999998,
            "avg": 244.4516973150899,
            "min": 63.751875
        },
        "vus": {
            "value": 30,
            "min": 30,
            "max": 30
        },
        "http_req_duration": {
            "p(90)": 339.1535,
            "p(95)": 481.43575,
            "avg": 193.83668043890594,
            "min": 13.384,
            "med": 151.9765,
            "max": 1145.688,
            "thresholds": {
                "p(95)<800": false,
                "p(99)<3000": false,
                "p(100)<8000": false
            }
        },
        "http_req_sending": {
            "p(90)": 0.114,
            "p(95)": 0.133,
            "avg": 0.06754903820102927,
            "min": 0.014,
            "med": 0.057,
            "max": 2.993
        },
        "http_req_failed": {
            "passes": 0,
            "fails": 7382,
            "thresholds": {
                "rate<0.08": false
            },
            "value": 0
        },
        "http_req_duration{expected_response:true}": {
            "max": 1145.688,
            "p(90)": 339.1535,
            "p(95)": 481.43575,
            "avg": 193.83668043890594,
            "min": 13.384,
            "med": 151.9765
        },
        "http_req_connecting": {
            "avg": 0.03189542129504199,
            "min": 0,
            "med": 0,
            "max": 9.01,
            "p(90)": 0,
            "p(95)": 0
        },
        "http_req_waiting": {
            "max": 1145.594,
            "p(90)": 339.0117,
            "p(95)": 481.28294999999997,
            "avg": 193.70682646979182,
            "min": 13.217,
            "med": 151.837
        },
        "http_reqs": {
            "count": 7382,
            "rate": 122.53859193762463
        },
        "checks": {
            "passes": 7382,
            "fails": 0,
            "value": 1
        },
        "data_received": {
            "count": 970207,
            "rate": 16105.093425633566
        },
        "vus_max": {
            "value": 30,
            "min": 30,
            "max": 30
        },
        "http_req_receiving": {
            "avg": 0.06230493091303152,
            "min": 0.012,
            "med": 0.046,
            "max": 3.525,
            "p(90)": 0.104,
            "p(95)": 0.148
        }
    }
}