service,protocol,p50,p95,p99,max,rps
listings,http2,180.841,616.5434999999999,,2446.771,31.43047213196942
