service,protocol,p50,p95,p99,max,rps
trust,http2,303.6345,1382.5827999999997,,6993.549,53.96027768384723
