service,protocol,p50,p95,p99,max,rps
booking,http3,312.65999999999997,1252.38435,,40132.109,47.9997105223622
