{
    "root_group": {
        "name": "",
        "path": "",
        "id": "d41d8cd98f00b204e9800998ecf8427e",
        "groups": {},
        "checks": {
                "200": {
                    "name": "200",
                    "path": "::200",
                    "id": "4230b0c1b1cb609da348fcf04ffd96f4",
                    "passes": 8345,
                    "fails": 2
                }
            }
    },
    "metrics": {
        "http_req_sending": {
            "avg": 0.06867077992092963,
            "min": 0.015,
            "med": 0.055,
            "max": 1.963,
            "p(90)": 0.119,
            "p(95)": 0.138
        },
        "iterations": {
            "count": 8347,
            "rate": 138.75317958720805
        },
        "data_sent": {
            "count": 391034,
            "rate": 6500.204963065091
        },
        "http_req_blocked": {
            "p(95)": 0.001,
            "avg": 0.2379248831915556,
            "min": 0,
            "med": 0,
            "max": 69.757,
            "p(90)": 0.001
        },
        "http_req_duration": {
            "med": 200.896,
            "max": 1398.256,
            "p(90)": 412.2846,
            "p(95)": 531.9524999999998,
            "avg": 237.34257325985448,
            "min": 34.588,
            "thresholds": {
                "p(95)<800": false,
                "p(99)<3000": false,
                "p(100)<8000": false
            }
        },
        "checks": {
            "passes": 8345,
            "fails": 2,
            "value": 0.9997603929555529
        },
        "vus": {
            "value": 40,
            "min": 40,
            "max": 40
        },
        "vus_max": {
            "min": 40,
            "max": 40,
            "value": 40
        },
        "http_req_tls_handshaking": {
            "p(95)": 0,
            "avg": 0.19586150712830955,
            "min": 0,
            "med": 0,
            "max": 60.335,
            "p(90)": 0
        },
        "http_req_connecting": {
            "p(95)": 0,
            "avg": 0.026505091649694508,
            "min": 0,
            "med": 0,
            "max": 6.666,
            "p(90)": 0
        },
        "data_received": {
            "count": 2319954,
            "rate": 38564.87288799109
        },
        "iteration_duration": {
            "p(90)": 462.6462414,
            "p(95)": 582.3925875999998,
            "avg": 288.0133367829161,
            "min": 85.425709,
            "med": 251.441792,
            "max": 1448.623041
        },
        "http_req_failed": {
            "fails": 8345,
            "passes": 2,
            "thresholds": {
                "rate<0.08": false
            },
            "value": 0.00023960704444710675
        },
        "http_req_duration{expected_response:true}": {
            "med": 200.866,
            "max": 1398.256,
            "p(90)": 412.28839999999997,
            "p(95)": 532.0249999999997,
            "avg": 237.3166282804081,
            "min": 34.588
        },
        "http_req_waiting": {
            "p(95)": 531.7525999999997,
            "avg": 237.1933600095839,
            "min": 34.417,
            "med": 200.73,
            "max": 1397.992,
            "p(90)": 412.14320000000004
        },
        "http_reqs": {
            "count": 8347,
            "rate": 138.75317958720805
        },
        "http_req_receiving": {
            "p(95)": 0.209,
            "avg": 0.08054247034862798,
            "min": 0.013,
            "med": 0.052,
            "max": 16.449,
            "p(90)": 0.142
        }
    }
}