service,protocol,p50,p95,p99,max,rps
listings,http2,64.2495,272.37199999999973,,1053.338,198.7305582696151
