service,protocol,p50,p95,p99,max,rps
analytics,http1.1,224.59449999999998,967.3176999999998,,3895.043,115.14445296242113
