service,protocol,p50,p95,p99,max,rps
trust,http1.1,228.586,1054.5213999999992,,3844.689,43.907228154090404
