service,protocol,p50,p95,p99,max,rps
messaging,http3,19.375,469.94344999999976,,3785.179,19.296154467712668
