{
    "metrics": {
        "http_req_failed": {
            "passes": 0,
            "fails": 1001,
            "thresholds": {
                "rate<0.05": false
            },
            "value": 0
        },
        "iterations": {
            "count": 1001,
            "rate": 45.342864303755334
        },
        "vus": {
            "value": 5,
            "min": 5,
            "max": 5
        },
        "http_req_tls_handshaking": {
            "avg": 0.09046253746253746,
            "min": 0,
            "med": 0,
            "max": 20.191,
            "p(90)": 0,
            "p(95)": 0
        },
        "http_req_receiving": {
            "avg": 0.05021578421578421,
            "min": 0.013,
            "med": 0.036,
            "max": 1.374,
            "p(90)": 0.086,
            "p(95)": 0.114
        },
        "vus_max": {
            "value": 5,
            "min": 5,
            "max": 5
        },
        "http_reqs": {
            "count": 1001,
            "rate": 45.342864303755334
        },
        "http_req_duration{expected_response:true}": {
            "p(95)": 111.081,
            "avg": 29.674270729270717,
            "min": 7.356,
            "med": 16.124,
            "max": 584.666,
            "p(90)": 70.955
        },
        "http_req_waiting": {
            "med": 16.025,
            "max": 584.588,
            "p(90)": 70.869,
            "p(95)": 110.964,
            "avg": 29.56890909090913,
            "min": 7.28
        },
        "http_req_duration": {
            "max": 584.666,
            "p(90)": 70.955,
            "p(95)": 111.081,
            "avg": 29.674270729270717,
            "min": 7.356,
            "med": 16.124,
            "thresholds": {
                "p(95)<1200": false,
                "p(99)<4000": false,
                "p(100)<8000": false
            }
        },
        "iteration_duration": {
            "p(95)": 192.230125,
            "avg": 110.24044213886114,
            "min": 87.708375,
            "med": 96.67075,
            "max": 690.909458,
            "p(90)": 151.179708
        },
        "http_req_sending": {
            "p(90)": 0.081,
            "p(95)": 0.093,
            "avg": 0.05514585414585413,
            "min": 0.016,
            "med": 0.046,
            "max": 2.057
        },
        "checks": {
            "passes": 1001,
            "fails": 0,
            "value": 1
        },
        "http_req_connecting": {
            "max": 1.719,
            "p(90)": 0,
            "p(95)": 0,
            "avg": 0.006583416583416584,
            "min": 0,
            "med": 0
        },
        "data_sent": {
            "count": 47062,
            "rate": 2131.794085777556
        },
        "data_received": {
            "count": 231741,
            "rate": 10497.303413203363
        },
        "http_req_blocked": {
            "avg": 0.11424275724275841,
            "min": 0,
            "med": 0,
            "max": 24.581,
            "p(90)": 0.001,
            "p(95)": 0.001
        }
    },
    "root_group": {
        "groups": {},
        "checks": {
                "200": {
                    "name": "200",
                    "path": "::200",
                    "id": "4230b0c1b1cb609da348fcf04ffd96f4",
                    "passes": 1001,
                    "fails": 0
                }
            },
        "name": "",
        "path": "",
        "id": "d41d8cd98f00b204e9800998ecf8427e"
    }
}