{
    "metrics": {
        "vus": {
            "value": 5,
            "min": 5,
            "max": 5
        },
        "http_req_connecting": {
            "min": 0,
            "med": 0,
            "max": 0.968,
            "p(90)": 0,
            "p(95)": 0,
            "avg": 0.0033931436907366887
        },
        "iterations": {
            "count": 1371,
            "rate": 62.28362573019715
        },
        "http_req_receiving": {
            "p(90)": 0.109,
            "p(95)": 0.15149999999999994,
            "avg": 0.06497009482129845,
            "min": 0.012,
            "med": 0.044,
            "max": 2.448
        },
        "vus_max": {
            "value": 5,
            "min": 5,
            "max": 5
        },
        "data_sent": {
            "rate": 2794.9038819643974,
            "count": 61522
        },
        "http_req_duration{expected_response:true}": {
            "avg": 29.593892049598836,
            "min": 10.23,
            "med": 21.933,
            "max": 284.848,
            "p(90)": 50.418,
            "p(95)": 67.1075
        },
        "checks": {
            "passes": 1371,
            "fails": 0,
            "value": 1
        },
        "iteration_duration": {
            "avg": 80.24843847921231,
            "min": 60.367958,
            "med": 72.487667,
            "max": 355.441542,
            "p(90)": 101.41725,
            "p(95)": 118.07664549999997
        },
        "http_req_blocked": {
            "p(90)": 0.001,
            "p(95)": 0.001,
            "avg": 0.06676732312181045,
            "min": 0,
            "med": 0,
            "max": 19.401
        },
        "http_req_tls_handshaking": {
            "avg": 0.052630196936542674,
            "min": 0,
            "med": 0,
            "max": 15.984,
            "p(90)": 0,
            "p(95)": 0
        },
        "http_req_sending": {
            "med": 0.056,
            "max": 1.174,
            "p(90)": 0.107,
            "p(95)": 0.12749999999999995,
            "avg": 0.06835959153902282,
            "min": 0.02
        },
        "http_req_waiting": {
            "avg": 29.460562363238537,
            "min": 10.183,
            "med": 21.835,
            "max": 283.603,
            "p(90)": 50.273,
            "p(95)": 67.00099999999999
        },
        "http_req_duration": {
            "med": 21.933,
            "max": 284.848,
            "p(90)": 50.418,
            "p(95)": 67.1075,
            "avg": 29.593892049598836,
            "min": 10.23,
            "thresholds": {
                "p(95)<800": false,
                "p(99)<3000": false,
                "p(100)<8000": false
            }
        },
        "http_req_failed": {
            "passes": 0,
            "fails": 1371,
            "thresholds": {
                "rate<0.08": false
            },
            "value": 0
        },
        "http_reqs": {
            "count": 1371,
            "rate": 62.28362573019715
        },
        "data_received": {
            "count": 366221,
            "rate": 16637.17848179324
        }
    },
    "root_group": {
        "path": "",
        "id": "d41d8cd98f00b204e9800998ecf8427e",
        "groups": {},
        "checks": {
                "200": {
                    "id": "4230b0c1b1cb609da348fcf04ffd96f4",
                    "passes": 1371,
                    "fails": 0,
                    "name": "200",
                    "path": "::200"
                }
            },
        "name": ""
    }
}