{
    "metrics": {
        "http_req_duration": {
            "avg": 23.666251012145796,
            "min": 6.429,
            "med": 14.454,
            "max": 389.01,
            "p(90)": 41.80810000000002,
            "p(95)": 55.15599999999998,
            "thresholds": {
                "p(95)<800": false,
                "p(99)<3000": false,
                "p(100)<8000": false
            }
        },
        "http_req_connecting": {
            "avg": 0.005609311740890689,
            "min": 0,
            "med": 0,
            "max": 1.73,
            "p(90)": 0,
            "p(95)": 0
        },
        "http_req_waiting": {
            "min": 6.357,
            "med": 14.3715,
            "max": 387.926,
            "p(90)": 41.66810000000002,
            "p(95)": 55.114199999999975,
            "avg": 23.557129554655912
        },
        "checks": {
            "passes": 1482,
            "fails": 0,
            "value": 1
        },
        "http_req_duration{expected_response:true}": {
            "avg": 23.666251012145796,
            "min": 6.429,
            "med": 14.454,
            "max": 389.01,
            "p(90)": 41.80810000000002,
            "p(95)": 55.15599999999998
        },
        "vus_max": {
            "value": 5,
            "min": 5,
            "max": 5
        },
        "data_received": {
            "count": 182546,
            "rate": 8293.632368000915
        },
        "http_req_blocked": {
            "p(95)": 0.001,
            "avg": 0.09552226720647916,
            "min": 0,
            "med": 0,
            "max": 30.815,
            "p(90)": 0.001
        },
        "http_req_tls_handshaking": {
            "avg": 0.07430094466936572,
            "min": 0,
            "med": 0,
            "max": 25.596,
            "p(90)": 0,
            "p(95)": 0
        },
        "iteration_duration": {
            "avg": 74.2260540519568,
            "min": 56.698125,
            "med": 64.9634585,
            "max": 467.860292,
            "p(90)": 92.1682952,
            "p(95)": 105.34740145
        },
        "http_req_sending": {
            "med": 0.048,
            "max": 5.94,
            "p(90)": 0.08,
            "p(95)": 0.101,
            "avg": 0.058628879892038,
            "min": 0.015
        },
        "http_req_failed": {
            "passes": 0,
            "fails": 1482,
            "thresholds": {
                "rate<0.08": false
            },
            "value": 0
        },
        "iterations": {
            "count": 1482,
            "rate": 67.3318679641151
        },
        "http_req_receiving": {
            "p(90)": 0.086,
            "p(95)": 0.126,
            "avg": 0.0504925775978408,
            "min": 0.013,
            "med": 0.036,
            "max": 0.913
        },
        "data_sent": {
            "rate": 2911.308210035447,
            "count": 64079
        },
        "http_reqs": {
            "count": 1482,
            "rate": 67.3318679641151
        },
        "vus": {
            "value": 5,
            "min": 5,
            "max": 5
        }
    },
    "root_group": {
        "checks": {
            "200": {
                "path": "::200",
                "id": "4230b0c1b1cb609da348fcf04ffd96f4",
                "passes": 1482,
                "fails": 0,
                "name": "200"
            }
        },
        "name": "",
        "path": "",
        "id": "d41d8cd98f00b204e9800998ecf8427e",
        "groups": {}
    }
}