{
    "metrics": {
        "http_req_tls_handshaking": {
            "p(95)": 0,
            "avg": 0.03476014760147601,
            "min": 0,
            "med": 0,
            "max": 15.225,
            "p(90)": 0
        },
        "vus": {
            "max": 5,
            "value": 5,
            "min": 5
        },
        "vus_max": {
            "value": 5,
            "min": 5,
            "max": 5
        },
        "http_reqs": {
            "count": 1897,
            "rate": 86.13337560240579
        },
        "http_req_connecting": {
            "avg": 0.005039008961518187,
            "min": 0,
            "med": 0,
            "max": 2.436,
            "p(90)": 0,
            "p(95)": 0
        },
        "http_req_sending": {
            "avg": 0.06923405376910914,
            "min": 0.017,
            "med": 0.057,
            "max": 2.418,
            "p(90)": 0.10740000000000004,
            "p(95)": 0.13519999999999993
        },
        "data_sent": {
            "count": 79229,
            "rate": 3597.396529047448
        },
        "data_received": {
            "count": 194812,
            "rate": 8845.448164394242
        },
        "http_req_duration": {
            "avg": 7.357591460200314,
            "min": 1.508,
            "med": 4.478,
            "max": 101.408,
            "p(90)": 14.598800000000002,
            "p(95)": 22.2812,
            "thresholds": {
                "p(50)<250": false,
                "p(95)<500": false,
                "p(99)<1000": false,
                "p(100)<4000": false
            }
        },
        "http_req_failed": {
            "passes": 0,
            "fails": 1897,
            "thresholds": {
                "rate<0.05": false
            },
            "value": 0
        },
        "http_req_waiting": {
            "avg": 7.228198734844497,
            "min": 1.453,
            "med": 4.355,
            "max": 101.216,
            "p(90)": 14.3734,
            "p(95)": 21.77579999999997
        },
        "http_req_duration{expected_response:true}": {
            "avg": 7.357591460200314,
            "min": 1.508,
            "med": 4.478,
            "max": 101.408,
            "p(90)": 14.598800000000002,
            "p(95)": 22.2812
        },
        "iterations": {
            "count": 1897,
            "rate": 86.13337560240579
        },
        "http_req_receiving": {
            "max": 2.552,
            "p(90)": 0.101,
            "p(95)": 0.14639999999999984,
            "avg": 0.06015867158671611,
            "min": 0.011,
            "med": 0.037
        },
        "checks": {
            "fails": 0,
            "passes": 1897,
            "value": 1
        },
        "iteration_duration": {
            "avg": 57.9894360653664,
            "min": 51.734834,
            "med": 54.990208,
            "max": 153.290125,
            "p(90)": 65.8878832,
            "p(95)": 73.42081659999998
        },
        "http_req_blocked": {
            "p(90)": 0.001,
            "p(95)": 0.001,
            "avg": 0.04902530311017546,
            "min": 0,
            "med": 0,
            "max": 20.393
        }
    },
    "root_group": {
        "groups": {},
        "checks": {
                "200": {
                    "path": "::200",
                    "id": "4230b0c1b1cb609da348fcf04ffd96f4",
                    "passes": 1897,
                    "fails": 0,
                    "name": "200"
                }
            },
        "name": "",
        "path": "",
        "id": "d41d8cd98f00b204e9800998ecf8427e"
    }
}