{
    "root_group": {
        "name": "",
        "path": "",
        "id": "d41d8cd98f00b204e9800998ecf8427e",
        "groups": {},
        "checks": {
                "200": {
                    "name": "200",
                    "path": "::200",
                    "id": "4230b0c1b1cb609da348fcf04ffd96f4",
                    "passes": 1385,
                    "fails": 0
                }
            }
    },
    "metrics": {
        "http_req_blocked": {
            "p(95)": 0.001,
            "avg": 0.1291097472924204,
            "min": 0,
            "med": 0,
            "max": 40.299,
            "p(90)": 0.001
        },
        "iterations": {
            "count": 1385,
            "rate": 62.8340582916776
        },
        "http_req_connecting": {
            "med": 0,
            "max": 3.568,
            "p(90)": 0,
            "p(95)": 0,
            "avg": 0.012509747292418773,
            "min": 0
        },
        "data_sent": {
            "count": 60315,
            "rate": 2736.3438453881117
        },
        "iteration_duration": {
            "avg": 79.48214727148014,
            "min": 55.921125,
            "med": 64.680583,
            "max": 937.835833,
            "p(90)": 107.14715860000001,
            "p(95)": 135.3629752
        },
        "data_received": {
            "count": 171567,
            "rate": 7783.574641825452
        },
        "http_req_tls_handshaking": {
            "max": 29.553,
            "p(90)": 0,
            "p(95)": 0,
            "avg": 0.09011841155234657,
            "min": 0,
            "med": 0
        },
        "http_req_duration{expected_response:true}": {
            "avg": 28.817528519855586,
            "min": 5.801,
            "med": 14.211,
            "max": 845.037,
            "p(90)": 56.516200000000005,
            "p(95)": 85.12319999999998
        },
        "http_req_sending": {
            "avg": 0.06320938628158854,
            "min": 0.016,
            "med": 0.053,
            "max": 2.064,
            "p(90)": 0.08960000000000003,
            "p(95)": 0.11379999999999994
        },
        "http_req_receiving": {
            "med": 0.039,
            "max": 2.688,
            "p(90)": 0.101,
            "p(95)": 0.13679999999999995,
            "avg": 0.05955090252707585,
            "min": 0.013
        },
        "vus_max": {
            "value": 5,
            "min": 5,
            "max": 5
        },
        "http_req_waiting": {
            "avg": 28.69476823104689,
            "min": 5.647,
            "med": 14.104,
            "max": 844.893,
            "p(90)": 56.4076,
            "p(95)": 85.04959999999998
        },
        "vus": {
            "value": 5,
            "min": 5,
            "max": 5
        },
        "http_req_duration": {
            "avg": 28.817528519855586,
            "min": 5.801,
            "med": 14.211,
            "max": 845.037,
            "p(90)": 56.516200000000005,
            "p(95)": 85.12319999999998,
            "thresholds": {
                "p(95)<600": false,
                "p(99)<2500": false,
                "p(100)<8000": false
            }
        },
        "http_req_failed": {
            "passes": 0,
            "fails": 1385,
            "thresholds": {
                "rate<0.08": false
            },
            "value": 0
        },
        "http_reqs": {
            "rate": 62.8340582916776,
            "count": 1385
        },
        "checks": {
            "passes": 1385,
            "fails": 0,
            "value": 1
        }
    }
}