{
    "metrics": {
        "http_req_connecting": {
            "p(95)": 0,
            "avg": 0.006831258644536653,
            "min": 0,
            "med": 0,
            "max": 1.77,
            "p(90)": 0
        },
        "checks": {
            "passes": 723,
            "fails": 0,
            "value": 1
        },
        "vus_max": {
            "min": 5,
            "max": 5,
            "value": 5
        },
        "http_req_waiting": {
            "avg": 31.663603042876872,
            "min": 6.18,
            "med": 15.463,
            "max": 755.73,
            "p(90)": 64.53740000000002,
            "p(95)": 104.83529999999988
        },
        "data_received": {
            "count": 114219,
            "rate": 4549.871300294254
        },
        "iteration_duration": {
            "med": 116.447667,
            "max": 860.05075,
            "p(90)": 165.85454120000003,
            "p(95)": 205.70806249999993,
            "avg": 132.68722049792524,
            "min": 106.399542
        },
        "errors": {
            "passes": 0,
            "fails": 723,
            "thresholds": {
                "rate<0.05": false
            },
            "value": 0
        },
        "vus": {
            "max": 5,
            "value": 1,
            "min": 1
        },
        "http_req_sending": {
            "min": 0.021,
            "med": 0.07,
            "max": 2.536,
            "p(90)": 0.126,
            "p(95)": 0.1666999999999999,
            "avg": 0.0973443983402489
        },
        "http_req_duration{expected_response:true}": {
            "p(95)": 104.99029999999989,
            "avg": 31.837437067773163,
            "min": 6.265,
            "med": 15.609,
            "max": 758.521,
            "p(90)": 64.732
        },
        "http_req_tls_handshaking": {
            "max": 16.922,
            "p(90)": 0,
            "p(95)": 0,
            "avg": 0.0668298755186722,
            "min": 0,
            "med": 0
        },
        "http_req_blocked": {
            "avg": 0.08786721991701159,
            "min": 0,
            "med": 0,
            "max": 22.56,
            "p(90)": 0.001,
            "p(95)": 0.001
        },
        "http_req_duration": {
            "max": 758.521,
            "p(90)": 64.732,
            "p(95)": 104.99029999999989,
            "avg": 31.837437067773163,
            "min": 6.265,
            "med": 15.609,
            "thresholds": {
                "p(100)<10000": false,
                "p(95)<600": false,
                "p(99)<2500": false
            }
        },
        "http_req_receiving": {
            "p(90)": 0.12,
            "p(95)": 0.19459999999999988,
            "avg": 0.07648962655601645,
            "min": 0.015,
            "med": 0.047,
            "max": 2.191
        },
        "http_reqs": {
            "count": 723,
            "rate": 28.8004355677492
        },
        "http_req_failed": {
            "passes": 0,
            "fails": 723,
            "thresholds": {
                "rate<0.05": false
            },
            "value": 0
        },
        "iterations": {
            "count": 723,
            "rate": 28.8004355677492
        },
        "data_sent": {
            "count": 35881,
            "rate": 1429.3062636326542
        }
    },
    "root_group": {
        "name": "",
        "path": "",
        "id": "d41d8cd98f00b204e9800998ecf8427e",
        "groups": {},
        "checks": {
                "media health": {
                    "name": "media health",
                    "path": "::media health",
                    "id": "841f137838968c18a16538aa00c03cc0",
                    "passes": 723,
                    "fails": 0
                }
            }
    }
}