{
    "metrics": {
        "http_req_duration": {
            "med": 14.376,
            "max": 1265.187,
            "p(90)": 30.47020000000001,
            "p(95)": 58.86679999999989,
            "avg": 29.375893532338324,
            "min": 6.087,
            "thresholds": {
                "p(99)<2000": false,
                "p(100)<5000": false,
                "p(95)<800": false
            }
        },
        "http_reqs": {
            "count": 1005,
            "rate": 45.3510953192029
        },
        "http_req_blocked": {
            "avg": 0.09501293532338438,
            "min": 0,
            "med": 0,
            "max": 20.252,
            "p(90)": 0.001,
            "p(95)": 0.001
        },
        "data_sent": {
            "count": 46550,
            "rate": 2100.590534436711
        },
        "http_req_receiving": {
            "p(95)": 0.12879999999999997,
            "avg": 0.04958805970149254,
            "min": 0.012,
            "med": 0.035,
            "max": 1.348,
            "p(90)": 0.08860000000000001
        },
        "iteration_duration": {
            "avg": 109.92327677014917,
            "min": 86.365416,
            "med": 94.865334,
            "max": 1365.684584,
            "p(90)": 111.19534140000002,
            "p(95)": 139.55554139999992
        },
        "http_req_failed": {
            "passes": 0,
            "fails": 1005,
            "thresholds": {
                "rate<0.05": false
            },
            "value": 0
        },
        "http_req_duration{expected_response:true}": {
            "max": 1265.187,
            "p(90)": 30.47020000000001,
            "p(95)": 58.86679999999989,
            "avg": 29.375893532338324,
            "min": 6.087,
            "med": 14.376
        },
        "vus": {
            "value": 5,
            "min": 5,
            "max": 5
        },
        "http_req_tls_handshaking": {
            "min": 0,
            "med": 0,
            "max": 15.628,
            "p(90)": 0,
            "p(95)": 0,
            "avg": 0.07069253731343283
        },
        "http_req_sending": {
            "avg": 0.05967064676616903,
            "min": 0.018,
            "med": 0.047,
            "max": 1.236,
            "p(90)": 0.083,
            "p(95)": 0.09879999999999996
        },
        "data_received": {
            "count": 161246,
            "rate": 7276.301209791234
        },
        "http_req_waiting": {
            "avg": 29.266634825870668,
            "min": 6.009,
            "med": 14.254,
            "max": 1264.026,
            "p(90)": 30.295800000000003,
            "p(95)": 58.74439999999989
        },
        "iterations": {
            "count": 1005,
            "rate": 45.3510953192029
        },
        "vus_max": {
            "value": 5,
            "min": 5,
            "max": 5
        },
        "http_req_connecting": {
            "max": 1.215,
            "p(90)": 0,
            "p(95)": 0,
            "avg": 0.005746268656716418,
            "min": 0,
            "med": 0
        },
        "checks": {
            "passes": 1005,
            "fails": 0,
            "value": 1
        }
    },
    "root_group": {
        "id": "d41d8cd98f00b204e9800998ecf8427e",
        "groups": {},
        "checks": {
                "200": {
                    "passes": 1005,
                    "fails": 0,
                    "name": "200",
                    "path": "::200",
                    "id": "4230b0c1b1cb609da348fcf04ffd96f4"
                }
            },
        "name": "",
        "path": ""
    }
}