service,protocol,p50,p95,p99,max,rps
listings,http2,43.699,296.3984999999998,,12004.235,53.32123545186302
