service,protocol,p50,p95,p99,max,rps
booking,http2,378.024,1073.7523999999999,,7029.632,89.28581846541492
