service,protocol,p50,p95,p99,max,rps
analytics,http2,21.212,171.36849999999993,,1317.57,39.07623448822856
