{
  "root_group": {
    "name": "",
    "path": "",
    "id": "d41d8cd98f00b204e9800998ecf8427e",
    "groups": {},
    "checks": {
      "200": {
        "fails": 87,
        "name": "200",
        "path": "::200",
        "id": "4230b0c1b1cb609da348fcf04ffd96f4",
        "passes": 2179
      }
    }
  },
  "metrics": {
    "data_sent": {
      "count": 138772,
      "rate": 2148.9501568903024
    },
    "iteration_duration": {
      "max": 12062.286416,
      "p(90)": 1582.8187085000002,
      "p(95)": 2117.0961245,
      "avg": 841.4532710300098,
      "min": 63.069542,
      "med": 379.248188
    },
    "vus": {
      "min": 2,
      "max": 30,
      "value": 2
    },
    "http_req_sending": {
      "avg": 0.11035127978817327,
      "min": 0.017,
      "med": 0.08,
      "max": 7.435,
      "p(90)": 0.164,
      "p(95)": 0.212
    },
    "http_req_connecting": {
      "avg": 0.10807546337157987,
      "min": 0,
      "med": 0,
      "max": 9.149,
      "p(90)": 0,
      "p(95)": 0
    },
    "iterations": {
      "count": 2266,
      "rate": 35.0900834138978
    },
    "http_req_tls_handshaking": {
      "avg": 0.8169007060900265,
      "min": 0,
      "med": 0,
      "max": 102.56,
      "p(90)": 0,
      "p(95)": 0
    },
    "http_req_duration": {
      "avg": 789.7547228596648,
      "min": 12.4,
      "med": 328.8605,
      "max": 12003.859,
      "p(90)": 1532.233,
      "p(95)": 2066.23675,
      "thresholds": {
        "p(99)<2500": true,
        "p(100)<8000": true,
        "p(95)<600": true
      }
    },
    "http_reqs": {
      "count": 2266,
      "rate": 35.0900834138978
    },
    "http_req_waiting": {
      "min": 12.29,
      "med": 328.6005,
      "max": 12003.833,
      "p(90)": 1531.9885000000002,
      "p(95)": 2065.89125,
      "avg": 789.512466460724
    },
    "checks": {
      "fails": 87,
      "passes": 2179,
      "value": 0.9616063548102383
    },
    "http_req_failed": {
      "passes": 87,
      "fails": 2179,
      "thresholds": {
        "rate<0.08": false
      },
      "value": 0.038393645189761696
    },
    "http_req_duration{expected_response:true}": {
      "p(90)": 1127.2478000000003,
      "p(95)": 1619.9782999999998,
      "avg": 498.58469848554404,
      "min": 12.4,
      "med": 316.539,
      "max": 6876.197
    },
    "http_req_blocked": {
      "p(95)": 0.001,
      "avg": 0.9707683142101545,
      "min": 0,
      "med": 0,
      "max": 114.886,
      "p(90)": 0.001
    },
    "data_received": {
      "count": 363957,
      "rate": 5636.046552988527
    },
    "http_req_receiving": {
      "p(90)": 0.20650000000000004,
      "p(95)": 0.405,
      "avg": 0.1319051191526919,
      "min": 0,
      "med": 0.068,
      "max": 5.405
    },
    "vus_max": {
      "min": 30,
      "max": 30,
      "value": 30
    }
  },
  "k6_matrix_warning": "k6 thresholds crossed; metrics preserved (exit 99)",
  "k6_matrix_status": "thresholds_crossed_with_metrics",
  "k6_matrix_exit_code": 99
}
