{
  "root_group": {
    "name": "",
    "path": "",
    "id": "d41d8cd98f00b204e9800998ecf8427e",
    "groups": {},
    "checks": {
      "200": {
        "passes": 8117,
        "fails": 3,
        "name": "200",
        "path": "::200",
        "id": "4230b0c1b1cb609da348fcf04ffd96f4"
      }
    }
  },
  "metrics": {
    "data_received": {
      "count": 8356524,
      "rate": 136931.4507870533
    },
    "http_req_failed": {
      "passes": 3,
      "fails": 8117,
      "thresholds": {
        "rate<0.08": false
      },
      "value": 0.00036945812807881776
    },
    "iterations": {
      "count": 8120,
      "rate": 133.05572752389304
    },
    "http_reqs": {
      "count": 8120,
      "rate": 133.05572752389304
    },
    "http_req_duration{expected_response:true}": {
      "p(95)": 717.9801999999997,
      "avg": 248.37960786004686,
      "min": 22.724,
      "med": 161.397,
      "max": 2594.042,
      "p(90)": 488.0120000000001
    },
    "http_req_blocked": {
      "avg": 0.3533362068965746,
      "min": 0.001,
      "med": 0.003,
      "max": 99.888,
      "p(90)": 0.007,
      "p(95)": 0.009
    },
    "vus_max": {
      "value": 40,
      "min": 40,
      "max": 40
    },
    "http_req_connecting": {
      "p(95)": 0,
      "avg": 0.029981527093596062,
      "min": 0,
      "med": 0,
      "max": 8.57,
      "p(90)": 0
    },
    "http_req_tls_handshaking": {
      "max": 87.601,
      "p(90)": 0,
      "p(95)": 0,
      "avg": 0.2946369458128079,
      "min": 0,
      "med": 0
    },
    "iteration_duration": {
      "max": 2645.112916,
      "p(90)": 538.0171375000001,
      "p(95)": 768.1983871499998,
      "avg": 299.1180651853462,
      "min": 73.044333,
      "med": 211.796375
    },
    "checks": {
      "passes": 8117,
      "fails": 3,
      "value": 0.9996305418719211
    },
    "http_req_duration": {
      "max": 2594.042,
      "p(90)": 487.8575000000001,
      "p(95)": 717.8862999999998,
      "avg": 248.33780701970448,
      "min": 22.724,
      "med": 161.376,
      "thresholds": {
        "p(95)<600": true,
        "p(99)<2500": false,
        "p(100)<8000": false
      }
    },
    "data_sent": {
      "count": 1362360,
      "rate": 22323.867112001346
    },
    "http_req_receiving": {
      "avg": 0.057568596059113325,
      "min": 0.012,
      "med": 0.046,
      "max": 4.522,
      "p(90)": 0.097,
      "p(95)": 0.119
    },
    "vus": {
      "value": 15,
      "min": 15,
      "max": 40
    },
    "http_req_sending": {
      "avg": 0.01825246305418739,
      "min": 0.003,
      "med": 0.013,
      "max": 14.265,
      "p(90)": 0.026,
      "p(95)": 0.033
    },
    "http_req_waiting": {
      "min": 22.676,
      "med": 161.288,
      "max": 2593.868,
      "p(90)": 487.8217000000001,
      "p(95)": 717.8104999999998,
      "avg": 248.26198596059172
    }
  },
  "k6_matrix_warning": "k6 thresholds crossed; metrics preserved (exit 99)",
  "k6_matrix_status": "thresholds_crossed_with_metrics",
  "k6_matrix_exit_code": 99
}
