service,protocol,p50,p95,p99,max,rps
auth,http3,115.67150000000001,353.65269999999987,,4535.923,98.75970996612578
