service,protocol,p50,p95,p99,max,rps
gateway,http1.1,92.781,322.7707499999997,,1391.329,285.1066902438621
