service,protocol,p50,p95,p99,max,rps
listings,http1.1,56.498,366.33179999999993,,1837.164,61.135818716352645
