service,protocol,p50,p95,p99,max,rps
analytics,http2,57.323,413.64279999999997,,8457.373,85.95652060886432
