service,protocol,p50,p95,p99,max,rps
messaging,http3,16.738,123.01439999999994,,1552.5,19.784963812256382
