service,protocol,p50,p95,p99,max,rps
gateway,http2,155.147,379.4315999999999,,3636.748,171.8737462529185
