{
    "root_group": {
        "path": "",
        "id": "d41d8cd98f00b204e9800998ecf8427e",
        "groups": {},
        "checks": {
                "200": {
                    "name": "200",
                    "path": "::200",
                    "id": "4230b0c1b1cb609da348fcf04ffd96f4",
                    "passes": 454,
                    "fails": 0
                }
            },
        "name": ""
    },
    "metrics": {
        "http_req_waiting": {
            "avg": 171.35306607929516,
            "min": 21.633,
            "med": 160.73149999999998,
            "max": 441.105,
            "p(90)": 316.0135000000002,
            "p(95)": 365.66209999999995
        },
        "iterations": {
            "count": 454,
            "rate": 44.559697677173624
        },
        "checks": {
            "fails": 0,
            "passes": 454,
            "value": 1
        },
        "data_received": {
            "rate": 47425.259204448426,
            "count": 483196
        },
        "http_reqs": {
            "count": 454,
            "rate": 44.559697677173624
        },
        "iteration_duration": {
            "avg": 222.5954868766521,
            "min": 72.202208,
            "med": 211.56093750000002,
            "max": 491.698167,
            "p(90)": 366.47131260000015,
            "p(95)": 416.50078935
        },
        "vus": {
            "min": 10,
            "max": 10,
            "value": 10
        },
        "vus_max": {
            "min": 10,
            "max": 10,
            "value": 10
        },
        "http_req_blocked": {
            "avg": 0.616753303964757,
            "min": 0.001,
            "med": 0.004,
            "max": 34.053,
            "p(90)": 0.008,
            "p(95)": 0.01934999999999998
        },
        "http_req_connecting": {
            "max": 3.295,
            "p(90)": 0,
            "p(95)": 0,
            "avg": 0.035345814977973566,
            "min": 0,
            "med": 0
        },
        "http_req_sending": {
            "max": 0.353,
            "p(90)": 0.029,
            "p(95)": 0.03834999999999998,
            "avg": 0.01866299559471361,
            "min": 0.005,
            "med": 0.014499999999999999
        },
        "http_req_tls_handshaking": {
            "p(95)": 0,
            "avg": 0.4617555066079295,
            "min": 0,
            "med": 0,
            "max": 25.996,
            "p(90)": 0
        },
        "data_sent": {
            "count": 87976,
            "rate": 8634.766437989047
        },
        "http_req_duration": {
            "med": 160.792,
            "max": 441.217,
            "p(90)": 316.1059000000002,
            "p(95)": 365.76104999999995,
            "avg": 171.44195154185033,
            "min": 21.679,
            "thresholds": {
                "p(95)<800": false,
                "p(99)<3000": false,
                "p(100)<8000": false
            }
        },
        "http_req_duration{expected_response:true}": {
            "avg": 171.44195154185033,
            "min": 21.679,
            "med": 160.792,
            "max": 441.217,
            "p(90)": 316.1059000000002,
            "p(95)": 365.76104999999995
        },
        "http_req_receiving": {
            "p(90)": 0.1067,
            "p(95)": 0.13269999999999996,
            "avg": 0.07022246696035242,
            "min": 0.017,
            "med": 0.053,
            "max": 1.095
        },
        "http_req_failed": {
            "passes": 0,
            "fails": 454,
            "thresholds": {
                "rate<0.08": false
            },
            "value": 0
        }
    }
}