service,protocol,p50,p95,p99,max,rps
trust,http1.1,32.570499999999996,289.90545,,1533.004,61.91951288917912
