service,protocol,p50,p95,p99,max,rps
messaging,http3,24.823,246.31789999999975,,1249.962,19.961118936753937
