service,protocol,p50,p95,p99,max,rps
trust,http1.1,85.836,448.57099999999997,,2956.458,43.671568047365334
