{
    "root_group": {
        "id": "d41d8cd98f00b204e9800998ecf8427e",
        "groups": {},
        "checks": {
                "200": {
                    "name": "200",
                    "path": "::200",
                    "id": "4230b0c1b1cb609da348fcf04ffd96f4",
                    "passes": 11622,
                    "fails": 2
                }
            },
        "name": "",
        "path": ""
    },
    "metrics": {
        "http_req_duration": {
            "avg": 207.94080660702033,
            "min": 27.507,
            "med": 178.67200000000003,
            "max": 969.839,
            "p(90)": 341.8849,
            "p(95)": 463.7299499999998,
            "thresholds": {
                "p(100)<8000": false,
                "p(95)<800": false,
                "p(99)<3000": false
            }
        },
        "http_req_waiting": {
            "max": 969.757,
            "p(90)": 341.81919999999997,
            "p(95)": 463.66379999999987,
            "avg": 207.85732398485828,
            "min": 27.453,
            "med": 178.6115
        },
        "http_reqs": {
            "count": 11624,
            "rate": 193.14831926566418
        },
        "data_sent": {
            "count": 1845798,
            "rate": 30670.40445663493
        },
        "http_req_sending": {
            "min": 0.003,
            "med": 0.015,
            "max": 9.854,
            "p(90)": 0.025,
            "p(95)": 0.03,
            "avg": 0.023536562284926666
        },
        "vus_max": {
            "value": 50,
            "min": 50,
            "max": 50
        },
        "http_req_failed": {
            "passes": 2,
            "fails": 11622,
            "thresholds": {
                "rate<0.08": false
            },
            "value": 0.00017205781142463867
        },
        "http_req_tls_handshaking": {
            "avg": 0.1400593599449415,
            "min": 0,
            "med": 0,
            "max": 52.358,
            "p(90)": 0,
            "p(95)": 0
        },
        "http_req_duration{expected_response:true}": {
            "med": 178.686,
            "max": 969.839,
            "p(90)": 341.89230000000003,
            "p(95)": 463.76264999999984,
            "avg": 207.9627677680265,
            "min": 27.507
        },
        "http_req_connecting": {
            "avg": 0.019957501720578114,
            "min": 0,
            "med": 0,
            "max": 5.746,
            "p(90)": 0,
            "p(95)": 0
        },
        "iteration_duration": {
            "p(95)": 514.1765516999999,
            "avg": 258.5329082679796,
            "min": 77.856083,
            "med": 229.205646,
            "max": 1020.0035,
            "p(90)": 392.6093669
        },
        "iterations": {
            "count": 11624,
            "rate": 193.14831926566418
        },
        "http_req_blocked": {
            "p(90)": 0.007,
            "p(95)": 0.009,
            "avg": 0.1824948382656709,
            "min": 0.001,
            "med": 0.004,
            "max": 60.375
        },
        "vus": {
            "value": 50,
            "min": 50,
            "max": 50
        },
        "data_received": {
            "count": 13622006,
            "rate": 226347.86337979982
        },
        "http_req_receiving": {
            "max": 7.678,
            "p(90)": 0.09,
            "p(95)": 0.105,
            "avg": 0.059946059876117515,
            "min": 0.015,
            "med": 0.05
        },
        "checks": {
            "fails": 2,
            "passes": 11622,
            "value": 0.9998279421885754
        }
    }
}