{
    "root_group": {
        "checks": {
            "200": {
                "path": "::200",
                "id": "4230b0c1b1cb609da348fcf04ffd96f4",
                "passes": 6467,
                "fails": 0,
                "name": "200"
            }
        },
        "name": "",
        "path": "",
        "id": "d41d8cd98f00b204e9800998ecf8427e",
        "groups": {}
    },
    "metrics": {
        "vus_max": {
            "max": 40,
            "value": 40,
            "min": 40
        },
        "http_req_tls_handshaking": {
            "p(90)": 0,
            "p(95)": 0,
            "avg": 0.2578071748878923,
            "min": 0,
            "med": 0,
            "max": 74.835
        },
        "http_req_blocked": {
            "avg": 0.3171048399566947,
            "min": 0.001,
            "med": 0.004,
            "max": 82.386,
            "p(90)": 0.008,
            "p(95)": 0.01
        },
        "http_req_sending": {
            "p(95)": 0.033,
            "avg": 0.020070357198083037,
            "min": 0.003,
            "med": 0.015,
            "max": 4.185,
            "p(90)": 0.027
        },
        "http_req_connecting": {
            "avg": 0.03702056595020875,
            "min": 0,
            "med": 0,
            "max": 11.51,
            "p(90)": 0,
            "p(95)": 0
        },
        "http_reqs": {
            "count": 6467,
            "rate": 107.38825195439313
        },
        "checks": {
            "passes": 6467,
            "fails": 0,
            "value": 1
        },
        "http_req_failed": {
            "passes": 0,
            "fails": 6467,
            "thresholds": {
                "rate<0.05": false
            },
            "value": 0
        },
        "http_req_duration": {
            "avg": 290.9317329519083,
            "min": 24.49,
            "med": 189.607,
            "max": 4407.947,
            "p(90)": 520.7578,
            "p(95)": 732.2277,
            "thresholds": {
                "p(95)<1200": false,
                "p(99)<4000": false,
                "p(100)<8000": false
            }
        },
        "iteration_duration": {
            "p(95)": 813.6257587999999,
            "avg": 371.8252289185103,
            "min": 105.174709,
            "med": 270.237666,
            "max": 4488.449416,
            "p(90)": 601.0623916
        },
        "http_req_duration{expected_response:true}": {
            "med": 189.607,
            "max": 4407.947,
            "p(90)": 520.7578,
            "p(95)": 732.2277,
            "avg": 290.9317329519083,
            "min": 24.49
        },
        "http_req_receiving": {
            "p(90)": 0.095,
            "p(95)": 0.112,
            "avg": 0.06122839028915998,
            "min": 0.015,
            "med": 0.051,
            "max": 2.759
        },
        "data_received": {
            "count": 7344721,
            "rate": 121963.31363580056
        },
        "vus": {
            "value": 40,
            "min": 40,
            "max": 40
        },
        "http_req_waiting": {
            "p(90)": 520.7034,
            "p(95)": 732.1289999999999,
            "avg": 290.85043420442275,
            "min": 24.428,
            "med": 189.485,
            "max": 4407.806
        },
        "data_sent": {
            "count": 1246621,
            "rate": 20700.8582093146
        },
        "iterations": {
            "rate": 107.38825195439313,
            "count": 6467
        }
    }
}