{
    "metrics": {
        "iterations": {
            "count": 6345,
            "rate": 105.4594118635805
        },
        "checks": {
            "passes": 6344,
            "fails": 1,
            "value": 0.9998423955870764
        },
        "http_req_duration{expected_response:true}": {
            "avg": 203.07983086380872,
            "min": 9.636,
            "med": 137.1925,
            "max": 2017.349,
            "p(90)": 418.5597000000001,
            "p(95)": 576.3626499999999
        },
        "http_req_waiting": {
            "min": 9.595,
            "med": 137.153,
            "max": 2017.259,
            "p(90)": 418.5752,
            "p(95)": 576.2685999999999,
            "avg": 203.03813979511324
        },
        "data_sent": {
            "count": 1208505,
            "rate": 20086.402921071134
        },
        "vus_max": {
            "value": 30,
            "min": 30,
            "max": 30
        },
        "http_req_tls_handshaking": {
            "med": 0,
            "max": 86.52,
            "p(90)": 0,
            "p(95)": 0,
            "avg": 0.2871044917257683,
            "min": 0
        },
        "vus": {
            "max": 30,
            "value": 30,
            "min": 30
        },
        "data_received": {
            "count": 7187031,
            "rate": 119454.69855087799
        },
        "http_req_blocked": {
            "max": 99.173,
            "p(90)": 0.008,
            "p(95)": 0.009,
            "avg": 0.3498795902285392,
            "min": 0.001,
            "med": 0.004
        },
        "http_reqs": {
            "count": 6345,
            "rate": 105.4594118635805
        },
        "http_req_receiving": {
            "avg": 0.06248242710795872,
            "min": 0.014,
            "med": 0.053,
            "max": 2.768,
            "p(90)": 0.093,
            "p(95)": 0.108
        },
        "http_req_connecting": {
            "max": 8.946,
            "p(90)": 0,
            "p(95)": 0,
            "avg": 0.03345784081954294,
            "min": 0,
            "med": 0
        },
        "http_req_sending": {
            "max": 2.523,
            "p(90)": 0.027,
            "p(95)": 0.032,
            "avg": 0.01878912529550875,
            "min": 0.004,
            "med": 0.016
        },
        "iteration_duration": {
            "max": 2097.673042,
            "p(90)": 499.65699159999997,
            "p(95)": 657.3472422,
            "avg": 284.07331791914964,
            "min": 89.89275,
            "med": 218.087083
        },
        "http_req_failed": {
            "passes": 1,
            "fails": 6344,
            "thresholds": {
                "rate<0.05": false
            },
            "value": 0.00015760441292356187
        },
        "http_req_duration": {
            "min": 9.636,
            "med": 137.196,
            "max": 2017.349,
            "p(90)": 418.65000000000003,
            "p(95)": 576.3471999999999,
            "avg": 203.1194113475181,
            "thresholds": {
                "p(95)<1200": false,
                "p(99)<4000": false,
                "p(100)<8000": false
            }
        }
    },
    "root_group": {
        "name": "",
        "path": "",
        "id": "d41d8cd98f00b204e9800998ecf8427e",
        "groups": {},
        "checks": {
                "200": {
                    "name": "200",
                    "path": "::200",
                    "id": "4230b0c1b1cb609da348fcf04ffd96f4",
                    "passes": 6344,
                    "fails": 1
                }
            }
    }
}