service,protocol,p50,p95,p99,max,rps
analytics,http3,35.144,416.9473999999999,,226225.113,10.829219735353865
