service,protocol,p50,p95,p99,max,rps
listings,http2,356.95550000000003,4194.457249999994,,5181.187,13.62559057202565
