service,protocol,p50,p95,p99,max,rps
event-layer,http2,138.494,513.5591999999999,,5055.529,38.71282471963548
