{
    "root_group": {
        "id": "d41d8cd98f00b204e9800998ecf8427e",
        "groups": {},
        "checks": {
                "200": {
                    "name": "200",
                    "path": "::200",
                    "id": "4230b0c1b1cb609da348fcf04ffd96f4",
                    "passes": 349,
                    "fails": 0
                }
            },
        "name": "",
        "path": ""
    },
    "metrics": {
        "vus": {
            "value": 10,
            "min": 10,
            "max": 10
        },
        "iterations": {
            "count": 349,
            "rate": 34.37943349392174
        },
        "http_req_duration{expected_response:true}": {
            "avg": 207.30638108882536,
            "min": 31.524,
            "med": 153.786,
            "max": 1003.977,
            "p(90)": 384.00700000000006,
            "p(95)": 573.85
        },
        "http_req_tls_handshaking": {
            "avg": 0.5080773638968481,
            "min": 0,
            "med": 0,
            "max": 21.176,
            "p(90)": 0,
            "p(95)": 0
        },
        "data_sent": {
            "count": 30943,
            "rate": 3048.145589118683
        },
        "http_req_failed": {
            "passes": 0,
            "fails": 349,
            "thresholds": {
                "rate<0.05": false
            },
            "value": 0
        },
        "http_reqs": {
            "count": 349,
            "rate": 34.37943349392174
        },
        "data_received": {
            "count": 80596,
            "rate": 7939.383443771107
        },
        "http_req_blocked": {
            "avg": 0.6795042979942718,
            "min": 0,
            "med": 0.001,
            "max": 27.484,
            "p(90)": 0.001,
            "p(95)": 0.001
        },
        "http_req_receiving": {
            "med": 0.056,
            "max": 2.052,
            "p(90)": 0.097,
            "p(95)": 0.13239999999999993,
            "avg": 0.06955873925501432,
            "min": 0.016
        },
        "http_req_connecting": {
            "max": 3.176,
            "p(90)": 0,
            "p(95)": 0,
            "avg": 0.07813753581661892,
            "min": 0,
            "med": 0
        },
        "checks": {
            "fails": 0,
            "passes": 349,
            "value": 1
        },
        "http_req_waiting": {
            "p(95)": 573.771,
            "avg": 207.1497650429801,
            "min": 31.452,
            "med": 153.656,
            "max": 1003.84,
            "p(90)": 383.87460000000004
        },
        "http_req_duration": {
            "min": 31.524,
            "med": 153.786,
            "max": 1003.977,
            "p(90)": 384.00700000000006,
            "p(95)": 573.85,
            "avg": 207.30638108882536,
            "thresholds": {
                "p(95)<800": false,
                "p(99)<2000": false,
                "p(100)<5000": false
            }
        },
        "http_req_sending": {
            "avg": 0.08705730659025783,
            "min": 0.02,
            "med": 0.064,
            "max": 3.694,
            "p(90)": 0.11220000000000001,
            "p(95)": 0.13
        },
        "iteration_duration": {
            "p(90)": 469.7341582,
            "p(95)": 654.4876752,
            "avg": 288.670613415473,
            "min": 111.92325,
            "med": 234.24825,
            "max": 1085.255417
        },
        "vus_max": {
            "max": 10,
            "value": 10,
            "min": 10
        }
    }
}