{
    "metrics": {
        "http_req_receiving": {
            "max": 3.994,
            "p(90)": 0.102,
            "p(95)": 0.147,
            "avg": 0.06057881893606591,
            "min": 0.012,
            "med": 0.045
        },
        "http_req_connecting": {
            "p(90)": 0,
            "p(95)": 0,
            "avg": 0.01706532803458133,
            "min": 0,
            "med": 0,
            "max": 5.524
        },
        "checks": {
            "passes": 14339,
            "fails": 4,
            "value": 0.9997211183155547
        },
        "iterations": {
            "count": 14343,
            "rate": 238.59625752046904
        },
        "http_reqs": {
            "rate": 238.59625752046904,
            "count": 14343
        },
        "vus": {
            "min": 60,
            "max": 60,
            "value": 60
        },
        "http_req_duration{expected_response:true}": {
            "p(90)": 288.87640000000005,
            "p(95)": 336.15669999999994,
            "avg": 200.74987265499675,
            "min": 35,
            "med": 161.956,
            "max": 5210.691
        },
        "http_req_blocked": {
            "med": 0,
            "max": 66.233,
            "p(90)": 0.001,
            "p(95)": 0.001,
            "avg": 0.18306407306709077,
            "min": 0
        },
        "http_req_failed": {
            "fails": 14339,
            "passes": 4,
            "thresholds": {
                "rate<0.08": false
            },
            "value": 0.00027888168444537405
        },
        "http_req_sending": {
            "avg": 0.05352046294359516,
            "min": 0.015,
            "med": 0.046,
            "max": 0.81,
            "p(90)": 0.09,
            "p(95)": 0.103
        },
        "data_sent": {
            "count": 656856,
            "rate": 10926.820283752717
        },
        "vus_max": {
            "value": 60,
            "min": 60,
            "max": 60
        },
        "http_req_tls_handshaking": {
            "p(90)": 0,
            "p(95)": 0,
            "avg": 0.14335843268493342,
            "min": 0,
            "med": 0,
            "max": 56.343
        },
        "http_req_duration": {
            "min": 31.907,
            "med": 161.938,
            "max": 5210.691,
            "p(90)": 288.8202,
            "p(95)": 336.1081999999997,
            "avg": 200.70794164400738,
            "thresholds": {
                "p(95)<800": false,
                "p(99)<3000": false,
                "p(100)<8000": false
            }
        },
        "data_received": {
            "count": 3939025,
            "rate": 65525.80515091442
        },
        "iteration_duration": {
            "avg": 251.2203929434563,
            "min": 82.858459,
            "med": 212.701084,
            "max": 5261.0855,
            "p(90)": 339.3802920000001,
            "p(95)": 386.49555
        },
        "http_req_waiting": {
            "min": 31.452,
            "med": 161.799,
            "max": 5210.483,
            "p(90)": 288.73040000000003,
            "p(95)": 336.0115999999997,
            "avg": 200.5938423621276
        }
    },
    "root_group": {
        "id": "d41d8cd98f00b204e9800998ecf8427e",
        "groups": {},
        "checks": {
                "200": {
                    "name": "200",
                    "path": "::200",
                    "id": "4230b0c1b1cb609da348fcf04ffd96f4",
                    "passes": 14339,
                    "fails": 4
                }
            },
        "name": "",
        "path": ""
    }
}