service,protocol,p50,p95,p99,max,rps
auth,http1.1,27.9,91.38874999999996,,255.953,114.47498949563777
