service,protocol,p50,p95,p99,max,rps
listings,http3,48.255,263.33119999999985,,1250.694,146.16558747935488
